"date","types","activities","heartRateStressScore","powerStressScore","runningStressScore","swimStressScore","finalStressScore","ctl","atl","tsb","zone","athleteSettings"
"2010-08-04","","","","","",,"",0,0,0,"Neutral",""
"2010-08-05","Ride","Vancouver Time Trail","","","",,"",0,0,0,"Neutral","Weight 70kg."
"2010-08-06","","","","","",,"",0,0,0,"Neutral",""
"2010-08-07","","","","","",,"",0,0,0,"Neutral",""
"2010-08-08","","","","","",,"",0,0,0,"Neutral",""
"2010-08-09","","","","","",,"",0,0,0,"Neutral",""
"2010-08-10","","","","","",,"",0,0,0,"Neutral",""
"2010-08-11","","","","","",,"",0,0,0,"Neutral",""
"2010-08-12","","","","","",,"",0,0,0,"Neutral",""
"2010-08-13","","","","","",,"",0,0,0,"Neutral",""
"2010-08-14","","","","","",,"",0,0,0,"Neutral",""
"2010-08-15","","","","","",,"",0,0,0,"Neutral",""
"2010-08-16","","","","","",,"",0,0,0,"Neutral",""
"2010-08-17","","","","","",,"",0,0,0,"Neutral",""
"2010-08-18","","","","","",,"",0,0,0,"Neutral",""
"2010-08-19","","","","","",,"",0,0,0,"Neutral",""
"2010-08-20","","","","","",,"",0,0,0,"Neutral",""
"2010-08-21","","","","","",,"",0,0,0,"Neutral",""
"2010-08-22","","","","","",,"",0,0,0,"Neutral",""
"2010-08-23","","","","","",,"",0,0,0,"Neutral",""
"2010-08-24","","","","","",,"",0,0,0,"Neutral",""
"2010-08-25","","","","","",,"",0,0,0,"Neutral",""
"2010-08-26","","","","","",,"",0,0,0,"Neutral",""
"2010-08-27","","","","","",,"",0,0,0,"Neutral",""
"2010-08-28","","","","","",,"",0,0,0,"Neutral",""
"2010-08-29","","","","","",,"",0,0,0,"Neutral",""
"2010-08-30","","","","","",,"",0,0,0,"Neutral",""
"2010-08-31","","","","","",,"",0,0,0,"Neutral",""
"2010-09-01","","","","","",,"",0,0,0,"Neutral",""
"2010-09-02","","","","","",,"",0,0,0,"Neutral",""
"2010-09-03","","","","","",,"",0,0,0,"Neutral",""
"2010-09-04","","","","","",,"",0,0,0,"Neutral",""
"2010-09-05","","","","","",,"",0,0,0,"Neutral",""
"2010-09-06","","","","","",,"",0,0,0,"Neutral",""
"2010-09-07","","","","","",,"",0,0,0,"Neutral",""
"2010-09-08","","","","","",,"",0,0,0,"Neutral",""
"2010-09-09","","","","","",,"",0,0,0,"Neutral",""
"2010-09-10","","","","","",,"",0,0,0,"Neutral",""
"2010-09-11","","","","","",,"",0,0,0,"Neutral",""
"2010-09-12","","","","","",,"",0,0,0,"Neutral",""
"2010-09-13","","","","","",,"",0,0,0,"Neutral",""
"2010-09-14","","","","","",,"",0,0,0,"Neutral",""
"2010-09-15","","","","","",,"",0,0,0,"Neutral",""
"2010-09-16","","","","","",,"",0,0,0,"Neutral",""
"2010-09-17","","","","","",,"",0,0,0,"Neutral",""
"2010-09-18","","","","","",,"",0,0,0,"Neutral",""
"2010-09-19","","","","","",,"",0,0,0,"Neutral",""
"2010-09-20","","","","","",,"",0,0,0,"Neutral",""
"2010-09-21","","","","","",,"",0,0,0,"Neutral",""
"2010-09-22","","","","","",,"",0,0,0,"Neutral",""
"2010-09-23","","","","","",,"",0,0,0,"Neutral",""
"2010-09-24","","","","","",,"",0,0,0,"Neutral",""
"2010-09-25","","","","","",,"",0,0,0,"Neutral",""
"2010-09-26","","","","","",,"",0,0,0,"Neutral",""
"2010-09-27","","","","","",,"",0,0,0,"Neutral",""
"2010-09-28","","","","","",,"",0,0,0,"Neutral",""
"2010-09-29","","","","","",,"",0,0,0,"Neutral",""
"2010-09-30","","","","","",,"",0,0,0,"Neutral",""
"2010-10-01","","","","","",,"",0,0,0,"Neutral",""
"2010-10-02","","","","","",,"",0,0,0,"Neutral",""
"2010-10-03","","","","","",,"",0,0,0,"Neutral",""
"2010-10-04","","","","","",,"",0,0,0,"Neutral",""
"2010-10-05","","","","","",,"",0,0,0,"Neutral",""
"2010-10-06","","","","","",,"",0,0,0,"Neutral",""
"2010-10-07","","","","","",,"",0,0,0,"Neutral",""
"2010-10-08","","","","","",,"",0,0,0,"Neutral",""
"2010-10-09","","","","","",,"",0,0,0,"Neutral",""
"2010-10-10","","","","","",,"",0,0,0,"Neutral",""
"2010-10-11","","","","","",,"",0,0,0,"Neutral",""
"2010-10-12","","","","","",,"",0,0,0,"Neutral",""
"2010-10-13","","","","","",,"",0,0,0,"Neutral",""
"2010-10-14","","","","","",,"",0,0,0,"Neutral",""
"2010-10-15","","","","","",,"",0,0,0,"Neutral",""
"2010-10-16","","","","","",,"",0,0,0,"Neutral",""
"2010-10-17","","","","","",,"",0,0,0,"Neutral",""
"2010-10-18","","","","","",,"",0,0,0,"Neutral",""
"2010-10-19","","","","","",,"",0,0,0,"Neutral",""
"2010-10-20","","","","","",,"",0,0,0,"Neutral",""
"2010-10-21","","","","","",,"",0,0,0,"Neutral",""
"2010-10-22","","","","","",,"",0,0,0,"Neutral",""
"2010-10-23","","","","","",,"",0,0,0,"Neutral",""
"2010-10-24","","","","","",,"",0,0,0,"Neutral",""
"2010-10-25","","","","","",,"",0,0,0,"Neutral",""
"2010-10-26","","","","","",,"",0,0,0,"Neutral",""
"2010-10-27","","","","","",,"",0,0,0,"Neutral",""
"2010-10-28","","","","","",,"",0,0,0,"Neutral",""
"2010-10-29","","","","","",,"",0,0,0,"Neutral",""
"2010-10-30","","","","","",,"",0,0,0,"Neutral",""
"2010-10-31","","","","","",,"",0,0,0,"Neutral",""
"2010-11-01","","","","","",,"",0,0,0,"Neutral",""
"2010-11-02","","","","","",,"",0,0,0,"Neutral",""
"2010-11-03","","","","","",,"",0,0,0,"Neutral",""
"2010-11-04","","","","","",,"",0,0,0,"Neutral",""
"2010-11-05","","","","","",,"",0,0,0,"Neutral",""
"2010-11-06","","","","","",,"",0,0,0,"Neutral",""
"2010-11-07","","","","","",,"",0,0,0,"Neutral",""
"2010-11-08","","","","","",,"",0,0,0,"Neutral",""
"2010-11-09","","","","","",,"",0,0,0,"Neutral",""
"2010-11-10","","","","","",,"",0,0,0,"Neutral",""
"2010-11-11","","","","","",,"",0,0,0,"Neutral",""
"2010-11-12","","","","","",,"",0,0,0,"Neutral",""
"2010-11-13","","","","","",,"",0,0,0,"Neutral",""
"2010-11-14","","","","","",,"",0,0,0,"Neutral",""
"2010-11-15","","","","","",,"",0,0,0,"Neutral",""
"2010-11-16","","","","","",,"",0,0,0,"Neutral",""
"2010-11-17","","","","","",,"",0,0,0,"Neutral",""
"2010-11-18","","","","","",,"",0,0,0,"Neutral",""
"2010-11-19","","","","","",,"",0,0,0,"Neutral",""
"2010-11-20","","","","","",,"",0,0,0,"Neutral",""
"2010-11-21","","","","","",,"",0,0,0,"Neutral",""
"2010-11-22","","","","","",,"",0,0,0,"Neutral",""
"2010-11-23","","","","","",,"",0,0,0,"Neutral",""
"2010-11-24","","","","","",,"",0,0,0,"Neutral",""
"2010-11-25","","","","","",,"",0,0,0,"Neutral",""
"2010-11-26","","","","","",,"",0,0,0,"Neutral",""
"2010-11-27","","","","","",,"",0,0,0,"Neutral",""
"2010-11-28","","","","","",,"",0,0,0,"Neutral",""
"2010-11-29","","","","","",,"",0,0,0,"Neutral",""
"2010-11-30","","","","","",,"",0,0,0,"Neutral",""
"2010-12-01","","","","","",,"",0,0,0,"Neutral",""
"2010-12-02","","","","","",,"",0,0,0,"Neutral",""
"2010-12-03","","","","","",,"",0,0,0,"Neutral",""
"2010-12-04","","","","","",,"",0,0,0,"Neutral",""
"2010-12-05","","","","","",,"",0,0,0,"Neutral",""
"2010-12-06","","","","","",,"",0,0,0,"Neutral",""
"2010-12-07","","","","","",,"",0,0,0,"Neutral",""
"2010-12-08","","","","","",,"",0,0,0,"Neutral",""
"2010-12-09","","","","","",,"",0,0,0,"Neutral",""
"2010-12-10","","","","","",,"",0,0,0,"Neutral",""
"2010-12-11","","","","","",,"",0,0,0,"Neutral",""
"2010-12-12","","","","","",,"",0,0,0,"Neutral",""
"2010-12-13","","","","","",,"",0,0,0,"Neutral",""
"2010-12-14","","","","","",,"",0,0,0,"Neutral",""
"2010-12-15","","","","","",,"",0,0,0,"Neutral",""
"2010-12-16","","","","","",,"",0,0,0,"Neutral",""
"2010-12-17","","","","","",,"",0,0,0,"Neutral",""
"2010-12-18","","","","","",,"",0,0,0,"Neutral",""
"2010-12-19","","","","","",,"",0,0,0,"Neutral",""
"2010-12-20","","","","","",,"",0,0,0,"Neutral",""
"2010-12-21","","","","","",,"",0,0,0,"Neutral",""
"2010-12-22","","","","","",,"",0,0,0,"Neutral",""
"2010-12-23","","","","","",,"",0,0,0,"Neutral",""
"2010-12-24","","","","","",,"",0,0,0,"Neutral",""
"2010-12-25","","","","","",,"",0,0,0,"Neutral",""
"2010-12-26","","","","","",,"",0,0,0,"Neutral",""
"2010-12-27","","","","","",,"",0,0,0,"Neutral",""
"2010-12-28","","","","","",,"",0,0,0,"Neutral",""
"2010-12-29","","","","","",,"",0,0,0,"Neutral",""
"2010-12-30","","","","","",,"",0,0,0,"Neutral",""
"2010-12-31","","","","","",,"",0,0,0,"Neutral",""
"2011-01-01","","","","","",,"",0,0,0,"Neutral",""
"2011-01-02","","","","","",,"",0,0,0,"Neutral",""
"2011-01-03","","","","","",,"",0,0,0,"Neutral",""
"2011-01-04","","","","","",,"",0,0,0,"Neutral",""
"2011-01-05","","","","","",,"",0,0,0,"Neutral",""
"2011-01-06","","","","","",,"",0,0,0,"Neutral",""
"2011-01-07","","","","","",,"",0,0,0,"Neutral",""
"2011-01-08","","","","","",,"",0,0,0,"Neutral",""
"2011-01-09","","","","","",,"",0,0,0,"Neutral",""
"2011-01-10","","","","","",,"",0,0,0,"Neutral",""
"2011-01-11","","","","","",,"",0,0,0,"Neutral",""
"2011-01-12","","","","","",,"",0,0,0,"Neutral",""
"2011-01-13","","","","","",,"",0,0,0,"Neutral",""
"2011-01-14","","","","","",,"",0,0,0,"Neutral",""
"2011-01-15","","","","","",,"",0,0,0,"Neutral",""
"2011-01-16","","","","","",,"",0,0,0,"Neutral",""
"2011-01-17","","","","","",,"",0,0,0,"Neutral",""
"2011-01-18","","","","","",,"",0,0,0,"Neutral",""
"2011-01-19","","","","","",,"",0,0,0,"Neutral",""
"2011-01-20","","","","","",,"",0,0,0,"Neutral",""
"2011-01-21","","","","","",,"",0,0,0,"Neutral",""
"2011-01-22","","","","","",,"",0,0,0,"Neutral",""
"2011-01-23","","","","","",,"",0,0,0,"Neutral",""
"2011-01-24","","","","","",,"",0,0,0,"Neutral",""
"2011-01-25","","","","","",,"",0,0,0,"Neutral",""
"2011-01-26","","","","","",,"",0,0,0,"Neutral",""
"2011-01-27","","","","","",,"",0,0,0,"Neutral",""
"2011-01-28","","","","","",,"",0,0,0,"Neutral",""
"2011-01-29","","","","","",,"",0,0,0,"Neutral",""
"2011-01-30","","","","","",,"",0,0,0,"Neutral",""
"2011-01-31","","","","","",,"",0,0,0,"Neutral",""
"2011-02-01","","","","","",,"",0,0,0,"Neutral",""
"2011-02-02","","","","","",,"",0,0,0,"Neutral",""
"2011-02-03","","","","","",,"",0,0,0,"Neutral",""
"2011-02-04","","","","","",,"",0,0,0,"Neutral",""
"2011-02-05","","","","","",,"",0,0,0,"Neutral",""
"2011-02-06","","","","","",,"",0,0,0,"Neutral",""
"2011-02-07","","","","","",,"",0,0,0,"Neutral",""
"2011-02-08","","","","","",,"",0,0,0,"Neutral",""
"2011-02-09","","","","","",,"",0,0,0,"Neutral",""
"2011-02-10","","","","","",,"",0,0,0,"Neutral",""
"2011-02-11","","","","","",,"",0,0,0,"Neutral",""
"2011-02-12","","","","","",,"",0,0,0,"Neutral",""
"2011-02-13","","","","","",,"",0,0,0,"Neutral",""
"2011-02-14","","","","","",,"",0,0,0,"Neutral",""
"2011-02-15","","","","","",,"",0,0,0,"Neutral",""
"2011-02-16","","","","","",,"",0,0,0,"Neutral",""
"2011-02-17","","","","","",,"",0,0,0,"Neutral",""
"2011-02-18","","","","","",,"",0,0,0,"Neutral",""
"2011-02-19","","","","","",,"",0,0,0,"Neutral",""
"2011-02-20","","","","","",,"",0,0,0,"Neutral",""
"2011-02-21","","","","","",,"",0,0,0,"Neutral",""
"2011-02-22","","","","","",,"",0,0,0,"Neutral",""
"2011-02-23","","","","","",,"",0,0,0,"Neutral",""
"2011-02-24","","","","","",,"",0,0,0,"Neutral",""
"2011-02-25","","","","","",,"",0,0,0,"Neutral",""
"2011-02-26","","","","","",,"",0,0,0,"Neutral",""
"2011-02-27","","","","","",,"",0,0,0,"Neutral",""
"2011-02-28","","","","","",,"",0,0,0,"Neutral",""
"2011-03-01","","","","","",,"",0,0,0,"Neutral",""
"2011-03-02","","","","","",,"",0,0,0,"Neutral",""
"2011-03-03","","","","","",,"",0,0,0,"Neutral",""
"2011-03-04","","","","","",,"",0,0,0,"Neutral",""
"2011-03-05","","","","","",,"",0,0,0,"Neutral",""
"2011-03-06","","","","","",,"",0,0,0,"Neutral",""
"2011-03-07","","","","","",,"",0,0,0,"Neutral",""
"2011-03-08","","","","","",,"",0,0,0,"Neutral",""
"2011-03-09","","","","","",,"",0,0,0,"Neutral",""
"2011-03-10","","","","","",,"",0,0,0,"Neutral",""
"2011-03-11","","","","","",,"",0,0,0,"Neutral",""
"2011-03-12","","","","","",,"",0,0,0,"Neutral",""
"2011-03-13","","","","","",,"",0,0,0,"Neutral",""
"2011-03-14","","","","","",,"",0,0,0,"Neutral",""
"2011-03-15","","","","","",,"",0,0,0,"Neutral",""
"2011-03-16","","","","","",,"",0,0,0,"Neutral",""
"2011-03-17","","","","","",,"",0,0,0,"Neutral",""
"2011-03-18","","","","","",,"",0,0,0,"Neutral",""
"2011-03-19","","","","","",,"",0,0,0,"Neutral",""
"2011-03-20","","","","","",,"",0,0,0,"Neutral",""
"2011-03-21","","","","","",,"",0,0,0,"Neutral",""
"2011-03-22","","","","","",,"",0,0,0,"Neutral",""
"2011-03-23","","","","","",,"",0,0,0,"Neutral",""
"2011-03-24","","","","","",,"",0,0,0,"Neutral",""
"2011-03-25","","","","","",,"",0,0,0,"Neutral",""
"2011-03-26","","","","","",,"",0,0,0,"Neutral",""
"2011-03-27","","","","","",,"",0,0,0,"Neutral",""
"2011-03-28","","","","","",,"",0,0,0,"Neutral",""
"2011-03-29","","","","","",,"",0,0,0,"Neutral",""
"2011-03-30","","","","","",,"",0,0,0,"Neutral",""
"2011-03-31","","","","","",,"",0,0,0,"Neutral",""
"2011-04-01","","","","","",,"",0,0,0,"Neutral",""
"2011-04-02","","","","","",,"",0,0,0,"Neutral",""
"2011-04-03","","","","","",,"",0,0,0,"Neutral",""
"2011-04-04","","","","","",,"",0,0,0,"Neutral",""
"2011-04-05","","","","","",,"",0,0,0,"Neutral",""
"2011-04-06","","","","","",,"",0,0,0,"Neutral",""
"2011-04-07","","","","","",,"",0,0,0,"Neutral",""
"2011-04-08","","","","","",,"",0,0,0,"Neutral",""
"2011-04-09","","","","","",,"",0,0,0,"Neutral",""
"2011-04-10","","","","","",,"",0,0,0,"Neutral",""
"2011-04-11","","","","","",,"",0,0,0,"Neutral",""
"2011-04-12","","","","","",,"",0,0,0,"Neutral",""
"2011-04-13","","","","","",,"",0,0,0,"Neutral",""
"2011-04-14","","","","","",,"",0,0,0,"Neutral",""
"2011-04-15","","","","","",,"",0,0,0,"Neutral",""
"2011-04-16","","","","","",,"",0,0,0,"Neutral",""
"2011-04-17","","","","","",,"",0,0,0,"Neutral",""
"2011-04-18","","","","","",,"",0,0,0,"Neutral",""
"2011-04-19","","","","","",,"",0,0,0,"Neutral",""
"2011-04-20","","","","","",,"",0,0,0,"Neutral",""
"2011-04-21","","","","","",,"",0,0,0,"Neutral",""
"2011-04-22","","","","","",,"",0,0,0,"Neutral",""
"2011-04-23","","","","","",,"",0,0,0,"Neutral",""
"2011-04-24","","","","","",,"",0,0,0,"Neutral",""
"2011-04-25","","","","","",,"",0,0,0,"Neutral",""
"2011-04-26","","","","","",,"",0,0,0,"Neutral",""
"2011-04-27","","","","","",,"",0,0,0,"Neutral",""
"2011-04-28","","","","","",,"",0,0,0,"Neutral",""
"2011-04-29","","","","","",,"",0,0,0,"Neutral",""
"2011-04-30","","","","","",,"",0,0,0,"Neutral",""
"2011-05-01","","","","","",,"",0,0,0,"Neutral",""
"2011-05-02","","","","","",,"",0,0,0,"Neutral",""
"2011-05-03","","","","","",,"",0,0,0,"Neutral",""
"2011-05-04","","","","","",,"",0,0,0,"Neutral",""
"2011-05-05","","","","","",,"",0,0,0,"Neutral",""
"2011-05-06","","","","","",,"",0,0,0,"Neutral",""
"2011-05-07","","","","","",,"",0,0,0,"Neutral",""
"2011-05-08","","","","","",,"",0,0,0,"Neutral",""
"2011-05-09","","","","","",,"",0,0,0,"Neutral",""
"2011-05-10","","","","","",,"",0,0,0,"Neutral",""
"2011-05-11","","","","","",,"",0,0,0,"Neutral",""
"2011-05-12","","","","","",,"",0,0,0,"Neutral",""
"2011-05-13","","","","","",,"",0,0,0,"Neutral",""
"2011-05-14","","","","","",,"",0,0,0,"Neutral",""
"2011-05-15","","","","","",,"",0,0,0,"Neutral",""
"2011-05-16","","","","","",,"",0,0,0,"Neutral",""
"2011-05-17","","","","","",,"",0,0,0,"Neutral",""
"2011-05-18","","","","","",,"",0,0,0,"Neutral",""
"2011-05-19","","","","","",,"",0,0,0,"Neutral",""
"2011-05-20","","","","","",,"",0,0,0,"Neutral",""
"2011-05-21","","","","","",,"",0,0,0,"Neutral",""
"2011-05-22","","","","","",,"",0,0,0,"Neutral",""
"2011-05-23","","","","","",,"",0,0,0,"Neutral",""
"2011-05-24","","","","","",,"",0,0,0,"Neutral",""
"2011-05-25","","","","","",,"",0,0,0,"Neutral",""
"2011-05-26","","","","","",,"",0,0,0,"Neutral",""
"2011-05-27","","","","","",,"",0,0,0,"Neutral",""
"2011-05-28","","","","","",,"",0,0,0,"Neutral",""
"2011-05-29","","","","","",,"",0,0,0,"Neutral",""
"2011-05-30","","","","","",,"",0,0,0,"Neutral",""
"2011-05-31","","","","","",,"",0,0,0,"Neutral",""
"2011-06-01","","","","","",,"",0,0,0,"Neutral",""
"2011-06-02","","","","","",,"",0,0,0,"Neutral",""
"2011-06-03","","","","","",,"",0,0,0,"Neutral",""
"2011-06-04","","","","","",,"",0,0,0,"Neutral",""
"2011-06-05","","","","","",,"",0,0,0,"Neutral",""
"2011-06-06","","","","","",,"",0,0,0,"Neutral",""
"2011-06-07","","","","","",,"",0,0,0,"Neutral",""
"2011-06-08","","","","","",,"",0,0,0,"Neutral",""
"2011-06-09","","","","","",,"",0,0,0,"Neutral",""
"2011-06-10","","","","","",,"",0,0,0,"Neutral",""
"2011-06-11","","","","","",,"",0,0,0,"Neutral",""
"2011-06-12","","","","","",,"",0,0,0,"Neutral",""
"2011-06-13","","","","","",,"",0,0,0,"Neutral",""
"2011-06-14","","","","","",,"",0,0,0,"Neutral",""
"2011-06-15","","","","","",,"",0,0,0,"Neutral",""
"2011-06-16","","","","","",,"",0,0,0,"Neutral",""
"2011-06-17","","","","","",,"",0,0,0,"Neutral",""
"2011-06-18","","","","","",,"",0,0,0,"Neutral",""
"2011-06-19","","","","","",,"",0,0,0,"Neutral",""
"2011-06-20","","","","","",,"",0,0,0,"Neutral",""
"2011-06-21","","","","","",,"",0,0,0,"Neutral",""
"2011-06-22","","","","","",,"",0,0,0,"Neutral",""
"2011-06-23","","","","","",,"",0,0,0,"Neutral",""
"2011-06-24","","","","","",,"",0,0,0,"Neutral",""
"2011-06-25","","","","","",,"",0,0,0,"Neutral",""
"2011-06-26","","","","","",,"",0,0,0,"Neutral",""
"2011-06-27","","","","","",,"",0,0,0,"Neutral",""
"2011-06-28","","","","","",,"",0,0,0,"Neutral",""
"2011-06-29","","","","","",,"",0,0,0,"Neutral",""
"2011-06-30","","","","","",,"",0,0,0,"Neutral",""
"2011-07-01","","","","","",,"",0,0,0,"Neutral",""
"2011-07-02","","","","","",,"",0,0,0,"Neutral",""
"2011-07-03","","","","","",,"",0,0,0,"Neutral",""
"2011-07-04","","","","","",,"",0,0,0,"Neutral",""
"2011-07-05","","","","","",,"",0,0,0,"Neutral",""
"2011-07-06","","","","","",,"",0,0,0,"Neutral",""
"2011-07-07","","","","","",,"",0,0,0,"Neutral",""
"2011-07-08","","","","","",,"",0,0,0,"Neutral",""
"2011-07-09","","","","","",,"",0,0,0,"Neutral",""
"2011-07-10","","","","","",,"",0,0,0,"Neutral",""
"2011-07-11","","","","","",,"",0,0,0,"Neutral",""
"2011-07-12","","","","","",,"",0,0,0,"Neutral",""
"2011-07-13","","","","","",,"",0,0,0,"Neutral",""
"2011-07-14","","","","","",,"",0,0,0,"Neutral",""
"2011-07-15","","","","","",,"",0,0,0,"Neutral",""
"2011-07-16","","","","","",,"",0,0,0,"Neutral",""
"2011-07-17","","","","","",,"",0,0,0,"Neutral",""
"2011-07-18","","","","","",,"",0,0,0,"Neutral",""
"2011-07-19","","","","","",,"",0,0,0,"Neutral",""
"2011-07-20","","","","","",,"",0,0,0,"Neutral",""
"2011-07-21","","","","","",,"",0,0,0,"Neutral",""
"2011-07-22","","","","","",,"",0,0,0,"Neutral",""
"2011-07-23","","","","","",,"",0,0,0,"Neutral",""
"2011-07-24","","","","","",,"",0,0,0,"Neutral",""
"2011-07-25","","","","","",,"",0,0,0,"Neutral",""
"2011-07-26","","","","","",,"",0,0,0,"Neutral",""
"2011-07-27","","","","","",,"",0,0,0,"Neutral",""
"2011-07-28","","","","","",,"",0,0,0,"Neutral",""
"2011-07-29","","","","","",,"",0,0,0,"Neutral",""
"2011-07-30","","","","","",,"",0,0,0,"Neutral",""
"2011-07-31","","","","","",,"",0,0,0,"Neutral",""
"2011-08-01","","","","","",,"",0,0,0,"Neutral",""
"2011-08-02","","","","","",,"",0,0,0,"Neutral",""
"2011-08-03","","","","","",,"",0,0,0,"Neutral",""
"2011-08-04","","","","","",,"",0,0,0,"Neutral",""
"2011-08-05","","","","","",,"",0,0,0,"Neutral",""
"2011-08-06","","","","","",,"",0,0,0,"Neutral",""
"2011-08-07","","","","","",,"",0,0,0,"Neutral",""
"2011-08-08","","","","","",,"",0,0,0,"Neutral",""
"2011-08-09","","","","","",,"",0,0,0,"Neutral",""
"2011-08-10","","","","","",,"",0,0,0,"Neutral",""
"2011-08-11","","","","","",,"",0,0,0,"Neutral",""
"2011-08-12","","","","","",,"",0,0,0,"Neutral",""
"2011-08-13","","","","","",,"",0,0,0,"Neutral",""
"2011-08-14","","","","","",,"",0,0,0,"Neutral",""
"2011-08-15","","","","","",,"",0,0,0,"Neutral",""
"2011-08-16","","","","","",,"",0,0,0,"Neutral",""
"2011-08-17","","","","","",,"",0,0,0,"Neutral",""
"2011-08-18","","","","","",,"",0,0,0,"Neutral",""
"2011-08-19","","","","","",,"",0,0,0,"Neutral",""
"2011-08-20","","","","","",,"",0,0,0,"Neutral",""
"2011-08-21","","","","","",,"",0,0,0,"Neutral",""
"2011-08-22","","","","","",,"",0,0,0,"Neutral",""
"2011-08-23","","","","","",,"",0,0,0,"Neutral",""
"2011-08-24","","","","","",,"",0,0,0,"Neutral",""
"2011-08-25","","","","","",,"",0,0,0,"Neutral",""
"2011-08-26","","","","","",,"",0,0,0,"Neutral",""
"2011-08-27","","","","","",,"",0,0,0,"Neutral",""
"2011-08-28","","","","","",,"",0,0,0,"Neutral",""
"2011-08-29","","","","","",,"",0,0,0,"Neutral",""
"2011-08-30","","","","","",,"",0,0,0,"Neutral",""
"2011-08-31","","","","","",,"",0,0,0,"Neutral",""
"2011-09-01","","","","","",,"",0,0,0,"Neutral",""
"2011-09-02","","","","","",,"",0,0,0,"Neutral",""
"2011-09-03","","","","","",,"",0,0,0,"Neutral",""
"2011-09-04","","","","","",,"",0,0,0,"Neutral",""
"2011-09-05","","","","","",,"",0,0,0,"Neutral",""
"2011-09-06","","","","","",,"",0,0,0,"Neutral",""
"2011-09-07","","","","","",,"",0,0,0,"Neutral",""
"2011-09-08","","","","","",,"",0,0,0,"Neutral",""
"2011-09-09","","","","","",,"",0,0,0,"Neutral",""
"2011-09-10","","","","","",,"",0,0,0,"Neutral",""
"2011-09-11","","","","","",,"",0,0,0,"Neutral",""
"2011-09-12","","","","","",,"",0,0,0,"Neutral",""
"2011-09-13","","","","","",,"",0,0,0,"Neutral",""
"2011-09-14","","","","","",,"",0,0,0,"Neutral",""
"2011-09-15","","","","","",,"",0,0,0,"Neutral",""
"2011-09-16","","","","","",,"",0,0,0,"Neutral",""
"2011-09-17","","","","","",,"",0,0,0,"Neutral",""
"2011-09-18","","","","","",,"",0,0,0,"Neutral",""
"2011-09-19","","","","","",,"",0,0,0,"Neutral",""
"2011-09-20","","","","","",,"",0,0,0,"Neutral",""
"2011-09-21","","","","","",,"",0,0,0,"Neutral",""
"2011-09-22","","","","","",,"",0,0,0,"Neutral",""
"2011-09-23","","","","","",,"",0,0,0,"Neutral",""
"2011-09-24","","","","","",,"",0,0,0,"Neutral",""
"2011-09-25","","","","","",,"",0,0,0,"Neutral",""
"2011-09-26","","","","","",,"",0,0,0,"Neutral",""
"2011-09-27","","","","","",,"",0,0,0,"Neutral",""
"2011-09-28","","","","","",,"",0,0,0,"Neutral",""
"2011-09-29","","","","","",,"",0,0,0,"Neutral",""
"2011-09-30","","","","","",,"",0,0,0,"Neutral",""
"2011-10-01","","","","","",,"",0,0,0,"Neutral",""
"2011-10-02","","","","","",,"",0,0,0,"Neutral",""
"2011-10-03","","","","","",,"",0,0,0,"Neutral",""
"2011-10-04","","","","","",,"",0,0,0,"Neutral",""
"2011-10-05","","","","","",,"",0,0,0,"Neutral",""
"2011-10-06","","","","","",,"",0,0,0,"Neutral",""
"2011-10-07","","","","","",,"",0,0,0,"Neutral",""
"2011-10-08","","","","","",,"",0,0,0,"Neutral",""
"2011-10-09","","","","","",,"",0,0,0,"Neutral",""
"2011-10-10","","","","","",,"",0,0,0,"Neutral",""
"2011-10-11","","","","","",,"",0,0,0,"Neutral",""
"2011-10-12","","","","","",,"",0,0,0,"Neutral",""
"2011-10-13","","","","","",,"",0,0,0,"Neutral",""
"2011-10-14","","","","","",,"",0,0,0,"Neutral",""
"2011-10-15","","","","","",,"",0,0,0,"Neutral",""
"2011-10-16","","","","","",,"",0,0,0,"Neutral",""
"2011-10-17","","","","","",,"",0,0,0,"Neutral",""
"2011-10-18","","","","","",,"",0,0,0,"Neutral",""
"2011-10-19","","","","","",,"",0,0,0,"Neutral",""
"2011-10-20","","","","","",,"",0,0,0,"Neutral",""
"2011-10-21","","","","","",,"",0,0,0,"Neutral",""
"2011-10-22","","","","","",,"",0,0,0,"Neutral",""
"2011-10-23","","","","","",,"",0,0,0,"Neutral",""
"2011-10-24","","","","","",,"",0,0,0,"Neutral",""
"2011-10-25","","","","","",,"",0,0,0,"Neutral",""
"2011-10-26","","","","","",,"",0,0,0,"Neutral",""
"2011-10-27","","","","","",,"",0,0,0,"Neutral",""
"2011-10-28","","","","","",,"",0,0,0,"Neutral",""
"2011-10-29","","","","","",,"",0,0,0,"Neutral",""
"2011-10-30","","","","","",,"",0,0,0,"Neutral",""
"2011-10-31","","","","","",,"",0,0,0,"Neutral",""
"2011-11-01","","","","","",,"",0,0,0,"Neutral",""
"2011-11-02","","","","","",,"",0,0,0,"Neutral",""
"2011-11-03","","","","","",,"",0,0,0,"Neutral",""
"2011-11-04","","","","","",,"",0,0,0,"Neutral",""
"2011-11-05","","","","","",,"",0,0,0,"Neutral",""
"2011-11-06","","","","","",,"",0,0,0,"Neutral",""
"2011-11-07","","","","","",,"",0,0,0,"Neutral",""
"2011-11-08","","","","","",,"",0,0,0,"Neutral",""
"2011-11-09","","","","","",,"",0,0,0,"Neutral",""
"2011-11-10","","","","","",,"",0,0,0,"Neutral",""
"2011-11-11","","","","","",,"",0,0,0,"Neutral",""
"2011-11-12","","","","","",,"",0,0,0,"Neutral",""
"2011-11-13","","","","","",,"",0,0,0,"Neutral",""
"2011-11-14","","","","","",,"",0,0,0,"Neutral",""
"2011-11-15","","","","","",,"",0,0,0,"Neutral",""
"2011-11-16","","","","","",,"",0,0,0,"Neutral",""
"2011-11-17","","","","","",,"",0,0,0,"Neutral",""
"2011-11-18","","","","","",,"",0,0,0,"Neutral",""
"2011-11-19","","","","","",,"",0,0,0,"Neutral",""
"2011-11-20","","","","","",,"",0,0,0,"Neutral",""
"2011-11-21","","","","","",,"",0,0,0,"Neutral",""
"2011-11-22","","","","","",,"",0,0,0,"Neutral",""
"2011-11-23","","","","","",,"",0,0,0,"Neutral",""
"2011-11-24","","","","","",,"",0,0,0,"Neutral",""
"2011-11-25","","","","","",,"",0,0,0,"Neutral",""
"2011-11-26","","","","","",,"",0,0,0,"Neutral",""
"2011-11-27","","","","","",,"",0,0,0,"Neutral",""
"2011-11-28","","","","","",,"",0,0,0,"Neutral",""
"2011-11-29","","","","","",,"",0,0,0,"Neutral",""
"2011-11-30","","","","","",,"",0,0,0,"Neutral",""
"2011-12-01","","","","","",,"",0,0,0,"Neutral",""
"2011-12-02","","","","","",,"",0,0,0,"Neutral",""
"2011-12-03","","","","","",,"",0,0,0,"Neutral",""
"2011-12-04","","","","","",,"",0,0,0,"Neutral",""
"2011-12-05","","","","","",,"",0,0,0,"Neutral",""
"2011-12-06","","","","","",,"",0,0,0,"Neutral",""
"2011-12-07","","","","","",,"",0,0,0,"Neutral",""
"2011-12-08","","","","","",,"",0,0,0,"Neutral",""
"2011-12-09","","","","","",,"",0,0,0,"Neutral",""
"2011-12-10","","","","","",,"",0,0,0,"Neutral",""
"2011-12-11","","","","","",,"",0,0,0,"Neutral",""
"2011-12-12","","","","","",,"",0,0,0,"Neutral",""
"2011-12-13","","","","","",,"",0,0,0,"Neutral",""
"2011-12-14","","","","","",,"",0,0,0,"Neutral",""
"2011-12-15","","","","","",,"",0,0,0,"Neutral",""
"2011-12-16","","","","","",,"",0,0,0,"Neutral",""
"2011-12-17","","","","","",,"",0,0,0,"Neutral",""
"2011-12-18","","","","","",,"",0,0,0,"Neutral",""
"2011-12-19","","","","","",,"",0,0,0,"Neutral",""
"2011-12-20","","","","","",,"",0,0,0,"Neutral",""
"2011-12-21","","","","","",,"",0,0,0,"Neutral",""
"2011-12-22","","","","","",,"",0,0,0,"Neutral",""
"2011-12-23","","","","","",,"",0,0,0,"Neutral",""
"2011-12-24","","","","","",,"",0,0,0,"Neutral",""
"2011-12-25","","","","","",,"",0,0,0,"Neutral",""
"2011-12-26","","","","","",,"",0,0,0,"Neutral",""
"2011-12-27","","","","","",,"",0,0,0,"Neutral",""
"2011-12-28","","","","","",,"",0,0,0,"Neutral",""
"2011-12-29","","","","","",,"",0,0,0,"Neutral",""
"2011-12-30","","","","","",,"",0,0,0,"Neutral",""
"2011-12-31","","","","","",,"",0,0,0,"Neutral",""
"2012-01-01","","","","","",,"",0,0,0,"Neutral",""
"2012-01-02","","","","","",,"",0,0,0,"Neutral",""
"2012-01-03","","","","","",,"",0,0,0,"Neutral",""
"2012-01-04","","","","","",,"",0,0,0,"Neutral",""
"2012-01-05","","","","","",,"",0,0,0,"Neutral",""
"2012-01-06","","","","","",,"",0,0,0,"Neutral",""
"2012-01-07","","","","","",,"",0,0,0,"Neutral",""
"2012-01-08","","","","","",,"",0,0,0,"Neutral",""
"2012-01-09","","","","","",,"",0,0,0,"Neutral",""
"2012-01-10","","","","","",,"",0,0,0,"Neutral",""
"2012-01-11","","","","","",,"",0,0,0,"Neutral",""
"2012-01-12","","","","","",,"",0,0,0,"Neutral",""
"2012-01-13","","","","","",,"",0,0,0,"Neutral",""
"2012-01-14","","","","","",,"",0,0,0,"Neutral",""
"2012-01-15","","","","","",,"",0,0,0,"Neutral",""
"2012-01-16","","","","","",,"",0,0,0,"Neutral",""
"2012-01-17","","","","","",,"",0,0,0,"Neutral",""
"2012-01-18","","","","","",,"",0,0,0,"Neutral",""
"2012-01-19","","","","","",,"",0,0,0,"Neutral",""
"2012-01-20","","","","","",,"",0,0,0,"Neutral",""
"2012-01-21","","","","","",,"",0,0,0,"Neutral",""
"2012-01-22","","","","","",,"",0,0,0,"Neutral",""
"2012-01-23","","","","","",,"",0,0,0,"Neutral",""
"2012-01-24","","","","","",,"",0,0,0,"Neutral",""
"2012-01-25","","","","","",,"",0,0,0,"Neutral",""
"2012-01-26","","","","","",,"",0,0,0,"Neutral",""
"2012-01-27","","","","","",,"",0,0,0,"Neutral",""
"2012-01-28","","","","","",,"",0,0,0,"Neutral",""
"2012-01-29","","","","","",,"",0,0,0,"Neutral",""
"2012-01-30","","","","","",,"",0,0,0,"Neutral",""
"2012-01-31","","","","","",,"",0,0,0,"Neutral",""
"2012-02-01","","","","","",,"",0,0,0,"Neutral",""
"2012-02-02","","","","","",,"",0,0,0,"Neutral",""
"2012-02-03","","","","","",,"",0,0,0,"Neutral",""
"2012-02-04","","","","","",,"",0,0,0,"Neutral",""
"2012-02-05","","","","","",,"",0,0,0,"Neutral",""
"2012-02-06","","","","","",,"",0,0,0,"Neutral",""
"2012-02-07","","","","","",,"",0,0,0,"Neutral",""
"2012-02-08","","","","","",,"",0,0,0,"Neutral",""
"2012-02-09","","","","","",,"",0,0,0,"Neutral",""
"2012-02-10","","","","","",,"",0,0,0,"Neutral",""
"2012-02-11","","","","","",,"",0,0,0,"Neutral",""
"2012-02-12","","","","","",,"",0,0,0,"Neutral",""
"2012-02-13","","","","","",,"",0,0,0,"Neutral",""
"2012-02-14","","","","","",,"",0,0,0,"Neutral",""
"2012-02-15","","","","","",,"",0,0,0,"Neutral",""
"2012-02-16","","","","","",,"",0,0,0,"Neutral",""
"2012-02-17","","","","","",,"",0,0,0,"Neutral",""
"2012-02-18","","","","","",,"",0,0,0,"Neutral",""
"2012-02-19","","","","","",,"",0,0,0,"Neutral",""
"2012-02-20","","","","","",,"",0,0,0,"Neutral",""
"2012-02-21","","","","","",,"",0,0,0,"Neutral",""
"2012-02-22","","","","","",,"",0,0,0,"Neutral",""
"2012-02-23","","","","","",,"",0,0,0,"Neutral",""
"2012-02-24","","","","","",,"",0,0,0,"Neutral",""
"2012-02-25","","","","","",,"",0,0,0,"Neutral",""
"2012-02-26","","","","","",,"",0,0,0,"Neutral",""
"2012-02-27","","","","","",,"",0,0,0,"Neutral",""
"2012-02-28","","","","","",,"",0,0,0,"Neutral",""
"2012-02-29","","","","","",,"",0,0,0,"Neutral",""
"2012-03-01","","","","","",,"",0,0,0,"Neutral",""
"2012-03-02","","","","","",,"",0,0,0,"Neutral",""
"2012-03-03","","","","","",,"",0,0,0,"Neutral",""
"2012-03-04","","","","","",,"",0,0,0,"Neutral",""
"2012-03-05","","","","","",,"",0,0,0,"Neutral",""
"2012-03-06","","","","","",,"",0,0,0,"Neutral",""
"2012-03-07","","","","","",,"",0,0,0,"Neutral",""
"2012-03-08","","","","","",,"",0,0,0,"Neutral",""
"2012-03-09","","","","","",,"",0,0,0,"Neutral",""
"2012-03-10","","","","","",,"",0,0,0,"Neutral",""
"2012-03-11","","","","","",,"",0,0,0,"Neutral",""
"2012-03-12","","","","","",,"",0,0,0,"Neutral",""
"2012-03-13","","","","","",,"",0,0,0,"Neutral",""
"2012-03-14","","","","","",,"",0,0,0,"Neutral",""
"2012-03-15","","","","","",,"",0,0,0,"Neutral",""
"2012-03-16","","","","","",,"",0,0,0,"Neutral",""
"2012-03-17","","","","","",,"",0,0,0,"Neutral",""
"2012-03-18","","","","","",,"",0,0,0,"Neutral",""
"2012-03-19","","","","","",,"",0,0,0,"Neutral",""
"2012-03-20","","","","","",,"",0,0,0,"Neutral",""
"2012-03-21","","","","","",,"",0,0,0,"Neutral",""
"2012-03-22","","","","","",,"",0,0,0,"Neutral",""
"2012-03-23","","","","","",,"",0,0,0,"Neutral",""
"2012-03-24","","","","","",,"",0,0,0,"Neutral",""
"2012-03-25","","","","","",,"",0,0,0,"Neutral",""
"2012-03-26","","","","","",,"",0,0,0,"Neutral",""
"2012-03-27","","","","","",,"",0,0,0,"Neutral",""
"2012-03-28","","","","","",,"",0,0,0,"Neutral",""
"2012-03-29","","","","","",,"",0,0,0,"Neutral",""
"2012-03-30","","","","","",,"",0,0,0,"Neutral",""
"2012-03-31","","","","","",,"",0,0,0,"Neutral",""
"2012-04-01","","","","","",,"",0,0,0,"Neutral",""
"2012-04-02","","","","","",,"",0,0,0,"Neutral",""
"2012-04-03","","","","","",,"",0,0,0,"Neutral",""
"2012-04-04","","","","","",,"",0,0,0,"Neutral",""
"2012-04-05","","","","","",,"",0,0,0,"Neutral",""
"2012-04-06","","","","","",,"",0,0,0,"Neutral",""
"2012-04-07","","","","","",,"",0,0,0,"Neutral",""
"2012-04-08","","","","","",,"",0,0,0,"Neutral",""
"2012-04-09","","","","","",,"",0,0,0,"Neutral",""
"2012-04-10","","","","","",,"",0,0,0,"Neutral",""
"2012-04-11","","","","","",,"",0,0,0,"Neutral",""
"2012-04-12","","","","","",,"",0,0,0,"Neutral",""
"2012-04-13","","","","","",,"",0,0,0,"Neutral",""
"2012-04-14","","","","","",,"",0,0,0,"Neutral",""
"2012-04-15","","","","","",,"",0,0,0,"Neutral",""
"2012-04-16","","","","","",,"",0,0,0,"Neutral",""
"2012-04-17","","","","","",,"",0,0,0,"Neutral",""
"2012-04-18","","","","","",,"",0,0,0,"Neutral",""
"2012-04-19","","","","","",,"",0,0,0,"Neutral",""
"2012-04-20","","","","","",,"",0,0,0,"Neutral",""
"2012-04-21","","","","","",,"",0,0,0,"Neutral",""
"2012-04-22","","","","","",,"",0,0,0,"Neutral",""
"2012-04-23","","","","","",,"",0,0,0,"Neutral",""
"2012-04-24","","","","","",,"",0,0,0,"Neutral",""
"2012-04-25","","","","","",,"",0,0,0,"Neutral",""
"2012-04-26","","","","","",,"",0,0,0,"Neutral",""
"2012-04-27","","","","","",,"",0,0,0,"Neutral",""
"2012-04-28","","","","","",,"",0,0,0,"Neutral",""
"2012-04-29","","","","","",,"",0,0,0,"Neutral",""
"2012-04-30","","","","","",,"",0,0,0,"Neutral",""
"2012-05-01","","","","","",,"",0,0,0,"Neutral",""
"2012-05-02","","","","","",,"",0,0,0,"Neutral",""
"2012-05-03","","","","","",,"",0,0,0,"Neutral",""
"2012-05-04","","","","","",,"",0,0,0,"Neutral",""
"2012-05-05","","","","","",,"",0,0,0,"Neutral",""
"2012-05-06","","","","","",,"",0,0,0,"Neutral",""
"2012-05-07","","","","","",,"",0,0,0,"Neutral",""
"2012-05-08","","","","","",,"",0,0,0,"Neutral",""
"2012-05-09","","","","","",,"",0,0,0,"Neutral",""
"2012-05-10","","","","","",,"",0,0,0,"Neutral",""
"2012-05-11","","","","","",,"",0,0,0,"Neutral",""
"2012-05-12","","","","","",,"",0,0,0,"Neutral",""
"2012-05-13","","","","","",,"",0,0,0,"Neutral",""
"2012-05-14","","","","","",,"",0,0,0,"Neutral",""
"2012-05-15","","","","","",,"",0,0,0,"Neutral",""
"2012-05-16","","","","","",,"",0,0,0,"Neutral",""
"2012-05-17","","","","","",,"",0,0,0,"Neutral",""
"2012-05-18","","","","","",,"",0,0,0,"Neutral",""
"2012-05-19","","","","","",,"",0,0,0,"Neutral",""
"2012-05-20","","","","","",,"",0,0,0,"Neutral",""
"2012-05-21","","","","","",,"",0,0,0,"Neutral",""
"2012-05-22","","","","","",,"",0,0,0,"Neutral",""
"2012-05-23","","","","","",,"",0,0,0,"Neutral",""
"2012-05-24","","","","","",,"",0,0,0,"Neutral",""
"2012-05-25","","","","","",,"",0,0,0,"Neutral",""
"2012-05-26","","","","","",,"",0,0,0,"Neutral",""
"2012-05-27","","","","","",,"",0,0,0,"Neutral",""
"2012-05-28","Ride","Riverside","",183.73,"",,183.73,4.32,24.45,0,"Neutral","Cycling Ftp 175w. Weight 70kg."
"2012-05-29","","","","","",,"",4.22,21.2,-20.14,"Optimal",""
"2012-05-30","","","","","",,"",4.12,18.38,-16.99,"Optimal",""
"2012-05-31","","","","","",,"",4.02,15.93,-14.26,"Optimal",""
"2012-06-01","","","","","",,"",3.93,13.81,-11.91,"Optimal",""
"2012-06-02","","","","","",,"",3.83,11.97,-9.89,"Neutral",""
"2012-06-03","","","","","",,"",3.74,10.37,-8.14,"Neutral",""
"2012-06-04","","","","","",,"",3.65,8.99,-6.64,"Neutral",""
"2012-06-05","","","","","",,"",3.57,7.8,-5.34,"Neutral",""
"2012-06-06","Ride","Lakeshore","",117.56,"",,117.56,6.25,22.41,-4.23,"Neutral","Cycling Ftp 175w. Weight 70kg."
"2012-06-07","","","","","",,"",6.1,19.42,-16.16,"Optimal",""
"2012-06-08","","","","","",,"",5.96,16.84,-13.33,"Optimal",""
"2012-06-09","","","","","",,"",5.82,14.59,-10.88,"Optimal",""
"2012-06-10","","","","","",,"",5.68,12.65,-8.78,"Neutral",""
"2012-06-11","","","","","",,"",5.55,10.97,-6.97,"Neutral",""
"2012-06-12","","","","","",,"",5.42,9.51,-5.42,"Neutral",""
"2012-06-13","","","","","",,"",5.29,8.24,-4.09,"Neutral",""
"2012-06-14","","","","","",,"",5.17,7.14,-2.95,"Neutral",""
"2012-06-15","","","","","",,"",5.04,6.19,-1.98,"Neutral",""
"2012-06-16","","","","","",,"",4.92,5.37,-1.15,"Neutral",""
"2012-06-17","Ride","Downtown Portland","",620.67,"",,620.67,19.41,87.28,-0.45,"Neutral","Cycling Ftp 175w. Weight 70kg."
"2012-06-18","","","","","",,"",18.96,75.66,-67.87,"Overload",""
"2012-06-19","","","","","",,"",18.51,65.59,-56.71,"Overload",""
"2012-06-20","","","","","",,"",18.07,56.85,-47.08,"Overload",""
"2012-06-21","","","","","",,"",17.65,49.28,-38.78,"Overload",""
"2012-06-22","","","","","",,"",17.23,42.72,-31.64,"Overload",""
"2012-06-23","","","","","",,"",16.83,37.03,-25.49,"Optimal",""
"2012-06-24","","","","","",,"",16.43,32.1,-20.21,"Optimal",""
"2012-06-25","","","","","",,"",16.04,27.83,-15.68,"Optimal",""
"2012-06-26","","","","","",,"",15.67,24.12,-11.79,"Optimal",""
"2012-06-27","","","","","",,"",15.3,20.91,-8.46,"Neutral",""
"2012-06-28","","","","","",,"",14.94,18.13,-5.62,"Neutral",""
"2012-06-29","","","","","",,"",14.59,15.71,-3.19,"Neutral",""
"2012-06-30","","","","","",,"",14.24,13.62,-1.13,"Neutral",""
"2012-07-01","","","","","",,"",13.91,11.81,0.62,"Neutral",""
"2012-07-02","","","","","",,"",13.58,10.23,2.1,"Neutral",""
"2012-07-03","","","","","",,"",13.26,8.87,3.34,"Neutral",""
"2012-07-04","","","","","",,"",12.95,7.69,4.38,"Neutral",""
"2012-07-05","","","","","",,"",12.64,6.67,5.25,"Freshness",""
"2012-07-06","","","","","",,"",12.35,5.78,5.97,"Freshness",""
"2012-07-07","","","","","",,"",12.06,5.01,6.56,"Freshness",""
"2012-07-08","","","","","",,"",11.77,4.34,7.04,"Freshness",""
"2012-07-09","","","","","",,"",11.5,3.76,7.43,"Freshness",""
"2012-07-10","","","","","",,"",11.22,3.26,7.73,"Freshness",""
"2012-07-11","","","","","",,"",10.96,2.83,7.96,"Freshness",""
"2012-07-12","Ride","VBC Timetrial","",78.07,"",,78.07,12.54,12.84,8.13,"Freshness","Cycling Ftp 175w. Weight 70kg."
"2012-07-13","","","","","",,"",12.24,11.13,-0.31,"Neutral",""
"2012-07-14","","","","","",,"",11.96,9.65,1.11,"Neutral",""
"2012-07-15","","","","","",,"",11.67,8.36,2.3,"Neutral",""
"2012-07-16","","","","","",,"",11.4,7.25,3.3,"Neutral",""
"2012-07-17","","","","","",,"",11.13,6.28,4.14,"Neutral",""
"2012-07-18","","","","","",,"",10.87,5.45,4.84,"Neutral",""
"2012-07-19","","","","","",,"",10.61,4.72,5.42,"Freshness",""
"2012-07-20","","","","","",,"",10.36,4.09,5.89,"Freshness",""
"2012-07-21","","","","","",,"",10.12,3.55,6.27,"Freshness",""
"2012-07-22","","","","","",,"",9.88,3.07,6.57,"Freshness",""
"2012-07-23","","","","","",,"",9.65,2.66,6.8,"Freshness",""
"2012-07-24","","","","","",,"",9.42,2.31,6.98,"Freshness",""
"2012-07-25","","","","","",,"",9.2,2,7.11,"Freshness",""
"2012-07-26","","","","","",,"",8.98,1.73,7.19,"Freshness",""
"2012-07-27","","","","","",,"",8.77,1.5,7.24,"Freshness",""
"2012-07-28","Ride","CureDeTour","",507.64,"",,507.64,20.51,68.88,7.26,"Freshness","Cycling Ftp 175w. Weight 70kg."
"2012-07-29","","","","","",,"",20.03,59.71,-48.38,"Overload",""
"2012-07-30","","","","","",,"",19.56,51.76,-39.69,"Overload",""
"2012-07-31","","","","","",,"",19.1,44.87,-32.21,"Overload",""
"2012-08-01","","","","","",,"",18.65,38.9,-25.78,"Optimal",""
"2012-08-02","","","","","",,"",18.21,33.72,-20.25,"Optimal",""
"2012-08-03","","","","","",,"",17.78,29.23,-15.52,"Optimal",""
"2012-08-04","","","","","",,"",17.36,25.34,-11.45,"Optimal",""
"2012-08-05","","","","","",,"",16.95,21.96,-7.98,"Neutral",""
"2012-08-06","","","","","",,"",16.55,19.04,-5.02,"Neutral",""
"2012-08-07","","","","","",,"",16.16,16.5,-2.49,"Neutral",""
"2012-08-08","","","","","",,"",15.78,14.31,-0.35,"Neutral",""
"2012-08-09","","","","","",,"",15.41,12.4,1.47,"Neutral",""
"2012-08-10","","","","","",,"",15.05,10.75,3.01,"Neutral",""
"2012-08-11","","","","","",,"",14.69,9.32,4.29,"Neutral",""
"2012-08-12","","","","","",,"",14.35,8.08,5.37,"Freshness",""
"2012-08-13","","","","","",,"",14.01,7,6.27,"Freshness",""
"2012-08-14","","","","","",,"",13.68,6.07,7,"Freshness",""
"2012-08-15","","","","","",,"",13.36,5.26,7.61,"Freshness",""
"2012-08-16","","","","","",,"",13.04,4.56,8.09,"Freshness",""
"2012-08-17","","","","","",,"",12.74,3.95,8.48,"Freshness",""
"2012-08-18","","","","","",,"",12.44,3.42,8.78,"Freshness",""
"2012-08-19","","","","","",,"",12.14,2.97,9.01,"Freshness",""
"2012-08-20","","","","","",,"",11.86,2.57,9.17,"Freshness",""
"2012-08-21","","","","","",,"",11.58,2.23,9.28,"Freshness",""
"2012-08-22","","","","","",,"",11.31,1.93,9.35,"Freshness",""
"2012-08-23","","","","","",,"",11.04,1.67,9.37,"Freshness",""
"2012-08-24","","","","","",,"",10.78,1.45,9.36,"Freshness",""
"2012-08-25","","","","","",,"",10.53,1.26,9.33,"Freshness",""
"2012-08-26","","","","","",,"",10.28,1.09,9.27,"Freshness",""
"2012-08-27","","","","","",,"",10.04,0.94,9.19,"Freshness",""
"2012-08-28","","","","","",,"",9.8,0.82,9.09,"Freshness",""
"2012-08-29","","","","","",,"",9.57,0.71,8.98,"Freshness",""
"2012-08-30","","","","","",,"",9.35,0.61,8.86,"Freshness",""
"2012-08-31","","","","","",,"",9.13,0.53,8.73,"Freshness",""
"2012-09-01","","","","","",,"",8.91,0.46,8.59,"Freshness",""
"2012-09-02","","","","","",,"",8.7,0.4,8.45,"Freshness",""
"2012-09-03","","","","","",,"",8.5,0.34,8.3,"Freshness",""
"2012-09-04","","","","","",,"",8.3,0.3,8.15,"Freshness",""
"2012-09-05","","","","","",,"",8.1,0.26,7.99,"Freshness",""
"2012-09-06","","","","","",,"",7.91,0.22,7.84,"Freshness",""
"2012-09-07","","","","","",,"",7.72,0.19,7.68,"Freshness",""
"2012-09-08","","","","","",,"",7.54,0.17,7.53,"Freshness",""
"2012-09-09","","","","","",,"",7.36,0.14,7.37,"Freshness",""
"2012-09-10","","","","","",,"",7.19,0.12,7.22,"Freshness",""
"2012-09-11","","","","","",,"",7.02,0.11,7.06,"Freshness",""
"2012-09-12","","","","","",,"",6.86,0.09,6.91,"Freshness",""
"2012-09-13","","","","","",,"",6.69,0.08,6.76,"Freshness",""
"2012-09-14","","","","","",,"",6.54,0.07,6.61,"Freshness",""
"2012-09-15","","","","","",,"",6.38,0.06,6.46,"Freshness",""
"2012-09-16","","","","","",,"",6.23,0.05,6.32,"Freshness",""
"2012-09-17","","","","","",,"",6.09,0.04,6.18,"Freshness",""
"2012-09-18","","","","","",,"",5.94,0.04,6.04,"Freshness",""
"2012-09-19","","","","","",,"",5.8,0.03,5.9,"Freshness",""
"2012-09-20","","","","","",,"",5.67,0.03,5.77,"Freshness",""
"2012-09-21","","","","","",,"",5.53,0.02,5.64,"Freshness",""
"2012-09-22","","","","","",,"",5.4,0.02,5.51,"Freshness",""
"2012-09-23","","","","","",,"",5.28,0.02,5.38,"Freshness",""
"2012-09-24","","","","","",,"",5.15,0.01,5.26,"Freshness",""
"2012-09-25","","","","","",,"",5.03,0.01,5.13,"Freshness",""
"2012-09-26","","","","","",,"",4.91,0.01,5.01,"Freshness",""
"2012-09-27","","","","","",,"",4.8,0.01,4.9,"Neutral",""
"2012-09-28","","","","","",,"",4.68,0,4.78,"Neutral",""
"2012-09-29","","","","","",,"",4.57,0,4.67,"Neutral",""
"2012-09-30","","","","","",,"",4.46,0,4.56,"Neutral",""
"2012-10-01","","","","","",,"",4.36,0,4.46,"Neutral",""
"2012-10-02","","","","","",,"",4.26,0,4.35,"Neutral",""
"2012-10-03","","","","","",,"",4.16,0,4.25,"Neutral",""
"2012-10-04","","","","","",,"",4.06,0,4.15,"Neutral",""
"2012-10-05","","","","","",,"",3.96,0,4.05,"Neutral",""
"2012-10-06","","","","","",,"",3.87,0,3.96,"Neutral",""
"2012-10-07","","","","","",,"",3.78,0,3.87,"Neutral",""
"2012-10-08","","","","","",,"",3.69,0,3.78,"Neutral",""
"2012-10-09","","","","","",,"",3.6,0,3.69,"Neutral",""
"2012-10-10","","","","","",,"",3.52,0,3.6,"Neutral",""
"2012-10-11","","","","","",,"",3.43,0,3.52,"Neutral",""
"2012-10-12","","","","","",,"",3.35,0,3.43,"Neutral",""
"2012-10-13","","","","","",,"",3.27,0,3.35,"Neutral",""
"2012-10-14","","","","","",,"",3.2,0,3.27,"Neutral",""
"2012-10-15","","","","","",,"",3.12,0,3.2,"Neutral",""
"2012-10-16","","","","","",,"",3.05,0,3.12,"Neutral",""
"2012-10-17","","","","","",,"",2.98,0,3.05,"Neutral",""
"2012-10-18","","","","","",,"",2.91,0,2.98,"Neutral",""
"2012-10-19","","","","","",,"",2.84,0,2.91,"Neutral",""
"2012-10-20","","","","","",,"",2.77,0,2.84,"Neutral",""
"2012-10-21","","","","","",,"",2.71,0,2.77,"Neutral",""
"2012-10-22","","","","","",,"",2.64,0,2.71,"Neutral",""
"2012-10-23","","","","","",,"",2.58,0,2.64,"Neutral",""
"2012-10-24","","","","","",,"",2.52,0,2.58,"Neutral",""
"2012-10-25","","","","","",,"",2.46,0,2.52,"Neutral",""
"2012-10-26","","","","","",,"",2.4,0,2.46,"Neutral",""
"2012-10-27","","","","","",,"",2.35,0,2.4,"Neutral",""
"2012-10-28","","","","","",,"",2.29,0,2.34,"Neutral",""
"2012-10-29","","","","","",,"",2.24,0,2.29,"Neutral",""
"2012-10-30","","","","","",,"",2.18,0,2.24,"Neutral",""
"2012-10-31","","","","","",,"",2.13,0,2.18,"Neutral",""
"2012-11-01","","","","","",,"",2.08,0,2.13,"Neutral",""
"2012-11-02","","","","","",,"",2.03,0,2.08,"Neutral",""
"2012-11-03","","","","","",,"",1.98,0,2.03,"Neutral",""
"2012-11-04","","","","","",,"",1.94,0,1.98,"Neutral",""
"2012-11-05","","","","","",,"",1.89,0,1.94,"Neutral",""
"2012-11-06","","","","","",,"",1.85,0,1.89,"Neutral",""
"2012-11-07","","","","","",,"",1.8,0,1.85,"Neutral",""
"2012-11-08","","","","","",,"",1.76,0,1.8,"Neutral",""
"2012-11-09","","","","","",,"",1.72,0,1.76,"Neutral",""
"2012-11-10","","","","","",,"",1.68,0,1.72,"Neutral",""
"2012-11-11","","","","","",,"",1.64,0,1.68,"Neutral",""
"2012-11-12","","","","","",,"",1.6,0,1.64,"Neutral",""
"2012-11-13","","","","","",,"",1.56,0,1.6,"Neutral",""
"2012-11-14","","","","","",,"",1.53,0,1.56,"Neutral",""
"2012-11-15","","","","","",,"",1.49,0,1.53,"Neutral",""
"2012-11-16","","","","","",,"",1.45,0,1.49,"Neutral",""
"2012-11-17","","","","","",,"",1.42,0,1.45,"Neutral",""
"2012-11-18","","","","","",,"",1.39,0,1.42,"Neutral",""
"2012-11-19","","","","","",,"",1.35,0,1.39,"Neutral",""
"2012-11-20","","","","","",,"",1.32,0,1.35,"Neutral",""
"2012-11-21","","","","","",,"",1.29,0,1.32,"Neutral",""
"2012-11-22","","","","","",,"",1.26,0,1.29,"Neutral",""
"2012-11-23","","","","","",,"",1.23,0,1.26,"Neutral",""
"2012-11-24","","","","","",,"",1.2,0,1.23,"Neutral",""
"2012-11-25","","","","","",,"",1.17,0,1.2,"Neutral",""
"2012-11-26","","","","","",,"",1.15,0,1.17,"Neutral",""
"2012-11-27","","","","","",,"",1.12,0,1.15,"Neutral",""
"2012-11-28","","","","","",,"",1.09,0,1.12,"Neutral",""
"2012-11-29","","","","","",,"",1.07,0,1.09,"Neutral",""
"2012-11-30","","","","","",,"",1.04,0,1.07,"Neutral",""
"2012-12-01","","","","","",,"",1.02,0,1.04,"Neutral",""
"2012-12-02","","","","","",,"",0.99,0,1.02,"Neutral",""
"2012-12-03","","","","","",,"",0.97,0,0.99,"Neutral",""
"2012-12-04","","","","","",,"",0.95,0,0.97,"Neutral",""
"2012-12-05","","","","","",,"",0.92,0,0.95,"Neutral",""
"2012-12-06","","","","","",,"",0.9,0,0.92,"Neutral",""
"2012-12-07","","","","","",,"",0.88,0,0.9,"Neutral",""
"2012-12-08","","","","","",,"",0.86,0,0.88,"Neutral",""
"2012-12-09","","","","","",,"",0.84,0,0.86,"Neutral",""
"2012-12-10","","","","","",,"",0.82,0,0.84,"Neutral",""
"2012-12-11","","","","","",,"",0.8,0,0.82,"Neutral",""
"2012-12-12","","","","","",,"",0.78,0,0.8,"Neutral",""
"2012-12-13","","","","","",,"",0.76,0,0.78,"Neutral",""
"2012-12-14","","","","","",,"",0.74,0,0.76,"Neutral",""
"2012-12-15","","","","","",,"",0.73,0,0.74,"Neutral",""
"2012-12-16","","","","","",,"",0.71,0,0.73,"Neutral",""
"2012-12-17","","","","","",,"",0.69,0,0.71,"Neutral",""
"2012-12-18","","","","","",,"",0.68,0,0.69,"Neutral",""
"2012-12-19","","","","","",,"",0.66,0,0.68,"Neutral",""
"2012-12-20","","","","","",,"",0.64,0,0.66,"Neutral",""
"2012-12-21","","","","","",,"",0.63,0,0.64,"Neutral",""
"2012-12-22","","","","","",,"",0.61,0,0.63,"Neutral",""
"2012-12-23","","","","","",,"",0.6,0,0.61,"Neutral",""
"2012-12-24","","","","","",,"",0.59,0,0.6,"Neutral",""
"2012-12-25","","","","","",,"",0.57,0,0.59,"Neutral",""
"2012-12-26","","","","","",,"",0.56,0,0.57,"Neutral",""
"2012-12-27","","","","","",,"",0.54,0,0.56,"Neutral",""
"2012-12-28","","","","","",,"",0.53,0,0.54,"Neutral",""
"2012-12-29","","","","","",,"",0.52,0,0.53,"Neutral",""
"2012-12-30","","","","","",,"",0.51,0,0.52,"Neutral",""
"2012-12-31","","","","","",,"",0.49,0,0.51,"Neutral",""
"2013-01-01","","","","","",,"",0.48,0,0.49,"Neutral",""
"2013-01-02","","","","","",,"",0.47,0,0.48,"Neutral",""
"2013-01-03","","","","","",,"",0.46,0,0.47,"Neutral",""
"2013-01-04","","","","","",,"",0.45,0,0.46,"Neutral",""
"2013-01-05","","","","","",,"",0.44,0,0.45,"Neutral",""
"2013-01-06","","","","","",,"",0.43,0,0.44,"Neutral",""
"2013-01-07","","","","","",,"",0.42,0,0.43,"Neutral",""
"2013-01-08","","","","","",,"",0.41,0,0.42,"Neutral",""
"2013-01-09","","","","","",,"",0.4,0,0.41,"Neutral",""
"2013-01-10","","","","","",,"",0.39,0,0.4,"Neutral",""
"2013-01-11","","","","","",,"",0.38,0,0.39,"Neutral",""
"2013-01-12","","","","","",,"",0.37,0,0.38,"Neutral",""
"2013-01-13","","","","","",,"",0.36,0,0.37,"Neutral",""
"2013-01-14","","","","","",,"",0.35,0,0.36,"Neutral",""
"2013-01-15","","","","","",,"",0.34,0,0.35,"Neutral",""
"2013-01-16","","","","","",,"",0.34,0,0.34,"Neutral",""
"2013-01-17","","","","","",,"",0.33,0,0.34,"Neutral",""
"2013-01-18","","","","","",,"",0.32,0,0.33,"Neutral",""
"2013-01-19","","","","","",,"",0.31,0,0.32,"Neutral",""
"2013-01-20","","","","","",,"",0.31,0,0.31,"Neutral",""
"2013-01-21","","","","","",,"",0.3,0,0.31,"Neutral",""
"2013-01-22","","","","","",,"",0.29,0,0.3,"Neutral",""
"2013-01-23","","","","","",,"",0.28,0,0.29,"Neutral",""
"2013-01-24","","","","","",,"",0.28,0,0.28,"Neutral",""
"2013-01-25","","","","","",,"",0.27,0,0.28,"Neutral",""
"2013-01-26","","","","","",,"",0.26,0,0.27,"Neutral",""
"2013-01-27","","","","","",,"",0.26,0,0.26,"Neutral",""
"2013-01-28","","","","","",,"",0.25,0,0.26,"Neutral",""
"2013-01-29","","","","","",,"",0.25,0,0.25,"Neutral",""
"2013-01-30","","","","","",,"",0.24,0,0.25,"Neutral",""
"2013-01-31","","","","","",,"",0.23,0,0.24,"Neutral",""
"2013-02-01","","","","","",,"",0.23,0,0.23,"Neutral",""
"2013-02-02","","","","","",,"",0.22,0,0.23,"Neutral",""
"2013-02-03","","","","","",,"",0.22,0,0.22,"Neutral",""
"2013-02-04","","","","","",,"",0.21,0,0.22,"Neutral",""
"2013-02-05","","","","","",,"",0.21,0,0.21,"Neutral",""
"2013-02-06","","","","","",,"",0.2,0,0.21,"Neutral",""
"2013-02-07","","","","","",,"",0.2,0,0.2,"Neutral",""
"2013-02-08","","","","","",,"",0.19,0,0.2,"Neutral",""
"2013-02-09","","","","","",,"",0.19,0,0.19,"Neutral",""
"2013-02-10","","","","","",,"",0.18,0,0.19,"Neutral",""
"2013-02-11","","","","","",,"",0.18,0,0.18,"Neutral",""
"2013-02-12","","","","","",,"",0.17,0,0.18,"Neutral",""
"2013-02-13","","","","","",,"",0.17,0,0.17,"Neutral",""
"2013-02-14","","","","","",,"",0.17,0,0.17,"Neutral",""
"2013-02-15","","","","","",,"",0.16,0,0.17,"Neutral",""
"2013-02-16","","","","","",,"",0.16,0,0.16,"Neutral",""
"2013-02-17","","","","","",,"",0.15,0,0.16,"Neutral",""
"2013-02-18","","","","","",,"",0.15,0,0.15,"Neutral",""
"2013-02-19","","","","","",,"",0.15,0,0.15,"Neutral",""
"2013-02-20","","","","","",,"",0.14,0,0.15,"Neutral",""
"2013-02-21","","","","","",,"",0.14,0,0.14,"Neutral",""
"2013-02-22","","","","","",,"",0.14,0,0.14,"Neutral",""
"2013-02-23","","","","","",,"",0.13,0,0.14,"Neutral",""
"2013-02-24","","","","","",,"",0.13,0,0.13,"Neutral",""
"2013-02-25","","","","","",,"",0.13,0,0.13,"Neutral",""
"2013-02-26","","","","","",,"",0.12,0,0.13,"Neutral",""
"2013-02-27","","","","","",,"",0.12,0,0.12,"Neutral",""
"2013-02-28","","","","","",,"",0.12,0,0.12,"Neutral",""
"2013-03-01","","","","","",,"",0.11,0,0.12,"Neutral",""
"2013-03-02","","","","","",,"",0.11,0,0.11,"Neutral",""
"2013-03-03","","","","","",,"",0.11,0,0.11,"Neutral",""
"2013-03-04","","","","","",,"",0.11,0,0.11,"Neutral",""
"2013-03-05","","","","","",,"",0.1,0,0.11,"Neutral",""
"2013-03-06","","","","","",,"",0.1,0,0.1,"Neutral",""
"2013-03-07","","","","","",,"",0.1,0,0.1,"Neutral",""
"2013-03-08","","","","","",,"",0.1,0,0.1,"Neutral",""
"2013-03-09","","","","","",,"",0.09,0,0.1,"Neutral",""
"2013-03-10","","","","","",,"",0.09,0,0.09,"Neutral",""
"2013-03-11","","","","","",,"",0.09,0,0.09,"Neutral",""
"2013-03-12","","","","","",,"",0.09,0,0.09,"Neutral",""
"2013-03-13","","","","","",,"",0.09,0,0.09,"Neutral",""
"2013-03-14","","","","","",,"",0.08,0,0.09,"Neutral",""
"2013-03-15","","","","","",,"",0.08,0,0.08,"Neutral",""
"2013-03-16","","","","","",,"",0.08,0,0.08,"Neutral",""
"2013-03-17","","","","","",,"",0.08,0,0.08,"Neutral",""
"2013-03-18","","","","","",,"",0.07,0,0.08,"Neutral",""
"2013-03-19","","","","","",,"",0.07,0,0.07,"Neutral",""
"2013-03-20","","","","","",,"",0.07,0,0.07,"Neutral",""
"2013-03-21","","","","","",,"",0.07,0,0.07,"Neutral",""
"2013-03-22","","","","","",,"",0.07,0,0.07,"Neutral",""
"2013-03-23","","","","","",,"",0.07,0,0.07,"Neutral",""
"2013-03-24","","","","","",,"",0.06,0,0.07,"Neutral",""
"2013-03-25","","","","","",,"",0.06,0,0.06,"Neutral",""
"2013-03-26","","","","","",,"",0.06,0,0.06,"Neutral",""
"2013-03-27","","","","","",,"",0.06,0,0.06,"Neutral",""
"2013-03-28","","","","","",,"",0.06,0,0.06,"Neutral",""
"2013-03-29","","","","","",,"",0.06,0,0.06,"Neutral",""
"2013-03-30","","","","","",,"",0.06,0,0.06,"Neutral",""
"2013-03-31","","","","","",,"",0.05,0,0.06,"Neutral",""
"2013-04-01","","","","","",,"",0.05,0,0.05,"Neutral",""
"2013-04-02","","","","","",,"",0.05,0,0.05,"Neutral",""
"2013-04-03","","","","","",,"",0.05,0,0.05,"Neutral",""
"2013-04-04","","","","","",,"",0.05,0,0.05,"Neutral",""
"2013-04-05","","","","","",,"",0.05,0,0.05,"Neutral",""
"2013-04-06","","","","","",,"",0.05,0,0.05,"Neutral",""
"2013-04-07","","","","","",,"",0.04,0,0.05,"Neutral",""
"2013-04-08","","","","","",,"",0.04,0,0.04,"Neutral",""
"2013-04-09","","","","","",,"",0.04,0,0.04,"Neutral",""
"2013-04-10","","","","","",,"",0.04,0,0.04,"Neutral",""
"2013-04-11","","","","","",,"",0.04,0,0.04,"Neutral",""
"2013-04-12","","","","","",,"",0.04,0,0.04,"Neutral",""
"2013-04-13","","","","","",,"",0.04,0,0.04,"Neutral",""
"2013-04-14","","","","","",,"",0.04,0,0.04,"Neutral",""
"2013-04-15","","","","","",,"",0.04,0,0.04,"Neutral",""
"2013-04-16","","","","","",,"",0.04,0,0.04,"Neutral",""
"2013-04-17","","","","","",,"",0.03,0,0.04,"Neutral",""
"2013-04-18","","","","","",,"",0.03,0,0.03,"Neutral",""
"2013-04-19","","","","","",,"",0.03,0,0.03,"Neutral",""
"2013-04-20","","","","","",,"",0.03,0,0.03,"Neutral",""
"2013-04-21","","","","","",,"",0.03,0,0.03,"Neutral",""
"2013-04-22","","","","","",,"",0.03,0,0.03,"Neutral",""
"2013-04-23","","","","","",,"",0.03,0,0.03,"Neutral",""
"2013-04-24","","","","","",,"",0.03,0,0.03,"Neutral",""
"2013-04-25","","","","","",,"",0.03,0,0.03,"Neutral",""
"2013-04-26","","","","","",,"",0.03,0,0.03,"Neutral",""
"2013-04-27","","","","","",,"",0.03,0,0.03,"Neutral",""
"2013-04-28","","","","","",,"",0.03,0,0.03,"Neutral",""
"2013-04-29","","","","","",,"",0.02,0,0.03,"Neutral",""
"2013-04-30","","","","","",,"",0.02,0,0.02,"Neutral",""
"2013-05-01","","","","","",,"",0.02,0,0.02,"Neutral",""
"2013-05-02","","","","","",,"",0.02,0,0.02,"Neutral",""
"2013-05-03","","","","","",,"",0.02,0,0.02,"Neutral",""
"2013-05-04","","","","","",,"",0.02,0,0.02,"Neutral",""
"2013-05-05","","","","","",,"",0.02,0,0.02,"Neutral",""
"2013-05-06","","","","","",,"",0.02,0,0.02,"Neutral",""
"2013-05-07","","","","","",,"",0.02,0,0.02,"Neutral",""
"2013-05-08","","","","","",,"",0.02,0,0.02,"Neutral",""
"2013-05-09","","","","","",,"",0.02,0,0.02,"Neutral",""
"2013-05-10","","","","","",,"",0.02,0,0.02,"Neutral",""
"2013-05-11","","","","","",,"",0.02,0,0.02,"Neutral",""
"2013-05-12","","","","","",,"",0.02,0,0.02,"Neutral",""
"2013-05-13","","","","","",,"",0.02,0,0.02,"Neutral",""
"2013-05-14","","","","","",,"",0.02,0,0.02,"Neutral",""
"2013-05-15","","","","","",,"",0.02,0,0.02,"Neutral",""
"2013-05-16","","","","","",,"",0.01,0,0.02,"Neutral",""
"2013-05-17","","","","","",,"",0.01,0,0.01,"Neutral",""
"2013-05-18","","","","","",,"",0.01,0,0.01,"Neutral",""
"2013-05-19","","","","","",,"",0.01,0,0.01,"Neutral",""
"2013-05-20","","","","","",,"",0.01,0,0.01,"Neutral",""
"2013-05-21","","","","","",,"",0.01,0,0.01,"Neutral",""
"2013-05-22","","","","","",,"",0.01,0,0.01,"Neutral",""
"2013-05-23","","","","","",,"",0.01,0,0.01,"Neutral",""
"2013-05-24","","","","","",,"",0.01,0,0.01,"Neutral",""
"2013-05-25","","","","","",,"",0.01,0,0.01,"Neutral",""
"2013-05-26","","","","","",,"",0.01,0,0.01,"Neutral",""
"2013-05-27","","","","","",,"",0.01,0,0.01,"Neutral",""
"2013-05-28","","","","","",,"",0.01,0,0.01,"Neutral",""
"2013-05-29","","","","","",,"",0.01,0,0.01,"Neutral",""
"2013-05-30","","","","","",,"",0.01,0,0.01,"Neutral",""
"2013-05-31","","","","","",,"",0.01,0,0.01,"Neutral",""
"2013-06-01","","","","","",,"",0.01,0,0.01,"Neutral",""
"2013-06-02","","","","","",,"",0.01,0,0.01,"Neutral",""
"2013-06-03","","","","","",,"",0.01,0,0.01,"Neutral",""
"2013-06-04","","","","","",,"",0.01,0,0.01,"Neutral",""
"2013-06-05","","","","","",,"",0.01,0,0.01,"Neutral",""
"2013-06-06","","","","","",,"",0.01,0,0.01,"Neutral",""
"2013-06-07","","","","","",,"",0.01,0,0.01,"Neutral",""
"2013-06-08","","","","","",,"",0.01,0,0.01,"Neutral",""
"2013-06-09","","","","","",,"",0.01,0,0.01,"Neutral",""
"2013-06-10","","","","","",,"",0.01,0,0.01,"Neutral",""
"2013-06-11","","","","","",,"",0.01,0,0.01,"Neutral",""
"2013-06-12","","","","","",,"",0.01,0,0.01,"Neutral",""
"2013-06-13","","","","","",,"",0.01,0,0.01,"Neutral",""
"2013-06-14","","","","","",,"",0,0,0.01,"Neutral",""
"2013-06-15","","","","","",,"",0,0,0,"Neutral",""
"2013-06-16","","","","","",,"",0,0,0,"Neutral",""
"2013-06-17","","","","","",,"",0,0,0,"Neutral",""
"2013-06-18","","","","","",,"",0,0,0,"Neutral",""
"2013-06-19","","","","","",,"",0,0,0,"Neutral",""
"2013-06-20","","","","","",,"",0,0,0,"Neutral",""
"2013-06-21","","","","","",,"",0,0,0,"Neutral",""
"2013-06-22","","","","","",,"",0,0,0,"Neutral",""
"2013-06-23","","","","","",,"",0,0,0,"Neutral",""
"2013-06-24","","","","","",,"",0,0,0,"Neutral",""
"2013-06-25","","","","","",,"",0,0,0,"Neutral",""
"2013-06-26","","","","","",,"",0,0,0,"Neutral",""
"2013-06-27","","","","","",,"",0,0,0,"Neutral",""
"2013-06-28","","","","","",,"",0,0,0,"Neutral",""
"2013-06-29","","","","","",,"",0,0,0,"Neutral",""
"2013-06-30","","","","","",,"",0,0,0,"Neutral",""
"2013-07-01","","","","","",,"",0,0,0,"Neutral",""
"2013-07-02","","","","","",,"",0,0,0,"Neutral",""
"2013-07-03","","","","","",,"",0,0,0,"Neutral",""
"2013-07-04","","","","","",,"",0,0,0,"Neutral",""
"2013-07-05","","","","","",,"",0,0,0,"Neutral",""
"2013-07-06","","","","","",,"",0,0,0,"Neutral",""
"2013-07-07","","","","","",,"",0,0,0,"Neutral",""
"2013-07-08","","","","","",,"",0,0,0,"Neutral",""
"2013-07-09","","","","","",,"",0,0,0,"Neutral",""
"2013-07-10","","","","","",,"",0,0,0,"Neutral",""
"2013-07-11","","","","","",,"",0,0,0,"Neutral",""
"2013-07-12","","","","","",,"",0,0,0,"Neutral",""
"2013-07-13","","","","","",,"",0,0,0,"Neutral",""
"2013-07-14","","","","","",,"",0,0,0,"Neutral",""
"2013-07-15","","","","","",,"",0,0,0,"Neutral",""
"2013-07-16","","","","","",,"",0,0,0,"Neutral",""
"2013-07-17","","","","","",,"",0,0,0,"Neutral",""
"2013-07-18","","","","","",,"",0,0,0,"Neutral",""
"2013-07-19","","","","","",,"",0,0,0,"Neutral",""
"2013-07-20","","","","","",,"",0,0,0,"Neutral",""
"2013-07-21","","","","","",,"",0,0,0,"Neutral",""
"2013-07-22","","","","","",,"",0,0,0,"Neutral",""
"2013-07-23","","","","","",,"",0,0,0,"Neutral",""
"2013-07-24","","","","","",,"",0,0,0,"Neutral",""
"2013-07-25","","","","","",,"",0,0,0,"Neutral",""
"2013-07-26","","","","","",,"",0,0,0,"Neutral",""
"2013-07-27","","","","","",,"",0,0,0,"Neutral",""
"2013-07-28","","","","","",,"",0,0,0,"Neutral",""
"2013-07-29","","","","","",,"",0,0,0,"Neutral",""
"2013-07-30","","","","","",,"",0,0,0,"Neutral",""
"2013-07-31","","","","","",,"",0,0,0,"Neutral",""
"2013-08-01","","","","","",,"",0,0,0,"Neutral",""
"2013-08-02","","","","","",,"",0,0,0,"Neutral",""
"2013-08-03","","","","","",,"",0,0,0,"Neutral",""
"2013-08-04","","","","","",,"",0,0,0,"Neutral",""
"2013-08-05","","","","","",,"",0,0,0,"Neutral",""
"2013-08-06","","","","","",,"",0,0,0,"Neutral",""
"2013-08-07","","","","","",,"",0,0,0,"Neutral",""
"2013-08-08","","","","","",,"",0,0,0,"Neutral",""
"2013-08-09","","","","","",,"",0,0,0,"Neutral",""
"2013-08-10","","","","","",,"",0,0,0,"Neutral",""
"2013-08-11","","","","","",,"",0,0,0,"Neutral",""
"2013-08-12","","","","","",,"",0,0,0,"Neutral",""
"2013-08-13","","","","","",,"",0,0,0,"Neutral",""
"2013-08-14","","","","","",,"",0,0,0,"Neutral",""
"2013-08-15","","","","","",,"",0,0,0,"Neutral",""
"2013-08-16","","","","","",,"",0,0,0,"Neutral",""
"2013-08-17","","","","","",,"",0,0,0,"Neutral",""
"2013-08-18","","","","","",,"",0,0,0,"Neutral",""
"2013-08-19","","","","","",,"",0,0,0,"Neutral",""
"2013-08-20","","","","","",,"",0,0,0,"Neutral",""
"2013-08-21","","","","","",,"",0,0,0,"Neutral",""
"2013-08-22","","","","","",,"",0,0,0,"Neutral",""
"2013-08-23","","","","","",,"",0,0,0,"Neutral",""
"2013-08-24","","","","","",,"",0,0,0,"Neutral",""
"2013-08-25","","","","","",,"",0,0,0,"Neutral",""
"2013-08-26","","","","","",,"",0,0,0,"Neutral",""
"2013-08-27","","","","","",,"",0,0,0,"Neutral",""
"2013-08-28","","","","","",,"",0,0,0,"Neutral",""
"2013-08-29","","","","","",,"",0,0,0,"Neutral",""
"2013-08-30","","","","","",,"",0,0,0,"Neutral",""
"2013-08-31","","","","","",,"",0,0,0,"Neutral",""
"2013-09-01","","","","","",,"",0,0,0,"Neutral",""
"2013-09-02","","","","","",,"",0,0,0,"Neutral",""
"2013-09-03","","","","","",,"",0,0,0,"Neutral",""
"2013-09-04","","","","","",,"",0,0,0,"Neutral",""
"2013-09-05","","","","","",,"",0,0,0,"Neutral",""
"2013-09-06","","","","","",,"",0,0,0,"Neutral",""
"2013-09-07","","","","","",,"",0,0,0,"Neutral",""
"2013-09-08","","","","","",,"",0,0,0,"Neutral",""
"2013-09-09","","","","","",,"",0,0,0,"Neutral",""
"2013-09-10","","","","","",,"",0,0,0,"Neutral",""
"2013-09-11","","","","","",,"",0,0,0,"Neutral",""
"2013-09-12","","","","","",,"",0,0,0,"Neutral",""
"2013-09-13","","","","","",,"",0,0,0,"Neutral",""
"2013-09-14","","","","","",,"",0,0,0,"Neutral",""
"2013-09-15","","","","","",,"",0,0,0,"Neutral",""
"2013-09-16","","","","","",,"",0,0,0,"Neutral",""
"2013-09-17","","","","","",,"",0,0,0,"Neutral",""
"2013-09-18","","","","","",,"",0,0,0,"Neutral",""
"2013-09-19","","","","","",,"",0,0,0,"Neutral",""
"2013-09-20","","","","","",,"",0,0,0,"Neutral",""
"2013-09-21","","","","","",,"",0,0,0,"Neutral",""
"2013-09-22","","","","","",,"",0,0,0,"Neutral",""
"2013-09-23","","","","","",,"",0,0,0,"Neutral",""
"2013-09-24","","","","","",,"",0,0,0,"Neutral",""
"2013-09-25","","","","","",,"",0,0,0,"Neutral",""
"2013-09-26","","","","","",,"",0,0,0,"Neutral",""
"2013-09-27","","","","","",,"",0,0,0,"Neutral",""
"2013-09-28","","","","","",,"",0,0,0,"Neutral",""
"2013-09-29","","","","","",,"",0,0,0,"Neutral",""
"2013-09-30","","","","","",,"",0,0,0,"Neutral",""
"2013-10-01","","","","","",,"",0,0,0,"Neutral",""
"2013-10-02","","","","","",,"",0,0,0,"Neutral",""
"2013-10-03","","","","","",,"",0,0,0,"Neutral",""
"2013-10-04","","","","","",,"",0,0,0,"Neutral",""
"2013-10-05","","","","","",,"",0,0,0,"Neutral",""
"2013-10-06","","","","","",,"",0,0,0,"Neutral",""
"2013-10-07","","","","","",,"",0,0,0,"Neutral",""
"2013-10-08","","","","","",,"",0,0,0,"Neutral",""
"2013-10-09","","","","","",,"",0,0,0,"Neutral",""
"2013-10-10","","","","","",,"",0,0,0,"Neutral",""
"2013-10-11","","","","","",,"",0,0,0,"Neutral",""
"2013-10-12","","","","","",,"",0,0,0,"Neutral",""
"2013-10-13","","","","","",,"",0,0,0,"Neutral",""
"2013-10-14","","","","","",,"",0,0,0,"Neutral",""
"2013-10-15","","","","","",,"",0,0,0,"Neutral",""
"2013-10-16","","","","","",,"",0,0,0,"Neutral",""
"2013-10-17","","","","","",,"",0,0,0,"Neutral",""
"2013-10-18","","","","","",,"",0,0,0,"Neutral",""
"2013-10-19","","","","","",,"",0,0,0,"Neutral",""
"2013-10-20","","","","","",,"",0,0,0,"Neutral",""
"2013-10-21","","","","","",,"",0,0,0,"Neutral",""
"2013-10-22","","","","","",,"",0,0,0,"Neutral",""
"2013-10-23","","","","","",,"",0,0,0,"Neutral",""
"2013-10-24","","","","","",,"",0,0,0,"Neutral",""
"2013-10-25","","","","","",,"",0,0,0,"Neutral",""
"2013-10-26","","","","","",,"",0,0,0,"Neutral",""
"2013-10-27","","","","","",,"",0,0,0,"Neutral",""
"2013-10-28","","","","","",,"",0,0,0,"Neutral",""
"2013-10-29","","","","","",,"",0,0,0,"Neutral",""
"2013-10-30","","","","","",,"",0,0,0,"Neutral",""
"2013-10-31","","","","","",,"",0,0,0,"Neutral",""
"2013-11-01","","","","","",,"",0,0,0,"Neutral",""
"2013-11-02","","","","","",,"",0,0,0,"Neutral",""
"2013-11-03","","","","","",,"",0,0,0,"Neutral",""
"2013-11-04","","","","","",,"",0,0,0,"Neutral",""
"2013-11-05","","","","","",,"",0,0,0,"Neutral",""
"2013-11-06","","","","","",,"",0,0,0,"Neutral",""
"2013-11-07","","","","","",,"",0,0,0,"Neutral",""
"2013-11-08","","","","","",,"",0,0,0,"Neutral",""
"2013-11-09","","","","","",,"",0,0,0,"Neutral",""
"2013-11-10","","","","","",,"",0,0,0,"Neutral",""
"2013-11-11","","","","","",,"",0,0,0,"Neutral",""
"2013-11-12","","","","","",,"",0,0,0,"Neutral",""
"2013-11-13","","","","","",,"",0,0,0,"Neutral",""
"2013-11-14","","","","","",,"",0,0,0,"Neutral",""
"2013-11-15","","","","","",,"",0,0,0,"Neutral",""
"2013-11-16","","","","","",,"",0,0,0,"Neutral",""
"2013-11-17","","","","","",,"",0,0,0,"Neutral",""
"2013-11-18","","","","","",,"",0,0,0,"Neutral",""
"2013-11-19","","","","","",,"",0,0,0,"Neutral",""
"2013-11-20","","","","","",,"",0,0,0,"Neutral",""
"2013-11-21","","","","","",,"",0,0,0,"Neutral",""
"2013-11-22","","","","","",,"",0,0,0,"Neutral",""
"2013-11-23","","","","","",,"",0,0,0,"Neutral",""
"2013-11-24","","","","","",,"",0,0,0,"Neutral",""
"2013-11-25","","","","","",,"",0,0,0,"Neutral",""
"2013-11-26","","","","","",,"",0,0,0,"Neutral",""
"2013-11-27","","","","","",,"",0,0,0,"Neutral",""
"2013-11-28","","","","","",,"",0,0,0,"Neutral",""
"2013-11-29","","","","","",,"",0,0,0,"Neutral",""
"2013-11-30","","","","","",,"",0,0,0,"Neutral",""
"2013-12-01","","","","","",,"",0,0,0,"Neutral",""
"2013-12-02","","","","","",,"",0,0,0,"Neutral",""
"2013-12-03","","","","","",,"",0,0,0,"Neutral",""
"2013-12-04","","","","","",,"",0,0,0,"Neutral",""
"2013-12-05","","","","","",,"",0,0,0,"Neutral",""
"2013-12-06","","","","","",,"",0,0,0,"Neutral",""
"2013-12-07","","","","","",,"",0,0,0,"Neutral",""
"2013-12-08","","","","","",,"",0,0,0,"Neutral",""
"2013-12-09","","","","","",,"",0,0,0,"Neutral",""
"2013-12-10","","","","","",,"",0,0,0,"Neutral",""
"2013-12-11","","","","","",,"",0,0,0,"Neutral",""
"2013-12-12","","","","","",,"",0,0,0,"Neutral",""
"2013-12-13","","","","","",,"",0,0,0,"Neutral",""
"2013-12-14","","","","","",,"",0,0,0,"Neutral",""
"2013-12-15","","","","","",,"",0,0,0,"Neutral",""
"2013-12-16","","","","","",,"",0,0,0,"Neutral",""
"2013-12-17","","","","","",,"",0,0,0,"Neutral",""
"2013-12-18","","","","","",,"",0,0,0,"Neutral",""
"2013-12-19","","","","","",,"",0,0,0,"Neutral",""
"2013-12-20","","","","","",,"",0,0,0,"Neutral",""
"2013-12-21","","","","","",,"",0,0,0,"Neutral",""
"2013-12-22","","","","","",,"",0,0,0,"Neutral",""
"2013-12-23","","","","","",,"",0,0,0,"Neutral",""
"2013-12-24","","","","","",,"",0,0,0,"Neutral",""
"2013-12-25","","","","","",,"",0,0,0,"Neutral",""
"2013-12-26","","","","","",,"",0,0,0,"Neutral",""
"2013-12-27","","","","","",,"",0,0,0,"Neutral",""
"2013-12-28","","","","","",,"",0,0,0,"Neutral",""
"2013-12-29","","","","","",,"",0,0,0,"Neutral",""
"2013-12-30","","","","","",,"",0,0,0,"Neutral",""
"2013-12-31","","","","","",,"",0,0,0,"Neutral",""
"2014-01-01","","","","","",,"",0,0,0,"Neutral",""
"2014-01-02","","","","","",,"",0,0,0,"Neutral",""
"2014-01-03","","","","","",,"",0,0,0,"Neutral",""
"2014-01-04","","","","","",,"",0,0,0,"Neutral",""
"2014-01-05","","","","","",,"",0,0,0,"Neutral",""
"2014-01-06","","","","","",,"",0,0,0,"Neutral",""
"2014-01-07","","","","","",,"",0,0,0,"Neutral",""
"2014-01-08","","","","","",,"",0,0,0,"Neutral",""
"2014-01-09","","","","","",,"",0,0,0,"Neutral",""
"2014-01-10","","","","","",,"",0,0,0,"Neutral",""
"2014-01-11","","","","","",,"",0,0,0,"Neutral",""
"2014-01-12","","","","","",,"",0,0,0,"Neutral",""
"2014-01-13","","","","","",,"",0,0,0,"Neutral",""
"2014-01-14","","","","","",,"",0,0,0,"Neutral",""
"2014-01-15","","","","","",,"",0,0,0,"Neutral",""
"2014-01-16","","","","","",,"",0,0,0,"Neutral",""
"2014-01-17","","","","","",,"",0,0,0,"Neutral",""
"2014-01-18","","","","","",,"",0,0,0,"Neutral",""
"2014-01-19","","","","","",,"",0,0,0,"Neutral",""
"2014-01-20","","","","","",,"",0,0,0,"Neutral",""
"2014-01-21","","","","","",,"",0,0,0,"Neutral",""
"2014-01-22","","","","","",,"",0,0,0,"Neutral",""
"2014-01-23","","","","","",,"",0,0,0,"Neutral",""
"2014-01-24","","","","","",,"",0,0,0,"Neutral",""
"2014-01-25","","","","","",,"",0,0,0,"Neutral",""
"2014-01-26","","","","","",,"",0,0,0,"Neutral",""
"2014-01-27","","","","","",,"",0,0,0,"Neutral",""
"2014-01-28","","","","","",,"",0,0,0,"Neutral",""
"2014-01-29","","","","","",,"",0,0,0,"Neutral",""
"2014-01-30","","","","","",,"",0,0,0,"Neutral",""
"2014-01-31","","","","","",,"",0,0,0,"Neutral",""
"2014-02-01","","","","","",,"",0,0,0,"Neutral",""
"2014-02-02","","","","","",,"",0,0,0,"Neutral",""
"2014-02-03","","","","","",,"",0,0,0,"Neutral",""
"2014-02-04","","","","","",,"",0,0,0,"Neutral",""
"2014-02-05","","","","","",,"",0,0,0,"Neutral",""
"2014-02-06","","","","","",,"",0,0,0,"Neutral",""
"2014-02-07","","","","","",,"",0,0,0,"Neutral",""
"2014-02-08","","","","","",,"",0,0,0,"Neutral",""
"2014-02-09","","","","","",,"",0,0,0,"Neutral",""
"2014-02-10","","","","","",,"",0,0,0,"Neutral",""
"2014-02-11","","","","","",,"",0,0,0,"Neutral",""
"2014-02-12","","","","","",,"",0,0,0,"Neutral",""
"2014-02-13","","","","","",,"",0,0,0,"Neutral",""
"2014-02-14","","","","","",,"",0,0,0,"Neutral",""
"2014-02-15","","","","","",,"",0,0,0,"Neutral",""
"2014-02-16","","","","","",,"",0,0,0,"Neutral",""
"2014-02-17","","","","","",,"",0,0,0,"Neutral",""
"2014-02-18","","","","","",,"",0,0,0,"Neutral",""
"2014-02-19","","","","","",,"",0,0,0,"Neutral",""
"2014-02-20","","","","","",,"",0,0,0,"Neutral",""
"2014-02-21","","","","","",,"",0,0,0,"Neutral",""
"2014-02-22","","","","","",,"",0,0,0,"Neutral",""
"2014-02-23","Ride","Riverside","",138.2,"",,138.2,3.25,18.39,0,"Neutral","Cycling Ftp 175w. Weight 70kg."
"2014-02-24","","","","","",,"",3.17,15.94,-15.15,"Optimal",""
"2014-02-25","","","","","",,"",3.1,13.82,-12.78,"Optimal",""
"2014-02-26","","","","","",,"",3.02,11.98,-10.73,"Optimal",""
"2014-02-27","","","","","",,"",2.95,10.39,-8.96,"Neutral",""
"2014-02-28","","","","","",,"",2.88,9,-7.44,"Neutral",""
"2014-03-01","","","","","",,"",2.81,7.8,-6.13,"Neutral",""
"2014-03-02","","","","","",,"",2.75,6.76,-4.99,"Neutral",""
"2014-03-03","","","","","",,"",2.68,5.86,-4.02,"Neutral",""
"2014-03-04","","","","","",,"",2.62,5.08,-3.18,"Neutral",""
"2014-03-05","","","","","",,"",2.56,4.4,-2.47,"Neutral",""
"2014-03-06","","","","","",,"",2.5,3.82,-1.85,"Neutral",""
"2014-03-07","","","","","",,"",2.44,3.31,-1.32,"Neutral",""
"2014-03-08","","","","","",,"",2.38,2.87,-0.87,"Neutral",""
"2014-03-09","","","","","",,"",2.33,2.48,-0.49,"Neutral",""
"2014-03-10","","","","","",,"",2.27,2.15,-0.16,"Neutral",""
"2014-03-11","","","","","",,"",2.22,1.87,0.11,"Neutral",""
"2014-03-12","","","","","",,"",2.16,1.62,0.35,"Neutral",""
"2014-03-13","","","","","",,"",2.11,1.4,0.54,"Neutral",""
"2014-03-14","","","","","",,"",2.06,1.21,0.71,"Neutral",""
"2014-03-15","Ride","Riverside","",166.37,"",,166.37,5.93,23.2,0.84,"Neutral","Cycling Ftp 175w. Weight 70kg."
"2014-03-16","","","","","",,"",5.79,20.11,-17.28,"Optimal",""
"2014-03-17","Ride","Lakeshore","",104.23,"",,104.23,8.11,31.31,-14.33,"Optimal","Cycling Ftp 175w. Weight 70kg."
"2014-03-18","","","","","",,"",7.92,27.14,-23.21,"Optimal",""
"2014-03-19","Run","Skyview","","","",,"",7.73,23.53,-19.23,"Optimal","Weight 70kg."
"2014-03-20","","","","","",,"",7.55,20.39,-15.8,"Optimal",""
"2014-03-21","","","","","",,"",7.37,17.68,-12.85,"Optimal",""
"2014-03-22","","","","","",,"",7.2,15.32,-10.31,"Optimal",""
"2014-03-23","","","","","",,"",7.03,13.28,-8.13,"Neutral",""
"2014-03-24","","","","","",,"",6.86,11.51,-6.26,"Neutral",""
"2014-03-25","","","","","",,"",6.7,9.98,-4.66,"Neutral",""
"2014-03-26","","","","","",,"",6.54,8.65,-3.29,"Neutral",""
"2014-03-27","","","","","",,"",6.39,7.5,-2.12,"Neutral",""
"2014-03-28","","","","","",,"",6.24,6.5,-1.12,"Neutral",""
"2014-03-29","","","","","",,"",6.09,5.63,-0.27,"Neutral",""
"2014-03-30","","","","","",,"",5.95,4.88,0.45,"Neutral",""
"2014-03-31","","","","","",,"",5.81,4.23,1.06,"Neutral",""
"2014-04-01","","","","","",,"",5.67,3.67,1.57,"Neutral",""
"2014-04-02","Ride","04/02/2014 Vancouver, WA","",105.1,"",,105.1,8.01,17.17,2,"Neutral","Cycling Ftp 175w. Weight 70kg."
"2014-04-03","","","","","",,"",7.82,14.88,-9.17,"Neutral",""
"2014-04-04","","","","","",,"",7.64,12.9,-7.07,"Neutral",""
"2014-04-05","","","","","",,"",7.46,11.18,-5.27,"Neutral",""
"2014-04-06","","","","","",,"",7.28,9.69,-3.73,"Neutral",""
"2014-04-07","Ride","Lakesshore - Cyclemeter","",104.12,"",,104.12,9.56,22.26,-2.42,"Neutral","Cycling Ftp 175w. Weight 70kg."
"2014-04-08","","","","","",,"",9.33,19.3,-12.71,"Optimal",""
"2014-04-09","","","","","",,"",9.11,16.73,-9.97,"Neutral",""
"2014-04-10","Ride","Hp Fuller - Cyclemeter","",28.01,"",,28.01,9.56,18.23,-7.62,"Neutral","Cycling Ftp 175w. Weight 70kg."
"2014-04-11","","","","","",,"",9.33,15.8,-8.68,"Neutral",""
"2014-04-12","Ride","Lakesshore - Cyclemeter","",155.46,"",,155.46,12.77,34.39,-6.47,"Neutral","Cycling Ftp 175w. Weight 70kg."
"2014-04-13","Ride","To Downtown Portland - Cyclemeter","",599.2,"",,599.2,26.57,109.58,-21.63,"Optimal","Cycling Ftp 175w. Weight 70kg."
"2014-04-14","","","","","",,"",25.94,94.99,-83.02,"Overload",""
"2014-04-15","","","","","",,"",25.33,82.35,-69.05,"Overload",""
"2014-04-16","","","","","",,"",24.74,71.38,-57.02,"Overload",""
"2014-04-17","","","","","",,"",24.16,61.88,-46.65,"Overload",""
"2014-04-18","Ride","Lakesshore - Cyclemeter","",109.65,"",,109.65,26.17,68.24,-37.73,"Overload","Cycling Ftp 175w. Weight 70kg."
"2014-04-19","","","","","",,"",25.55,59.16,-42.08,"Overload",""
"2014-04-20","Ride","Mount Vista - Cycle - Cyclemeter","",310.67,"",,310.67,32.26,92.64,-33.61,"Overload","Cycling Ftp 175w. Weight 70kg."
"2014-04-21","","","","","",,"",31.5,80.3,-60.38,"Overload",""
"2014-04-22","","","","","",,"",30.76,69.61,-48.81,"Overload",""
"2014-04-23","","","","","",,"",30.04,60.35,-38.86,"Overload",""
"2014-04-24","","","","","",,"",29.33,52.31,-30.32,"Overload",""
"2014-04-25","","","","","",,"",28.64,45.35,-22.99,"Optimal",""
"2014-04-26","Ride","Lakesshore - Cyclemeter","",109.72,"",,109.72,30.55,53.92,-16.71,"Optimal","Cycling Ftp 175w. Weight 70kg."
"2014-04-27","","","","","",,"",29.83,46.74,-23.38,"Optimal",""
"2014-04-28","","","","","",,"",29.13,40.52,-16.92,"Optimal",""
"2014-04-29","Ride","Lakesshore - Cyclemeter","",136.06,"",,136.06,31.64,53.23,-11.4,"Optimal","Cycling Ftp 175w. Weight 70kg."
"2014-04-30","","","","","",,"",30.9,46.15,-21.6,"Optimal",""
"2014-05-01","","","","","",,"",30.17,40,-15.26,"Optimal",""
"2014-05-02","","","","","",,"",29.46,34.68,-9.84,"Neutral",""
"2014-05-03","Ride","RACC 2014 99mi - Cyclemeter","",688.41,"",,688.41,44.96,121.7,-5.22,"Neutral","Cycling Ftp 175w. Weight 70kg."
"2014-05-04","","","","","",,"",43.91,105.5,-76.74,"Overload",""
"2014-05-05","","","","","",,"",42.87,91.46,-61.6,"Overload",""
"2014-05-06","","","","","",,"",41.86,79.28,-48.59,"Overload",""
"2014-05-07","","","","","",,"",40.88,68.73,-37.42,"Overload",""
"2014-05-08","","","","","",,"",39.92,59.58,-27.85,"Optimal",""
"2014-05-09","","","","","",,"",38.98,51.64,-19.66,"Optimal",""
"2014-05-10","","","","","",,"",38.06,44.77,-12.67,"Optimal",""
"2014-05-11","","","","","",,"",37.16,38.81,-6.71,"Neutral",""
"2014-05-12","","","","","",,"",36.29,33.64,-1.65,"Neutral",""
"2014-05-13","","","","","",,"",35.44,29.16,2.64,"Neutral",""
"2014-05-14","","","","","",,"",34.6,25.28,6.27,"Freshness",""
"2014-05-15","","","","","",,"",33.79,21.91,9.32,"Freshness",""
"2014-05-16","","","","","",,"",32.99,19,11.87,"Freshness",""
"2014-05-17","","","","","",,"",32.22,16.47,13.99,"Freshness",""
"2014-05-18","","","","","",,"",31.46,14.27,15.75,"Freshness",""
"2014-05-19","","","","","",,"",30.72,12.37,17.18,"Freshness",""
"2014-05-20","","","","","",,"",30,10.73,18.34,"Freshness",""
"2014-05-21","","","","","",,"",29.29,9.3,19.27,"Freshness",""
"2014-05-22","","","","","",,"",28.6,8.06,19.99,"Freshness",""
"2014-05-23","","","","","",,"",27.93,6.99,20.54,"Freshness",""
"2014-05-24","","","","","",,"",27.27,6.05,20.94,"Freshness",""
"2014-05-25","Ride","Vancouver - Cycle - Cyclemeter","",6.63,"",,6.63,26.78,6.13,21.21,"Freshness","Cycling Ftp 175w. Weight 70kg."
"2014-05-26","Ride","Riverside - Cyclemeter","",133.86,"",,133.86,29.3,23.13,20.65,"Freshness","Cycling Ftp 175w. Weight 70kg."
"2014-05-27","","","","","",,"",28.61,20.05,6.16,"Freshness",""
"2014-05-28","","","","","",,"",27.94,17.38,8.56,"Freshness",""
"2014-05-29","","","","","",,"",27.28,15.07,10.55,"Freshness",""
"2014-05-30","","","","","",,"",26.64,13.06,12.21,"Freshness",""
"2014-05-31","","","","","",,"",26.01,11.32,13.57,"Freshness",""
"2014-06-01","Ride","Cycle - Cyclemeter","",31.2,"",,31.2,26.14,13.97,14.69,"Freshness","Cycling Ftp 175w. Weight 70kg."
"2014-06-02","","","","","",,"",25.52,12.11,12.16,"Freshness",""
"2014-06-03","Ride","Rock Creek Tavern loop","",79.15,"",,79.15,26.78,21.03,13.41,"Freshness","Cycling Ftp 175w. Weight 70kg."
"2014-06-04","","","","","",,"",26.15,18.23,5.75,"Freshness",""
"2014-06-05","Ride","Timetrial VBC - Cyclemeter","",64.85,"",,64.85,27.06,24.44,7.92,"Freshness","Cycling Ftp 175w. Weight 70kg."
"2014-06-06","","","","","",,"",26.43,21.18,2.62,"Neutral",""
"2014-06-07","","","","","",,"",25.8,18.36,5.24,"Freshness",""
"2014-06-08","Ride","Riverside - Cyclemeter","",187.24,"",,187.24,29.6,40.84,7.44,"Freshness","Cycling Ftp 175w. Weight 70kg."
"2014-06-09","","","","","",,"",28.91,35.41,-11.25,"Optimal",""
"2014-06-10","","","","","",,"",28.23,30.69,-6.51,"Neutral",""
"2014-06-11","Ride","Nike_Evrg_25th_ - Cyclemeter","",59.23,"",,59.23,28.96,34.49,-2.47,"Neutral","Cycling Ftp 175w. Weight 70kg."
"2014-06-12","","","","","",,"",28.27,29.9,-5.54,"Neutral",""
"2014-06-13","","","","","",,"",27.61,25.92,-1.63,"Neutral",""
"2014-06-14","","","","","",,"",26.96,22.47,1.69,"Neutral",""
"2014-06-15","","","","","",,"",26.32,19.48,4.49,"Neutral",""
"2014-06-16","","","","","",,"",25.7,16.88,6.84,"Freshness",""
"2014-06-17","","","","","",,"",25.1,14.63,8.82,"Freshness",""
"2014-06-18","","","","","",,"",24.51,12.69,10.46,"Freshness",""
"2014-06-19","Ride","Hillsboro - Cycle - Cyclemeter","",88.4,"",,88.4,26.01,22.77,11.82,"Freshness","Cycling Ftp 175w. Weight 70kg."
"2014-06-20","Ride","Lakesshore - Cyclemeter","",121.81,"",,121.81,28.27,35.95,3.24,"Neutral","Cycling Ftp 175w. Weight 70kg."
"2014-06-21","","","","","",,"",27.6,31.16,-7.69,"Neutral",""
"2014-06-22","","","","","",,"",26.95,27.01,-3.57,"Neutral",""
"2014-06-23","","","","","",,"",26.32,23.42,-0.07,"Neutral",""
"2014-06-24","","","","","",,"",25.7,20.3,2.89,"Neutral",""
"2014-06-25","","","","","",,"",25.09,17.6,5.39,"Freshness",""
"2014-06-26","","","","","",,"",24.5,15.25,7.49,"Freshness",""
"2014-06-27","","","","","",,"",23.93,13.22,9.24,"Freshness",""
"2014-06-28","","","","","",,"",23.36,11.46,10.7,"Freshness",""
"2014-06-29","","","","","",,"",22.81,9.93,11.9,"Freshness",""
"2014-06-30","","","","","",,"",22.28,8.61,12.87,"Freshness",""
"2014-07-01","","","","","",,"",21.75,7.46,13.66,"Freshness",""
"2014-07-02","","","","","",,"",21.24,6.47,14.28,"Freshness",""
"2014-07-03","","","","","",,"",20.74,5.61,14.77,"Freshness",""
"2014-07-04","","","","","",,"",20.25,4.86,15.13,"Freshness",""
"2014-07-05","","","","","",,"",19.78,4.21,15.39,"Freshness",""
"2014-07-06","","","","","",,"",19.31,3.65,15.56,"Freshness",""
"2014-07-07","","","","","",,"",18.86,3.16,15.65,"Freshness",""
"2014-07-08","","","","","",,"",18.41,2.74,15.69,"Freshness",""
"2014-07-09","","","","","",,"",17.98,2.38,15.66,"Freshness",""
"2014-07-10","","","","","",,"",17.56,2.06,15.6,"Freshness",""
"2014-07-11","","","","","",,"",17.14,1.79,15.49,"Freshness",""
"2014-07-12","","","","","",,"",16.74,1.55,15.35,"Freshness",""
"2014-07-13","","","","","",,"",16.35,1.34,15.19,"Freshness",""
"2014-07-14","","","","","",,"",15.96,1.16,15,"Freshness",""
"2014-07-15","","","","","",,"",15.58,1.01,14.79,"Freshness",""
"2014-07-16","","","","","",,"",15.22,0.87,14.57,"Freshness",""
"2014-07-17","","","","","",,"",14.86,0.75,14.34,"Freshness",""
"2014-07-18","Ride","Lakesshore - Cyclemeter","",101.3,"",,101.3,16.89,14.14,14.1,"Freshness","Cycling Ftp 175w. Weight 70kg."
"2014-07-19","","","","","",,"",16.5,12.26,2.75,"Neutral",""
"2014-07-20","","","","","",,"",16.11,10.62,4.23,"Neutral",""
"2014-07-21","","","","","",,"",15.73,9.21,5.48,"Freshness",""
"2014-07-22","","","","","",,"",15.36,7.98,6.51,"Freshness",""
"2014-07-23","","","","","",,"",15,6.92,7.37,"Freshness",""
"2014-07-24","","","","","",,"",14.64,6,8.07,"Freshness",""
"2014-07-25","","","","","",,"",14.3,5.2,8.64,"Freshness",""
"2014-07-26","","","","","",,"",13.96,4.51,9.1,"Freshness",""
"2014-07-27","","","","","",,"",13.63,3.91,9.45,"Freshness",""
"2014-07-28","","","","","",,"",13.31,3.38,9.72,"Freshness",""
"2014-07-29","","","","","",,"",13,2.93,9.92,"Freshness",""
"2014-07-30","Ride","Nike_Evrg_25th_ - Cyclemeter","",91.19,"",,91.19,14.84,14.68,10.06,"Freshness","Cycling Ftp 175w. Weight 70kg."
"2014-07-31","Ride","Lakesshore - Cyclemeter","",134.56,"",,134.56,17.66,30.64,0.15,"Neutral","Cycling Ftp 175w. Weight 70kg."
"2014-08-01","","","","","",,"",17.24,26.56,-12.99,"Optimal",""
"2014-08-02","Ride","Vancouver - Cycle - Cyclemeter","",107.67,"",,107.67,19.37,37.36,-9.33,"Neutral","Cycling Ftp 175w. Weight 70kg."
"2014-08-03","","","","","",,"",18.91,32.38,-18,"Optimal",""
"2014-08-04","","","","","",,"",18.47,28.07,-13.48,"Optimal",""
"2014-08-05","","","","","",,"",18.03,24.34,-9.61,"Neutral",""
"2014-08-06","","","","","",,"",17.61,21.09,-6.31,"Neutral",""
"2014-08-07","","","","","",,"",17.19,18.29,-3.49,"Neutral",""
"2014-08-08","","","","","",,"",16.79,15.85,-1.1,"Neutral",""
"2014-08-09","","","","","",,"",16.39,13.74,0.93,"Neutral",""
"2014-08-10","","","","","",,"",16.01,11.91,2.65,"Neutral",""
"2014-08-11","","","","","",,"",15.63,10.32,4.09,"Neutral",""
"2014-08-12","","","","","",,"",15.26,8.95,5.3,"Freshness",""
"2014-08-13","","","","","",,"",14.9,7.76,6.31,"Freshness",""
"2014-08-14","","","","","",,"",14.55,6.72,7.14,"Freshness",""
"2014-08-15","","","","","",,"",14.21,5.83,7.82,"Freshness",""
"2014-08-16","","","","","",,"",13.88,5.05,8.38,"Freshness",""
"2014-08-17","","","","","",,"",13.55,4.38,8.82,"Freshness",""
"2014-08-18","","","","","",,"",13.23,3.79,9.17,"Freshness",""
"2014-08-19","","","","","",,"",12.92,3.29,9.43,"Freshness",""
"2014-08-20","","","","","",,"",12.62,2.85,9.63,"Freshness",""
"2014-08-21","","","","","",,"",12.32,2.47,9.76,"Freshness",""
"2014-08-22","","","","","",,"",12.03,2.14,9.84,"Freshness",""
"2014-08-23","","","","","",,"",11.75,1.86,9.88,"Freshness",""
"2014-08-24","","","","","",,"",11.47,1.61,9.89,"Freshness",""
"2014-08-25","","","","","",,"",11.2,1.39,9.86,"Freshness",""
"2014-08-26","","","","","",,"",10.94,1.21,9.8,"Freshness",""
"2014-08-27","","","","","",,"",10.68,1.05,9.72,"Freshness",""
"2014-08-28","","","","","",,"",10.43,0.91,9.63,"Freshness",""
"2014-08-29","","","","","",,"",10.18,0.78,9.52,"Freshness",""
"2014-08-30","","","","","",,"",9.94,0.68,9.39,"Freshness",""
"2014-08-31","","","","","",,"",9.71,0.59,9.26,"Freshness",""
"2014-09-01","","","","","",,"",9.48,0.51,9.11,"Freshness",""
"2014-09-02","","","","","",,"",9.26,0.44,8.96,"Freshness",""
"2014-09-03","","","","","",,"",9.04,0.38,8.81,"Freshness",""
"2014-09-04","","","","","",,"",8.83,0.33,8.65,"Freshness",""
"2014-09-05","Ride","Lakesshore - Cyclemeter","",100.7,"",,100.7,10.99,13.69,8.49,"Freshness","Cycling Ftp 175w. Weight 70kg."
"2014-09-06","","","","","",,"",10.73,11.87,-2.71,"Neutral",""
"2014-09-07","","","","","",,"",10.48,10.29,-1.14,"Neutral",""
"2014-09-08","","","","","",,"",10.23,8.92,0.18,"Neutral",""
"2014-09-09","","","","","",,"",9.99,7.73,1.31,"Neutral",""
"2014-09-10","","","","","",,"",9.75,6.7,2.25,"Neutral",""
"2014-09-11","","","","","",,"",9.52,5.81,3.05,"Neutral",""
"2014-09-12","","","","","",,"",9.3,5.03,3.71,"Neutral",""
"2014-09-13","","","","","",,"",9.08,4.36,4.26,"Neutral",""
"2014-09-14","","","","","",,"",8.87,3.78,4.71,"Neutral",""
"2014-09-15","","","","","",,"",8.66,3.28,5.08,"Freshness",""
"2014-09-16","","","","","",,"",8.45,2.84,5.38,"Freshness",""
"2014-09-17","","","","","",,"",8.26,2.46,5.61,"Freshness",""
"2014-09-18","","","","","",,"",8.06,2.13,5.79,"Freshness",""
"2014-09-19","","","","","",,"",7.87,1.85,5.92,"Freshness",""
"2014-09-20","","","","","",,"",7.69,1.6,6.02,"Freshness",""
"2014-09-21","","","","","",,"",7.5,1.39,6.08,"Freshness",""
"2014-09-22","","","","","",,"",7.33,1.2,6.11,"Freshness",""
"2014-09-23","","","","","",,"",7.16,1.04,6.12,"Freshness",""
"2014-09-24","","","","","",,"",6.99,0.9,6.11,"Freshness",""
"2014-09-25","","","","","",,"",6.82,0.78,6.08,"Freshness",""
"2014-09-26","","","","","",,"",6.66,0.68,6.04,"Freshness",""
"2014-09-27","","","","","",,"",6.51,0.59,5.98,"Freshness",""
"2014-09-28","","","","","",,"",6.35,0.51,5.91,"Freshness",""
"2014-09-29","","","","","",,"",6.2,0.44,5.84,"Freshness",""
"2014-09-30","","","","","",,"",6.06,0.38,5.76,"Freshness",""
"2014-10-01","","","","","",,"",5.91,0.33,5.67,"Freshness",""
"2014-10-02","","","","","",,"",5.77,0.28,5.58,"Freshness",""
"2014-10-03","Ride","Vancouver - Cycle - Cyclemeter","",107.24,"",,107.24,8.16,14.52,5.49,"Freshness","Cycling Ftp 175w. Weight 70kg."
"2014-10-04","","","","","",,"",7.97,12.59,-6.37,"Neutral",""
"2014-10-05","","","","","",,"",7.78,10.91,-4.62,"Neutral",""
"2014-10-06","","","","","",,"",7.6,9.46,-3.13,"Neutral",""
"2014-10-07","","","","","",,"",7.42,8.2,-1.86,"Neutral",""
"2014-10-08","","","","","",,"",7.25,7.11,-0.78,"Neutral",""
"2014-10-09","","","","","",,"",7.07,6.16,0.13,"Neutral",""
"2014-10-10","","","","","",,"",6.91,5.34,0.91,"Neutral",""
"2014-10-11","","","","","",,"",6.75,4.63,1.56,"Neutral",""
"2014-10-12","","","","","",,"",6.59,4.01,2.11,"Neutral",""
"2014-10-13","","","","","",,"",6.43,3.48,2.57,"Neutral",""
"2014-10-14","","","","","",,"",6.28,3.01,2.95,"Neutral",""
"2014-10-15","","","","","",,"",6.13,2.61,3.26,"Neutral",""
"2014-10-16","","","","","",,"",5.99,2.26,3.52,"Neutral",""
"2014-10-17","","","","","",,"",5.85,1.96,3.72,"Neutral",""
"2014-10-18","Ride","Lakesshore - Cyclemeter","",122.08,"",,122.08,8.58,17.95,3.88,"Neutral","Cycling Ftp 175w. Weight 70kg."
"2014-10-19","","","","","",,"",8.38,15.56,-9.38,"Neutral",""
"2014-10-20","","","","","",,"",8.18,13.49,-7.19,"Neutral",""
"2014-10-21","","","","","",,"",7.99,11.69,-5.31,"Neutral",""
"2014-10-22","","","","","",,"",7.8,10.14,-3.71,"Neutral",""
"2014-10-23","","","","","",,"",7.62,8.79,-2.34,"Neutral",""
"2014-10-24","","","","","",,"",7.44,7.62,-1.17,"Neutral",""
"2014-10-25","","","","","",,"",7.26,6.6,-0.18,"Neutral",""
"2014-10-26","","","","","",,"",7.09,5.72,0.66,"Neutral",""
"2014-10-27","","","","","",,"",6.93,4.96,1.37,"Neutral",""
"2014-10-28","","","","","",,"",6.76,4.3,1.96,"Neutral",""
"2014-10-29","","","","","",,"",6.6,3.73,2.46,"Neutral",""
"2014-10-30","","","","","",,"",6.45,3.23,2.87,"Neutral",""
"2014-10-31","","","","","",,"",6.3,2.8,3.21,"Neutral",""
"2014-11-01","","","","","",,"",6.15,2.43,3.49,"Neutral",""
"2014-11-02","","","","","",,"",6,2.1,3.72,"Neutral",""
"2014-11-03","","","","","",,"",5.86,1.82,3.9,"Neutral",""
"2014-11-04","","","","","",,"",5.72,1.58,4.04,"Neutral",""
"2014-11-05","","","","","",,"",5.59,1.37,4.14,"Neutral",""
"2014-11-06","","","","","",,"",5.46,1.18,4.22,"Neutral",""
"2014-11-07","","","","","",,"",5.33,1.03,4.27,"Neutral",""
"2014-11-08","Ride","Lakesshore - Cyclemeter",82.51,110.67,"",,82.51,7.14,11.87,4.3,"Neutral","MaxHr 160bpm. RestHr 60bpm. Cycling Ftp 175w. Weight 70kg."
"2014-11-09","","","","","",,"",6.98,10.29,-4.73,"Neutral",""
"2014-11-10","","","","","",,"",6.81,8.92,-3.32,"Neutral",""
"2014-11-11","","","","","",,"",6.65,7.73,-2.11,"Neutral",""
"2014-11-12","","","","","",,"",6.49,6.7,-1.09,"Neutral",""
"2014-11-13","","","","","",,"",6.34,5.81,-0.21,"Neutral",""
"2014-11-14","","","","","",,"",6.19,5.04,0.53,"Neutral",""
"2014-11-15","","","","","",,"",6.05,4.36,1.15,"Neutral",""
"2014-11-16","","","","","",,"",5.9,3.78,1.68,"Neutral",""
"2014-11-17","","","","","",,"",5.77,3.28,2.12,"Neutral",""
"2014-11-18","","","","","",,"",5.63,2.84,2.48,"Neutral",""
"2014-11-19","","","","","",,"",5.5,2.46,2.78,"Neutral",""
"2014-11-20","","","","","",,"",5.37,2.13,3.03,"Neutral",""
"2014-11-21","","","","","",,"",5.24,1.85,3.23,"Neutral",""
"2014-11-22","","","","","",,"",5.12,1.6,3.39,"Neutral",""
"2014-11-23","Run","Skyview loop","","","",,"",5,1.39,3.51,"Neutral","Weight 70kg."
"2014-11-24","","","","","",,"",4.88,1.2,3.6,"Neutral",""
"2014-11-25","Run","Lunch Run",57.2,"","",,57.2,6.11,8.66,3.67,"Neutral","MaxHr 160bpm. RestHr 60bpm. Weight 70kg."
"2014-11-26","","","","","",,"",5.97,7.5,-2.55,"Neutral",""
"2014-11-27","","","","","",,"",5.83,6.5,-1.54,"Neutral",""
"2014-11-28","","","","","",,"",5.69,5.64,-0.68,"Neutral",""
"2014-11-29","","","","","",,"",5.55,4.89,0.05,"Neutral",""
"2014-11-30","","","","","",,"",5.42,4.24,0.66,"Neutral",""
"2014-12-01","","","","","",,"",5.3,3.67,1.18,"Neutral",""
"2014-12-02","","","","","",,"",5.17,3.18,1.62,"Neutral",""
"2014-12-03","","","","","",,"",5.05,2.76,1.99,"Neutral",""
"2014-12-04","","","","","",,"",4.93,2.39,2.29,"Neutral",""
"2014-12-05","","","","","",,"",4.81,2.07,2.54,"Neutral",""
"2014-12-06","","","","","",,"",4.7,1.79,2.74,"Neutral",""
"2014-12-07","","","","","",,"",4.59,1.56,2.9,"Neutral",""
"2014-12-08","","","","","",,"",4.48,1.35,3.03,"Neutral",""
"2014-12-09","","","","","",,"",4.38,1.17,3.13,"Neutral",""
"2014-12-10","","","","","",,"",4.27,1.01,3.2,"Neutral",""
"2014-12-11","","","","","",,"",4.17,0.88,3.26,"Neutral",""
"2014-12-12","","","","","",,"",4.07,0.76,3.29,"Neutral",""
"2014-12-13","","","","","",,"",3.98,0.66,3.31,"Neutral",""
"2014-12-14","","","","","",,"",3.89,0.57,3.32,"Neutral",""
"2014-12-15","","","","","",,"",3.79,0.49,3.31,"Neutral",""
"2014-12-16","","","","","",,"",3.7,0.43,3.3,"Neutral",""
"2014-12-17","","","","","",,"",3.62,0.37,3.27,"Neutral",""
"2014-12-18","","","","","",,"",3.53,0.32,3.24,"Neutral",""
"2014-12-19","","","","","",,"",3.45,0.28,3.21,"Neutral",""
"2014-12-20","","","","","",,"",3.37,0.24,3.17,"Neutral",""
"2014-12-21","","","","","",,"",3.29,0.21,3.12,"Neutral",""
"2014-12-22","","","","","",,"",3.21,0.18,3.08,"Neutral",""
"2014-12-23","","","","","",,"",3.13,0.15,3.03,"Neutral",""
"2014-12-24","","","","","",,"",3.06,0.13,2.98,"Neutral",""
"2014-12-25","","","","","",,"",2.99,0.11,2.92,"Neutral",""
"2014-12-26","","","","","",,"",2.92,0.1,2.87,"Neutral",""
"2014-12-27","","","","","",,"",2.85,0.08,2.82,"Neutral",""
"2014-12-28","","","","","",,"",2.78,0.07,2.76,"Neutral",""
"2014-12-29","","","","","",,"",2.72,0.06,2.7,"Neutral",""
"2014-12-30","","","","","",,"",2.65,0.05,2.65,"Neutral",""
"2014-12-31","","","","","",,"",2.59,0.05,2.59,"Neutral",""
"2015-01-01","","","","","",,"",2.53,0.04,2.54,"Neutral",""
"2015-01-02","","","","","",,"",2.47,0.03,2.49,"Neutral",""
"2015-01-03","","","","","",,"",2.41,0.03,2.43,"Neutral",""
"2015-01-04","","","","","",,"",2.35,0.02,2.38,"Neutral",""
"2015-01-05","","","","","",,"",2.3,0.02,2.33,"Neutral",""
"2015-01-06","","","","","",,"",2.24,0.02,2.27,"Neutral",""
"2015-01-07","","","","","",,"",2.19,0.01,2.22,"Neutral",""
"2015-01-08","","","","","",,"",2.14,0.01,2.17,"Neutral",""
"2015-01-09","","","","","",,"",2.09,0.01,2.12,"Neutral",""
"2015-01-10","","","","","",,"",2.04,0.01,2.08,"Neutral",""
"2015-01-11","Ride","Vancouver - Cycle - Cyclemeter","","","",,"",1.99,0.01,2.03,"Neutral","Weight 70kg."
"2015-01-12","","","","","",,"",1.95,0,1.98,"Neutral",""
"2015-01-13","","","","","",,"",1.9,0,1.94,"Neutral",""
"2015-01-14","","","","","",,"",1.85,0,1.89,"Neutral",""
"2015-01-15","","","","","",,"",1.81,0,1.85,"Neutral",""
"2015-01-16","","","","","",,"",1.77,0,1.8,"Neutral",""
"2015-01-17","","","","","",,"",1.73,0,1.76,"Neutral",""
"2015-01-18","","","","","",,"",1.69,0,1.72,"Neutral",""
"2015-01-19","","","","","",,"",1.65,0,1.68,"Neutral",""
"2015-01-20","","","","","",,"",1.61,0,1.64,"Neutral",""
"2015-01-21","","","","","",,"",1.57,0,1.6,"Neutral",""
"2015-01-22","","","","","",,"",1.53,0,1.57,"Neutral",""
"2015-01-23","","","","","",,"",1.5,0,1.53,"Neutral",""
"2015-01-24","","","","","",,"",1.46,0,1.49,"Neutral",""
"2015-01-25","","","","","",,"",1.43,0,1.46,"Neutral",""
"2015-01-26","","","","","",,"",1.39,0,1.42,"Neutral",""
"2015-01-27","","","","","",,"",1.36,0,1.39,"Neutral",""
"2015-01-28","","","","","",,"",1.33,0,1.36,"Neutral",""
"2015-01-29","","","","","",,"",1.3,0,1.33,"Neutral",""
"2015-01-30","","","","","",,"",1.27,0,1.3,"Neutral",""
"2015-01-31","","","","","",,"",1.24,0,1.26,"Neutral",""
"2015-02-01","","","","","",,"",1.21,0,1.23,"Neutral",""
"2015-02-02","","","","","",,"",1.18,0,1.21,"Neutral",""
"2015-02-03","","","","","",,"",1.15,0,1.18,"Neutral",""
"2015-02-04","","","","","",,"",1.12,0,1.15,"Neutral",""
"2015-02-05","","","","","",,"",1.1,0,1.12,"Neutral",""
"2015-02-06","","","","","",,"",1.07,0,1.1,"Neutral",""
"2015-02-07","","","","","",,"",1.05,0,1.07,"Neutral",""
"2015-02-08","","","","","",,"",1.02,0,1.04,"Neutral",""
"2015-02-09","","","","","",,"",1,0,1.02,"Neutral",""
"2015-02-10","","","","","",,"",0.97,0,1,"Neutral",""
"2015-02-11","","","","","",,"",0.95,0,0.97,"Neutral",""
"2015-02-12","","","","","",,"",0.93,0,0.95,"Neutral",""
"2015-02-13","Ride","02/13/2015 Vancouver, WA",105.75,"","",,105.75,3.39,14.07,0.93,"Neutral","MaxHr 160bpm. RestHr 60bpm. Weight 70kg."
"2015-02-14","","","","","",,"",3.31,12.2,-10.68,"Optimal",""
"2015-02-15","Ride","Lakeshore",84.55,99.35,"",,84.55,5.23,21.83,-8.89,"Neutral","MaxHr 160bpm. RestHr 60bpm. Cycling Ftp 175w. Weight 70kg."
"2015-02-16","","","","","",,"",5.1,18.92,-16.61,"Optimal",""
"2015-02-17","","","","","",,"",4.98,16.4,-13.83,"Optimal",""
"2015-02-18","","","","","",,"",4.86,14.22,-11.43,"Optimal",""
"2015-02-19","","","","","",,"",4.75,12.33,-9.36,"Neutral",""
"2015-02-20","","","","","",,"",4.64,10.68,-7.58,"Neutral",""
"2015-02-21","","","","","",,"",4.53,9.26,-6.05,"Neutral",""
"2015-02-22","","","","","",,"",4.42,8.03,-4.74,"Neutral",""
"2015-02-23","","","","","",,"",4.32,6.96,-3.61,"Neutral",""
"2015-02-24","","","","","",,"",4.22,6.03,-2.65,"Neutral",""
"2015-02-25","","","","","",,"",4.12,5.23,-1.82,"Neutral",""
"2015-02-26","","","","","",,"",4.02,4.53,-1.12,"Neutral",""
"2015-02-27","","","","","",,"",3.93,3.93,-0.52,"Neutral",""
"2015-02-28","Ride; Ride","Lakesshore - Cyclemeter; Afternoon Ride",103.82,"","",,103.82,6.28,17.22,-0.01,"Neutral","MaxHr 160bpm. RestHr 60bpm. Weight 70kg."
"2015-03-01","","","","","",,"",6.13,14.93,-10.95,"Optimal",""
"2015-03-02","","","","","",,"",5.98,12.94,-8.81,"Neutral",""
"2015-03-03","","","","","",,"",5.84,11.22,-6.96,"Neutral",""
"2015-03-04","","","","","",,"",5.7,9.73,-5.38,"Neutral",""
"2015-03-05","","","","","",,"",5.57,8.43,-4.03,"Neutral",""
"2015-03-06","Ride","Vancouver - Cycle - Cyclemeter",48.16,"","",,48.16,6.57,13.72,-2.86,"Neutral","MaxHr 160bpm. RestHr 60bpm. Weight 70kg."
"2015-03-07","Ride; Ride","Afternoon Ride; Afternoon Ride",97.66,109.09,"",,97.66,8.72,24.89,-7.15,"Neutral","MaxHr 160bpm. RestHr 60bpm. Cycling Ftp 175w. Weight 70kg."
"2015-03-08","Ride; Ride","Afternoon Ride; Riverside",298.3,183.19,"",,298.3,15.53,61.29,-16.18,"Optimal","MaxHr 160bpm. RestHr 60bpm. Cycling Ftp 175w. Weight 70kg."
"2015-03-09","","","","","",,"",15.16,53.13,-45.77,"Overload",""
"2015-03-10","Ride; Ride","Evening Ride; Evening Ride","",42.82,"",,42.82,15.81,51.76,-37.97,"Overload","Cycling Ftp 175w. Weight 70kg."
"2015-03-11","","","","","",,"",15.44,44.87,-35.95,"Overload",""
"2015-03-12","Ride","Afternoon Ride",89.75,111.69,"",,89.75,17.19,50.84,-29.43,"Optimal","MaxHr 160bpm. RestHr 60bpm. Cycling Ftp 175w. Weight 70kg."
"2015-03-13","","","","","",,"",16.79,44.07,-33.66,"Overload",""
"2015-03-14","","","","","",,"",16.39,38.21,-27.29,"Optimal",""
"2015-03-15","","","","","",,"",16.01,33.12,-21.82,"Optimal",""
"2015-03-16","","","","","",,"",15.63,28.71,-17.12,"Optimal",""
"2015-03-17","","","","","",,"",15.26,24.89,-13.09,"Optimal",""
"2015-03-18","","","","","",,"",14.9,21.57,-9.63,"Neutral",""
"2015-03-19","","","","","",,"",14.55,18.7,-6.68,"Neutral",""
"2015-03-20","","","","","",,"",14.21,16.21,-4.15,"Neutral",""
"2015-03-21","","","","","",,"",13.87,14.05,-2.01,"Neutral",""
"2015-03-22","","","","","",,"",13.55,12.18,-0.18,"Neutral",""
"2015-03-23","","","","","",,"",13.23,10.56,1.36,"Neutral",""
"2015-03-24","","","","","",,"",12.92,9.15,2.67,"Neutral",""
"2015-03-25","","","","","",,"",12.61,7.93,3.76,"Neutral",""
"2015-03-26","","","","","",,"",12.32,6.88,4.67,"Neutral",""
"2015-03-27","Ride","Lunch Ride",95.85,117.03,"",,95.85,14.28,18.72,5.43,"Freshness","MaxHr 160bpm. RestHr 60bpm. Cycling Ftp 175w. Weight 70kg."
"2015-03-28","","","","","",,"",13.95,16.23,-4.44,"Neutral",""
"2015-03-29","","","","","",,"",13.62,14.07,-2.29,"Neutral",""
"2015-03-30","","","","","",,"",13.3,12.19,-0.45,"Neutral",""
"2015-03-31","","","","","",,"",12.98,10.57,1.1,"Neutral",""
"2015-04-01","","","","","",,"",12.68,9.16,2.41,"Neutral",""
"2015-04-02","","","","","",,"",12.38,7.94,3.51,"Neutral",""
"2015-04-03","","","","","",,"",12.09,6.88,4.43,"Neutral",""
"2015-04-04","","","","","",,"",11.8,5.97,5.2,"Freshness",""
"2015-04-05","","","","","",,"",11.53,5.17,5.83,"Freshness",""
"2015-04-06","","","","","",,"",11.25,4.48,6.35,"Freshness",""
"2015-04-07","","","","","",,"",10.99,3.89,6.77,"Freshness",""
"2015-04-08","","","","","",,"",10.73,3.37,7.1,"Freshness",""
"2015-04-09","Ride","Afternoon Ride",83.69,116.06,"",,83.69,12.45,14.06,7.36,"Freshness","MaxHr 160bpm. RestHr 60bpm. Cycling Ftp 175w. Weight 70kg."
"2015-04-10","","","","","",,"",12.15,12.19,-1.62,"Neutral",""
"2015-04-11","","","","","",,"",11.87,10.56,-0.04,"Neutral",""
"2015-04-12","Ride","Afternoon Ride",29.59,40.81,"",,29.59,12.29,13.1,1.3,"Neutral","MaxHr 160bpm. RestHr 60bpm. Cycling Ftp 175w. Weight 70kg."
"2015-04-13","","","","","",,"",12,11.35,-0.82,"Neutral",""
"2015-04-14","","","","","",,"",11.71,9.84,0.64,"Neutral",""
"2015-04-15","","","","","",,"",11.44,8.53,1.87,"Neutral",""
"2015-04-16","","","","","",,"",11.17,7.39,2.9,"Neutral",""
"2015-04-17","","","","","",,"",10.91,6.41,3.77,"Neutral",""
"2015-04-18","","","","","",,"",10.65,5.56,4.49,"Neutral",""
"2015-04-19","","","","","",,"",10.4,4.81,5.09,"Freshness",""
"2015-04-20","","","","","",,"",10.15,4.17,5.58,"Freshness",""
"2015-04-21","","","","","",,"",9.91,3.62,5.98,"Freshness",""
"2015-04-22","","","","","",,"",9.68,3.13,6.29,"Freshness",""
"2015-04-23","","","","","",,"",9.45,2.72,6.54,"Freshness",""
"2015-04-24","","","","","",,"",9.23,2.35,6.73,"Freshness",""
"2015-04-25","","","","","",,"",9.01,2.04,6.87,"Freshness",""
"2015-04-26","","","","","",,"",8.8,1.77,6.97,"Freshness",""
"2015-04-27","","","","","",,"",8.59,1.53,7.03,"Freshness",""
"2015-04-28","","","","","",,"",8.39,1.33,7.06,"Freshness",""
"2015-04-29","","","","","",,"",8.19,1.15,7.06,"Freshness",""
"2015-04-30","","","","","",,"",8,1,7.04,"Freshness",""
"2015-05-01","","","","","",,"",7.81,0.86,7,"Freshness",""
"2015-05-02","","","","","",,"",7.63,0.75,6.95,"Freshness",""
"2015-05-03","","","","","",,"",7.45,0.65,6.88,"Freshness",""
"2015-05-04","","","","","",,"",7.27,0.56,6.8,"Freshness",""
"2015-05-05","","","","","",,"",7.1,0.49,6.71,"Freshness",""
"2015-05-06","","","","","",,"",6.94,0.42,6.61,"Freshness",""
"2015-05-07","","","","","",,"",6.77,0.36,6.51,"Freshness",""
"2015-05-08","","","","","",,"",6.61,0.31,6.4,"Freshness",""
"2015-05-09","","","","","",,"",6.46,0.27,6.29,"Freshness",""
"2015-05-10","","","","","",,"",6.31,0.23,6.18,"Freshness",""
"2015-05-11","","","","","",,"",6.16,0.2,6.07,"Freshness",""
"2015-05-12","","","","","",,"",6.01,0.18,5.95,"Freshness",""
"2015-05-13","","","","","",,"",5.87,0.15,5.83,"Freshness",""
"2015-05-14","","","","","",,"",5.73,0.13,5.71,"Freshness",""
"2015-05-15","","","","","",,"",5.6,0.11,5.6,"Freshness",""
"2015-05-16","","","","","",,"",5.47,0.1,5.48,"Freshness",""
"2015-05-17","","","","","",,"",5.34,0.08,5.36,"Freshness",""
"2015-05-18","","","","","",,"",5.21,0.07,5.25,"Freshness",""
"2015-05-19","","","","","",,"",5.09,0.06,5.13,"Freshness",""
"2015-05-20","","","","","",,"",4.97,0.05,5.02,"Freshness",""
"2015-05-21","","","","","",,"",4.85,0.04,4.91,"Neutral",""
"2015-05-22","","","","","",,"",4.74,0.04,4.8,"Neutral",""
"2015-05-23","","","","","",,"",4.63,0.03,4.69,"Neutral",""
"2015-05-24","","","","","",,"",4.52,0.03,4.59,"Neutral",""
"2015-05-25","","","","","",,"",4.41,0.02,4.48,"Neutral",""
"2015-05-26","","","","","",,"",4.31,0.02,4.38,"Neutral",""
"2015-05-27","","","","","",,"",4.2,0.02,4.28,"Neutral",""
"2015-05-28","","","","","",,"",4.11,0.01,4.18,"Neutral",""
"2015-05-29","","","","","",,"",4.01,0.01,4.09,"Neutral",""
"2015-05-30","","","","","",,"",3.91,0.01,3.99,"Neutral",""
"2015-05-31","","","","","",,"",3.82,0.01,3.9,"Neutral",""
"2015-06-01","","","","","",,"",3.73,0.01,3.81,"Neutral",""
"2015-06-02","","","","","",,"",3.64,0,3.72,"Neutral",""
"2015-06-03","","","","","",,"",3.56,0,3.64,"Neutral",""
"2015-06-04","","","","","",,"",3.47,0,3.55,"Neutral",""
"2015-06-05","","","","","",,"",3.39,0,3.47,"Neutral",""
"2015-06-06","","","","","",,"",3.31,0,3.39,"Neutral",""
"2015-06-07","","","","","",,"",3.23,0,3.31,"Neutral",""
"2015-06-08","","","","","",,"",3.16,0,3.23,"Neutral",""
"2015-06-09","","","","","",,"",3.08,0,3.15,"Neutral",""
"2015-06-10","","","","","",,"",3.01,0,3.08,"Neutral",""
"2015-06-11","","","","","",,"",2.94,0,3.01,"Neutral",""
"2015-06-12","","","","","",,"",2.87,0,2.94,"Neutral",""
"2015-06-13","","","","","",,"",2.8,0,2.87,"Neutral",""
"2015-06-14","","","","","",,"",2.74,0,2.8,"Neutral",""
"2015-06-15","","","","","",,"",2.67,0,2.74,"Neutral",""
"2015-06-16","","","","","",,"",2.61,0,2.67,"Neutral",""
"2015-06-17","","","","","",,"",2.55,0,2.61,"Neutral",""
"2015-06-18","","","","","",,"",2.49,0,2.55,"Neutral",""
"2015-06-19","","","","","",,"",2.43,0,2.49,"Neutral",""
"2015-06-20","","","","","",,"",2.37,0,2.43,"Neutral",""
"2015-06-21","","","","","",,"",2.32,0,2.37,"Neutral",""
"2015-06-22","","","","","",,"",2.26,0,2.32,"Neutral",""
"2015-06-23","","","","","",,"",2.21,0,2.26,"Neutral",""
"2015-06-24","","","","","",,"",2.16,0,2.21,"Neutral",""
"2015-06-25","","","","","",,"",2.11,0,2.16,"Neutral",""
"2015-06-26","","","","","",,"",2.06,0,2.11,"Neutral",""
"2015-06-27","","","","","",,"",2.01,0,2.06,"Neutral",""
"2015-06-28","","","","","",,"",1.96,0,2.01,"Neutral",""
"2015-06-29","","","","","",,"",1.91,0,1.96,"Neutral",""
"2015-06-30","","","","","",,"",1.87,0,1.91,"Neutral",""
"2015-07-01","","","","","",,"",1.82,0,1.87,"Neutral",""
"2015-07-02","","","","","",,"",1.78,0,1.82,"Neutral",""
"2015-07-03","","","","","",,"",1.74,0,1.78,"Neutral",""
"2015-07-04","","","","","",,"",1.7,0,1.74,"Neutral",""
"2015-07-05","","","","","",,"",1.66,0,1.7,"Neutral",""
"2015-07-06","","","","","",,"",1.62,0,1.66,"Neutral",""
"2015-07-07","","","","","",,"",1.58,0,1.62,"Neutral",""
"2015-07-08","","","","","",,"",1.54,0,1.58,"Neutral",""
"2015-07-09","","","","","",,"",1.51,0,1.54,"Neutral",""
"2015-07-10","","","","","",,"",1.47,0,1.51,"Neutral",""
"2015-07-11","","","","","",,"",1.44,0,1.47,"Neutral",""
"2015-07-12","","","","","",,"",1.4,0,1.44,"Neutral",""
"2015-07-13","","","","","",,"",1.37,0,1.4,"Neutral",""
"2015-07-14","","","","","",,"",1.34,0,1.37,"Neutral",""
"2015-07-15","","","","","",,"",1.31,0,1.34,"Neutral",""
"2015-07-16","","","","","",,"",1.28,0,1.31,"Neutral",""
"2015-07-17","","","","","",,"",1.24,0,1.28,"Neutral",""
"2015-07-18","","","","","",,"",1.22,0,1.24,"Neutral",""
"2015-07-19","","","","","",,"",1.19,0,1.22,"Neutral",""
"2015-07-20","","","","","",,"",1.16,0,1.19,"Neutral",""
"2015-07-21","","","","","",,"",1.13,0,1.16,"Neutral",""
"2015-07-22","","","","","",,"",1.1,0,1.13,"Neutral",""
"2015-07-23","","","","","",,"",1.08,0,1.1,"Neutral",""
"2015-07-24","","","","","",,"",1.05,0,1.08,"Neutral",""
"2015-07-25","","","","","",,"",1.03,0,1.05,"Neutral",""
"2015-07-26","","","","","",,"",1,0,1.03,"Neutral",""
"2015-07-27","","","","","",,"",0.98,0,1,"Neutral",""
"2015-07-28","","","","","",,"",0.96,0,0.98,"Neutral",""
"2015-07-29","","","","","",,"",0.93,0,0.96,"Neutral",""
"2015-07-30","","","","","",,"",0.91,0,0.93,"Neutral",""
"2015-07-31","","","","","",,"",0.89,0,0.91,"Neutral",""
"2015-08-01","","","","","",,"",0.87,0,0.89,"Neutral",""
"2015-08-02","","","","","",,"",0.85,0,0.87,"Neutral",""
"2015-08-03","","","","","",,"",0.83,0,0.85,"Neutral",""
"2015-08-04","","","","","",,"",0.81,0,0.83,"Neutral",""
"2015-08-05","","","","","",,"",0.79,0,0.81,"Neutral",""
"2015-08-06","","","","","",,"",0.77,0,0.79,"Neutral",""
"2015-08-07","","","","","",,"",0.75,0,0.77,"Neutral",""
"2015-08-08","","","","","",,"",0.74,0,0.75,"Neutral",""
"2015-08-09","","","","","",,"",0.72,0,0.74,"Neutral",""
"2015-08-10","","","","","",,"",0.7,0,0.72,"Neutral",""
"2015-08-11","","","","","",,"",0.68,0,0.7,"Neutral",""
"2015-08-12","","","","","",,"",0.67,0,0.68,"Neutral",""
"2015-08-13","","","","","",,"",0.65,0,0.67,"Neutral",""
"2015-08-14","","","","","",,"",0.64,0,0.65,"Neutral",""
"2015-08-15","","","","","",,"",0.62,0,0.64,"Neutral",""
"2015-08-16","","","","","",,"",0.61,0,0.62,"Neutral",""
"2015-08-17","","","","","",,"",0.59,0,0.61,"Neutral",""
"2015-08-18","","","","","",,"",0.58,0,0.59,"Neutral",""
"2015-08-19","","","","","",,"",0.56,0,0.58,"Neutral",""
"2015-08-20","","","","","",,"",0.55,0,0.56,"Neutral",""
"2015-08-21","","","","","",,"",0.54,0,0.55,"Neutral",""
"2015-08-22","","","","","",,"",0.53,0,0.54,"Neutral",""
"2015-08-23","","","","","",,"",0.51,0,0.53,"Neutral",""
"2015-08-24","","","","","",,"",0.5,0,0.51,"Neutral",""
"2015-08-25","Ride","Lakesshore - Cyclemeter","","","",,"",0.49,0,0.5,"Neutral","Weight 70kg."
"2015-08-26","","","","","",,"",0.48,0,0.49,"Neutral",""
"2015-08-27","","","","","",,"",0.47,0,0.48,"Neutral",""
"2015-08-28","","","","","",,"",0.45,0,0.47,"Neutral",""
"2015-08-29","","","","","",,"",0.44,0,0.45,"Neutral",""
"2015-08-30","","","","","",,"",0.43,0,0.44,"Neutral",""
"2015-08-31","","","","","",,"",0.42,0,0.43,"Neutral",""
"2015-09-01","","","","","",,"",0.41,0,0.42,"Neutral",""
"2015-09-02","","","","","",,"",0.4,0,0.41,"Neutral",""
"2015-09-03","","","","","",,"",0.39,0,0.4,"Neutral",""
"2015-09-04","","","","","",,"",0.38,0,0.39,"Neutral",""
"2015-09-05","","","","","",,"",0.38,0,0.38,"Neutral",""
"2015-09-06","","","","","",,"",0.37,0,0.38,"Neutral",""
"2015-09-07","","","","","",,"",0.36,0,0.37,"Neutral",""
"2015-09-08","","","","","",,"",0.35,0,0.36,"Neutral",""
"2015-09-09","","","","","",,"",0.34,0,0.35,"Neutral",""
"2015-09-10","","","","","",,"",0.33,0,0.34,"Neutral",""
"2015-09-11","","","","","",,"",0.32,0,0.33,"Neutral",""
"2015-09-12","","","","","",,"",0.32,0,0.32,"Neutral",""
"2015-09-13","","","","","",,"",0.31,0,0.32,"Neutral",""
"2015-09-14","","","","","",,"",0.3,0,0.31,"Neutral",""
"2015-09-15","","","","","",,"",0.29,0,0.3,"Neutral",""
"2015-09-16","","","","","",,"",0.29,0,0.29,"Neutral",""
"2015-09-17","","","","","",,"",0.28,0,0.29,"Neutral",""
"2015-09-18","","","","","",,"",0.27,0,0.28,"Neutral",""
"2015-09-19","","","","","",,"",0.27,0,0.27,"Neutral",""
"2015-09-20","","","","","",,"",0.26,0,0.27,"Neutral",""
"2015-09-21","","","","","",,"",0.25,0,0.26,"Neutral",""
"2015-09-22","","","","","",,"",0.25,0,0.25,"Neutral",""
"2015-09-23","","","","","",,"",0.24,0,0.25,"Neutral",""
"2015-09-24","","","","","",,"",0.24,0,0.24,"Neutral",""
"2015-09-25","","","","","",,"",0.23,0,0.24,"Neutral",""
"2015-09-26","","","","","",,"",0.23,0,0.23,"Neutral",""
"2015-09-27","","","","","",,"",0.22,0,0.23,"Neutral",""
"2015-09-28","","","","","",,"",0.21,0,0.22,"Neutral",""
"2015-09-29","","","","","",,"",0.21,0,0.21,"Neutral",""
"2015-09-30","","","","","",,"",0.2,0,0.21,"Neutral",""
"2015-10-01","","","","","",,"",0.2,0,0.2,"Neutral",""
"2015-10-02","","","","","",,"",0.19,0,0.2,"Neutral",""
"2015-10-03","","","","","",,"",0.19,0,0.19,"Neutral",""
"2015-10-04","","","","","",,"",0.19,0,0.19,"Neutral",""
"2015-10-05","","","","","",,"",0.18,0,0.19,"Neutral",""
"2015-10-06","","","","","",,"",0.18,0,0.18,"Neutral",""
"2015-10-07","","","","","",,"",0.17,0,0.18,"Neutral",""
"2015-10-08","","","","","",,"",0.17,0,0.17,"Neutral",""
"2015-10-09","","","","","",,"",0.16,0,0.17,"Neutral",""
"2015-10-10","","","","","",,"",0.16,0,0.16,"Neutral",""
"2015-10-11","","","","","",,"",0.16,0,0.16,"Neutral",""
"2015-10-12","","","","","",,"",0.15,0,0.16,"Neutral",""
"2015-10-13","","","","","",,"",0.15,0,0.15,"Neutral",""
"2015-10-14","","","","","",,"",0.15,0,0.15,"Neutral",""
"2015-10-15","","","","","",,"",0.14,0,0.15,"Neutral",""
"2015-10-16","","","","","",,"",0.14,0,0.14,"Neutral",""
"2015-10-17","","","","","",,"",0.13,0,0.14,"Neutral",""
"2015-10-18","","","","","",,"",0.13,0,0.13,"Neutral",""
"2015-10-19","","","","","",,"",0.13,0,0.13,"Neutral",""
"2015-10-20","","","","","",,"",0.13,0,0.13,"Neutral",""
"2015-10-21","","","","","",,"",0.12,0,0.13,"Neutral",""
"2015-10-22","","","","","",,"",0.12,0,0.12,"Neutral",""
"2015-10-23","","","","","",,"",0.12,0,0.12,"Neutral",""
"2015-10-24","","","","","",,"",0.11,0,0.12,"Neutral",""
"2015-10-25","","","","","",,"",0.11,0,0.11,"Neutral",""
"2015-10-26","","","","","",,"",0.11,0,0.11,"Neutral",""
"2015-10-27","","","","","",,"",0.11,0,0.11,"Neutral",""
"2015-10-28","","","","","",,"",0.1,0,0.11,"Neutral",""
"2015-10-29","","","","","",,"",0.1,0,0.1,"Neutral",""
"2015-10-30","","","","","",,"",0.1,0,0.1,"Neutral",""
"2015-10-31","","","","","",,"",0.1,0,0.1,"Neutral",""
"2015-11-01","","","","","",,"",0.09,0,0.1,"Neutral",""
"2015-11-02","","","","","",,"",0.09,0,0.09,"Neutral",""
"2015-11-03","","","","","",,"",0.09,0,0.09,"Neutral",""
"2015-11-04","","","","","",,"",0.09,0,0.09,"Neutral",""
"2015-11-05","","","","","",,"",0.08,0,0.09,"Neutral",""
"2015-11-06","","","","","",,"",0.08,0,0.08,"Neutral",""
"2015-11-07","","","","","",,"",0.08,0,0.08,"Neutral",""
"2015-11-08","","","","","",,"",0.08,0,0.08,"Neutral",""
"2015-11-09","","","","","",,"",0.08,0,0.08,"Neutral",""
"2015-11-10","","","","","",,"",0.07,0,0.08,"Neutral",""
"2015-11-11","","","","","",,"",0.07,0,0.07,"Neutral",""
"2015-11-12","","","","","",,"",0.07,0,0.07,"Neutral",""
"2015-11-13","","","","","",,"",0.07,0,0.07,"Neutral",""
"2015-11-14","","","","","",,"",0.07,0,0.07,"Neutral",""
"2015-11-15","","","","","",,"",0.07,0,0.07,"Neutral",""
"2015-11-16","","","","","",,"",0.06,0,0.07,"Neutral",""
"2015-11-17","","","","","",,"",0.06,0,0.06,"Neutral",""
"2015-11-18","","","","","",,"",0.06,0,0.06,"Neutral",""
"2015-11-19","","","","","",,"",0.06,0,0.06,"Neutral",""
"2015-11-20","","","","","",,"",0.06,0,0.06,"Neutral",""
"2015-11-21","","","","","",,"",0.06,0,0.06,"Neutral",""
"2015-11-22","","","","","",,"",0.05,0,0.06,"Neutral",""
"2015-11-23","","","","","",,"",0.05,0,0.05,"Neutral",""
"2015-11-24","","","","","",,"",0.05,0,0.05,"Neutral",""
"2015-11-25","","","","","",,"",0.05,0,0.05,"Neutral",""
"2015-11-26","","","","","",,"",0.05,0,0.05,"Neutral",""
"2015-11-27","","","","","",,"",0.05,0,0.05,"Neutral",""
"2015-11-28","","","","","",,"",0.05,0,0.05,"Neutral",""
"2015-11-29","","","","","",,"",0.05,0,0.05,"Neutral",""
"2015-11-30","","","","","",,"",0.04,0,0.05,"Neutral",""
"2015-12-01","","","","","",,"",0.04,0,0.04,"Neutral",""
"2015-12-02","","","","","",,"",0.04,0,0.04,"Neutral",""
"2015-12-03","","","","","",,"",0.04,0,0.04,"Neutral",""
"2015-12-04","","","","","",,"",0.04,0,0.04,"Neutral",""
"2015-12-05","","","","","",,"",0.04,0,0.04,"Neutral",""
"2015-12-06","","","","","",,"",0.04,0,0.04,"Neutral",""
"2015-12-07","","","","","",,"",0.04,0,0.04,"Neutral",""
"2015-12-08","","","","","",,"",0.04,0,0.04,"Neutral",""
"2015-12-09","","","","","",,"",0.03,0,0.04,"Neutral",""
"2015-12-10","","","","","",,"",0.03,0,0.03,"Neutral",""
"2015-12-11","","","","","",,"",0.03,0,0.03,"Neutral",""
"2015-12-12","","","","","",,"",0.03,0,0.03,"Neutral",""
"2015-12-13","","","","","",,"",0.03,0,0.03,"Neutral",""
"2015-12-14","","","","","",,"",0.03,0,0.03,"Neutral",""
"2015-12-15","","","","","",,"",0.03,0,0.03,"Neutral",""
"2015-12-16","","","","","",,"",0.03,0,0.03,"Neutral",""
"2015-12-17","","","","","",,"",0.03,0,0.03,"Neutral",""
"2015-12-18","","","","","",,"",0.03,0,0.03,"Neutral",""
"2015-12-19","","","","","",,"",0.03,0,0.03,"Neutral",""
"2015-12-20","","","","","",,"",0.03,0,0.03,"Neutral",""
"2015-12-21","","","","","",,"",0.02,0,0.03,"Neutral",""
"2015-12-22","","","","","",,"",0.02,0,0.02,"Neutral",""
"2015-12-23","","","","","",,"",0.02,0,0.02,"Neutral",""
"2015-12-24","","","","","",,"",0.02,0,0.02,"Neutral",""
"2015-12-25","","","","","",,"",0.02,0,0.02,"Neutral",""
"2015-12-26","","","","","",,"",0.02,0,0.02,"Neutral",""
"2015-12-27","","","","","",,"",0.02,0,0.02,"Neutral",""
"2015-12-28","","","","","",,"",0.02,0,0.02,"Neutral",""
"2015-12-29","","","","","",,"",0.02,0,0.02,"Neutral",""
"2015-12-30","","","","","",,"",0.02,0,0.02,"Neutral",""
"2015-12-31","","","","","",,"",0.02,0,0.02,"Neutral",""
"2016-01-01","","","","","",,"",0.02,0,0.02,"Neutral",""
"2016-01-02","","","","","",,"",0.02,0,0.02,"Neutral",""
"2016-01-03","","","","","",,"",0.02,0,0.02,"Neutral",""
"2016-01-04","","","","","",,"",0.02,0,0.02,"Neutral",""
"2016-01-05","","","","","",,"",0.02,0,0.02,"Neutral",""
"2016-01-06","","","","","",,"",0.02,0,0.02,"Neutral",""
"2016-01-07","","","","","",,"",0.01,0,0.02,"Neutral",""
"2016-01-08","","","","","",,"",0.01,0,0.01,"Neutral",""
"2016-01-09","","","","","",,"",0.01,0,0.01,"Neutral",""
"2016-01-10","","","","","",,"",0.01,0,0.01,"Neutral",""
"2016-01-11","","","","","",,"",0.01,0,0.01,"Neutral",""
"2016-01-12","","","","","",,"",0.01,0,0.01,"Neutral",""
"2016-01-13","","","","","",,"",0.01,0,0.01,"Neutral",""
"2016-01-14","","","","","",,"",0.01,0,0.01,"Neutral",""
"2016-01-15","","","","","",,"",0.01,0,0.01,"Neutral",""
"2016-01-16","","","","","",,"",0.01,0,0.01,"Neutral",""
"2016-01-17","","","","","",,"",0.01,0,0.01,"Neutral",""
"2016-01-18","","","","","",,"",0.01,0,0.01,"Neutral",""
"2016-01-19","","","","","",,"",0.01,0,0.01,"Neutral",""
"2016-01-20","","","","","",,"",0.01,0,0.01,"Neutral",""
"2016-01-21","","","","","",,"",0.01,0,0.01,"Neutral",""
"2016-01-22","","","","","",,"",0.01,0,0.01,"Neutral",""
"2016-01-23","","","","","",,"",0.01,0,0.01,"Neutral",""
"2016-01-24","","","","","",,"",0.01,0,0.01,"Neutral",""
"2016-01-25","","","","","",,"",0.01,0,0.01,"Neutral",""
"2016-01-26","","","","","",,"",0.01,0,0.01,"Neutral",""
"2016-01-27","","","","","",,"",0.01,0,0.01,"Neutral",""
"2016-01-28","","","","","",,"",0.01,0,0.01,"Neutral",""
"2016-01-29","","","","","",,"",0.01,0,0.01,"Neutral",""
"2016-01-30","","","","","",,"",0.01,0,0.01,"Neutral",""
"2016-01-31","","","","","",,"",0.01,0,0.01,"Neutral",""
"2016-02-01","","","","","",,"",0.01,0,0.01,"Neutral",""
"2016-02-02","","","","","",,"",0.01,0,0.01,"Neutral",""
"2016-02-03","","","","","",,"",0.01,0,0.01,"Neutral",""
"2016-02-04","","","","","",,"",0.01,0,0.01,"Neutral",""
"2016-02-05","","","","","",,"",0,0,0.01,"Neutral",""
"2016-02-06","","","","","",,"",0,0,0,"Neutral",""
"2016-02-07","","","","","",,"",0,0,0,"Neutral",""
"2016-02-08","","","","","",,"",0,0,0,"Neutral",""
"2016-02-09","","","","","",,"",0,0,0,"Neutral",""
"2016-02-10","","","","","",,"",0,0,0,"Neutral",""
"2016-02-11","","","","","",,"",0,0,0,"Neutral",""
"2016-02-12","","","","","",,"",0,0,0,"Neutral",""
"2016-02-13","","","","","",,"",0,0,0,"Neutral",""
"2016-02-14","","","","","",,"",0,0,0,"Neutral",""
"2016-02-15","","","","","",,"",0,0,0,"Neutral",""
"2016-02-16","","","","","",,"",0,0,0,"Neutral",""
"2016-02-17","","","","","",,"",0,0,0,"Neutral",""
"2016-02-18","","","","","",,"",0,0,0,"Neutral",""
"2016-02-19","","","","","",,"",0,0,0,"Neutral",""
"2016-02-20","","","","","",,"",0,0,0,"Neutral",""
"2016-02-21","","","","","",,"",0,0,0,"Neutral",""
"2016-02-22","","","","","",,"",0,0,0,"Neutral",""
"2016-02-23","","","","","",,"",0,0,0,"Neutral",""
"2016-02-24","","","","","",,"",0,0,0,"Neutral",""
"2016-02-25","","","","","",,"",0,0,0,"Neutral",""
"2016-02-26","","","","","",,"",0,0,0,"Neutral",""
"2016-02-27","","","","","",,"",0,0,0,"Neutral",""
"2016-02-28","","","","","",,"",0,0,0,"Neutral",""
"2016-02-29","","","","","",,"",0,0,0,"Neutral",""
"2016-03-01","","","","","",,"",0,0,0,"Neutral",""
"2016-03-02","","","","","",,"",0,0,0,"Neutral",""
"2016-03-03","","","","","",,"",0,0,0,"Neutral",""
"2016-03-04","","","","","",,"",0,0,0,"Neutral",""
"2016-03-05","","","","","",,"",0,0,0,"Neutral",""
"2016-03-06","","","","","",,"",0,0,0,"Neutral",""
"2016-03-07","","","","","",,"",0,0,0,"Neutral",""
"2016-03-08","","","","","",,"",0,0,0,"Neutral",""
"2016-03-09","","","","","",,"",0,0,0,"Neutral",""
"2016-03-10","","","","","",,"",0,0,0,"Neutral",""
"2016-03-11","","","","","",,"",0,0,0,"Neutral",""
"2016-03-12","","","","","",,"",0,0,0,"Neutral",""
"2016-03-13","","","","","",,"",0,0,0,"Neutral",""
"2016-03-14","","","","","",,"",0,0,0,"Neutral",""
"2016-03-15","","","","","",,"",0,0,0,"Neutral",""
"2016-03-16","","","","","",,"",0,0,0,"Neutral",""
"2016-03-17","","","","","",,"",0,0,0,"Neutral",""
"2016-03-18","","","","","",,"",0,0,0,"Neutral",""
"2016-03-19","","","","","",,"",0,0,0,"Neutral",""
"2016-03-20","","","","","",,"",0,0,0,"Neutral",""
"2016-03-21","","","","","",,"",0,0,0,"Neutral",""
"2016-03-22","","","","","",,"",0,0,0,"Neutral",""
"2016-03-23","","","","","",,"",0,0,0,"Neutral",""
"2016-03-24","","","","","",,"",0,0,0,"Neutral",""
"2016-03-25","","","","","",,"",0,0,0,"Neutral",""
"2016-03-26","","","","","",,"",0,0,0,"Neutral",""
"2016-03-27","","","","","",,"",0,0,0,"Neutral",""
"2016-03-28","","","","","",,"",0,0,0,"Neutral",""
"2016-03-29","","","","","",,"",0,0,0,"Neutral",""
"2016-03-30","","","","","",,"",0,0,0,"Neutral",""
"2016-03-31","Ride","Lakesshore - Cyclemeter","","","",,"",0,0,0,"Neutral","Weight 70kg."
"2016-04-01","","","","","",,"",0,0,0,"Neutral",""
"2016-04-02","","","","","",,"",0,0,0,"Neutral",""
"2016-04-03","","","","","",,"",0,0,0,"Neutral",""
"2016-04-04","","","","","",,"",0,0,0,"Neutral",""
"2016-04-05","","","","","",,"",0,0,0,"Neutral",""
"2016-04-06","","","","","",,"",0,0,0,"Neutral",""
"2016-04-07","","","","","",,"",0,0,0,"Neutral",""
"2016-04-08","","","","","",,"",0,0,0,"Neutral",""
"2016-04-09","","","","","",,"",0,0,0,"Neutral",""
"2016-04-10","","","","","",,"",0,0,0,"Neutral",""
"2016-04-11","","","","","",,"",0,0,0,"Neutral",""
"2016-04-12","","","","","",,"",0,0,0,"Neutral",""
"2016-04-13","","","","","",,"",0,0,0,"Neutral",""
"2016-04-14","","","","","",,"",0,0,0,"Neutral",""
"2016-04-15","","","","","",,"",0,0,0,"Neutral",""
"2016-04-16","","","","","",,"",0,0,0,"Neutral",""
"2016-04-17","","","","","",,"",0,0,0,"Neutral",""
"2016-04-18","","","","","",,"",0,0,0,"Neutral",""
"2016-04-19","","","","","",,"",0,0,0,"Neutral",""
"2016-04-20","Ride","Vancouver - Cycle - Cyclemeter","","","",,"",0,0,0,"Neutral","Weight 70kg."
"2016-04-21","","","","","",,"",0,0,0,"Neutral",""
"2016-04-22","","","","","",,"",0,0,0,"Neutral",""
"2016-04-23","","","","","",,"",0,0,0,"Neutral",""
"2016-04-24","","","","","",,"",0,0,0,"Neutral",""
"2016-04-25","","","","","",,"",0,0,0,"Neutral",""
"2016-04-26","","","","","",,"",0,0,0,"Neutral",""
"2016-04-27","","","","","",,"",0,0,0,"Neutral",""
"2016-04-28","","","","","",,"",0,0,0,"Neutral",""
"2016-04-29","","","","","",,"",0,0,0,"Neutral",""
"2016-04-30","","","","","",,"",0,0,0,"Neutral",""
"2016-05-01","","","","","",,"",0,0,0,"Neutral",""
"2016-05-02","","","","","",,"",0,0,0,"Neutral",""
"2016-05-03","","","","","",,"",0,0,0,"Neutral",""
"2016-05-04","","","","","",,"",0,0,0,"Neutral",""
"2016-05-05","","","","","",,"",0,0,0,"Neutral",""
"2016-05-06","","","","","",,"",0,0,0,"Neutral",""
"2016-05-07","","","","","",,"",0,0,0,"Neutral",""
"2016-05-08","Ride","Riverside - Cyclemeter",58.9,71.79,"",,58.9,1.38,7.84,0,"Neutral","MaxHr 160bpm. RestHr 60bpm. Cycling Ftp 175w. Weight 70kg."
"2016-05-09","","","","","",,"",1.35,6.79,-6.46,"Neutral",""
"2016-05-10","","","","","",,"",1.32,5.89,-5.45,"Neutral",""
"2016-05-11","","","","","",,"",1.29,5.1,-4.58,"Neutral",""
"2016-05-12","Ride","Lakesshore - Cyclemeter",64.35,88.44,"",,64.35,2.77,12.99,-3.82,"Neutral","MaxHr 160bpm. RestHr 60bpm. Cycling Ftp 175w. Weight 70kg."
"2016-05-13","","","","","",,"",2.7,11.26,-10.23,"Optimal",""
"2016-05-14","","","","","",,"",2.64,9.76,-8.56,"Neutral",""
"2016-05-15","","","","","",,"",2.58,8.46,-7.12,"Neutral",""
"2016-05-16","","","","","",,"",2.52,7.33,-5.89,"Neutral",""
"2016-05-17","","","","","",,"",2.46,6.36,-4.82,"Neutral",""
"2016-05-18","","","","","",,"",2.4,5.51,-3.9,"Neutral",""
"2016-05-19","","","","","",,"",2.34,4.78,-3.11,"Neutral",""
"2016-05-20","","","","","",,"",2.29,4.14,-2.44,"Neutral",""
"2016-05-21","","","","","",,"",2.23,3.59,-1.86,"Neutral",""
"2016-05-22","","","","","",,"",2.18,3.11,-1.36,"Neutral",""
"2016-05-23","Ride","Lakesshore - Cyclemeter",83.91,86.34,"",,83.91,4.11,13.87,-0.93,"Neutral","MaxHr 160bpm. RestHr 60bpm. Cycling Ftp 175w. Weight 70kg."
"2016-05-24","","","","","",,"",4.01,12.02,-9.77,"Neutral",""
"2016-05-25","","","","","",,"",3.91,10.42,-8.02,"Neutral",""
"2016-05-26","","","","","",,"",3.82,9.03,-6.51,"Neutral",""
"2016-05-27","","","","","",,"",3.73,7.83,-5.21,"Neutral",""
"2016-05-28","","","","","",,"",3.64,6.79,-4.1,"Neutral",""
"2016-05-29","","","","","",,"",3.56,5.88,-3.15,"Neutral",""
"2016-05-30","","","","","",,"",3.47,5.1,-2.33,"Neutral",""
"2016-05-31","","","","","",,"",3.39,4.42,-1.63,"Neutral",""
"2016-06-01","","","","","",,"",3.31,3.83,-1.03,"Neutral",""
"2016-06-02","","","","","",,"",3.23,3.32,-0.52,"Neutral",""
"2016-06-03","","","","","",,"",3.16,2.88,-0.09,"Neutral",""
"2016-06-04","Ride","Fred Myers - Cyclemeter",15.94,129.13,"",,15.94,3.46,4.62,0.28,"Neutral","MaxHr 160bpm. RestHr 60bpm. Cycling Ftp 175w. Weight 70kg."
"2016-06-05","","","","","",,"",3.38,4,-1.16,"Neutral",""
"2016-06-06","","","","","",,"",3.3,3.47,-0.63,"Neutral",""
"2016-06-07","","","","","",,"",3.22,3.01,-0.17,"Neutral",""
"2016-06-08","Ride","Vancouver - Cycle - Cyclemeter",36.09,30.12,"",,36.09,3.99,7.41,0.21,"Neutral","MaxHr 160bpm. RestHr 60bpm. Cycling Ftp 175w. Weight 70kg."
"2016-06-09","","","","","",,"",3.9,6.42,-3.42,"Neutral",""
"2016-06-10","","","","","",,"",3.81,5.57,-2.53,"Neutral",""
"2016-06-11","","","","","",,"",3.72,4.82,-1.76,"Neutral",""
"2016-06-12","Ride","Lakesshore - Cyclemeter",55.81,80.96,"",,55.81,4.94,11.61,-1.11,"Neutral","MaxHr 160bpm. RestHr 60bpm. Cycling Ftp 175w. Weight 70kg."
"2016-06-13","","","","","",,"",4.83,10.07,-6.67,"Neutral",""
"2016-06-14","","","","","",,"",4.71,8.72,-5.24,"Neutral",""
"2016-06-15","","","","","",,"",4.6,7.56,-4.02,"Neutral",""
"2016-06-16","","","","","",,"",4.49,6.56,-2.97,"Neutral",""
"2016-06-17","","","","","",,"",4.39,5.68,-2.07,"Neutral",""
"2016-06-18","","","","","",,"",4.28,4.92,-1.3,"Neutral",""
"2016-06-19","","","","","",,"",4.18,4.27,-0.65,"Neutral",""
"2016-06-20","","","","","",,"",4.09,3.7,-0.09,"Neutral",""
"2016-06-21","","","","","",,"",3.99,3.21,0.38,"Neutral",""
"2016-06-22","","","","","",,"",3.89,2.78,0.78,"Neutral",""
"2016-06-23","","","","","",,"",3.8,2.41,1.11,"Neutral",""
"2016-06-24","","","","","",,"",3.71,2.09,1.39,"Neutral",""
"2016-06-25","","","","","",,"",3.63,1.81,1.62,"Neutral",""
"2016-06-26","","","","","",,"",3.54,1.57,1.81,"Neutral",""
"2016-06-27","","","","","",,"",3.46,1.36,1.97,"Neutral",""
"2016-06-28","","","","","",,"",3.38,1.18,2.09,"Neutral",""
"2016-06-29","","","","","",,"",3.3,1.02,2.19,"Neutral",""
"2016-06-30","Ride","Lakesshore - Cyclemeter",81.72,98.53,"",,81.72,5.14,11.76,2.27,"Neutral","MaxHr 160bpm. RestHr 60bpm. Cycling Ftp 175w. Weight 70kg."
"2016-07-01","","","","","",,"",5.02,10.2,-6.63,"Neutral",""
"2016-07-02","","","","","",,"",4.9,8.84,-5.18,"Neutral",""
"2016-07-03","","","","","",,"",4.79,7.66,-3.94,"Neutral",""
"2016-07-04","","","","","",,"",4.67,6.64,-2.88,"Neutral",""
"2016-07-05","","","","","",,"",4.56,5.76,-1.97,"Neutral",""
"2016-07-06","","","","","",,"",4.46,4.99,-1.2,"Neutral",""
"2016-07-07","","","","","",,"",4.35,4.32,-0.54,"Neutral",""
"2016-07-08","","","","","",,"",4.25,3.75,0.02,"Neutral",""
"2016-07-09","","","","","",,"",4.15,3.25,0.5,"Neutral",""
"2016-07-10","","","","","",,"",4.05,2.82,0.9,"Neutral",""
"2016-07-11","","","","","",,"",3.96,2.44,1.23,"Neutral",""
"2016-07-12","Ride","Lakesshore - Cyclemeter",89.19,110.5,"",,89.19,5.96,13.99,1.51,"Neutral","MaxHr 160bpm. RestHr 60bpm. Cycling Ftp 175w. Weight 70kg."
"2016-07-13","","","","","",,"",5.82,12.13,-8.03,"Neutral",""
"2016-07-14","","","","","",,"",5.68,10.51,-6.31,"Neutral",""
"2016-07-15","","","","","",,"",5.55,9.11,-4.83,"Neutral",""
"2016-07-16","","","","","",,"",5.42,7.9,-3.57,"Neutral",""
"2016-07-17","","","","","",,"",5.29,6.85,-2.48,"Neutral",""
"2016-07-18","","","","","",,"",5.17,5.93,-1.56,"Neutral",""
"2016-07-19","","","","","",,"",5.05,5.14,-0.77,"Neutral",""
"2016-07-20","","","","","",,"",4.93,4.46,-0.1,"Neutral",""
"2016-07-21","","","","","",,"",4.81,3.86,0.46,"Neutral",""
"2016-07-22","","","","","",,"",4.7,3.35,0.94,"Neutral",""
"2016-07-23","","","","","",,"",4.59,2.9,1.34,"Neutral",""
"2016-07-24","","","","","",,"",4.48,2.52,1.68,"Neutral",""
"2016-07-25","","","","","",,"",4.37,2.18,1.96,"Neutral",""
"2016-07-26","","","","","",,"",4.27,1.89,2.19,"Neutral",""
"2016-07-27","","","","","",,"",4.17,1.64,2.38,"Neutral",""
"2016-07-28","","","","","",,"",4.07,1.42,2.53,"Neutral",""
"2016-07-29","","","","","",,"",3.98,1.23,2.65,"Neutral",""
"2016-07-30","","","","","",,"",3.88,1.06,2.74,"Neutral",""
"2016-07-31","","","","","",,"",3.79,0.92,2.81,"Neutral",""
"2016-08-01","","","","","",,"",3.7,0.8,2.86,"Neutral",""
"2016-08-02","","","","","",,"",3.61,0.69,2.9,"Neutral",""
"2016-08-03","","","","","",,"",3.53,0.6,2.92,"Neutral",""
"2016-08-04","","","","","",,"",3.45,0.52,2.92,"Neutral",""
"2016-08-05","","","","","",,"",3.36,0.45,2.92,"Neutral",""
"2016-08-06","","","","","",,"",3.28,0.39,2.91,"Neutral",""
"2016-08-07","","","","","",,"",3.21,0.34,2.89,"Neutral",""
"2016-08-08","","","","","",,"",3.13,0.29,2.87,"Neutral",""
"2016-08-09","","","","","",,"",3.06,0.25,2.84,"Neutral",""
"2016-08-10","","","","","",,"",2.99,0.22,2.8,"Neutral",""
"2016-08-11","","","","","",,"",2.92,0.19,2.76,"Neutral",""
"2016-08-12","","","","","",,"",2.85,0.16,2.72,"Neutral",""
"2016-08-13","","","","","",,"",2.78,0.14,2.68,"Neutral",""
"2016-08-14","","","","","",,"",2.71,0.12,2.64,"Neutral",""
"2016-08-15","","","","","",,"",2.65,0.1,2.59,"Neutral",""
"2016-08-16","","","","","",,"",2.59,0.09,2.54,"Neutral",""
"2016-08-17","","","","","",,"",2.53,0.08,2.49,"Neutral",""
"2016-08-18","","","","","",,"",2.47,0.07,2.45,"Neutral",""
"2016-08-19","","","","","",,"",2.41,0.06,2.4,"Neutral",""
"2016-08-20","","","","","",,"",2.35,0.05,2.35,"Neutral",""
"2016-08-21","","","","","",,"",2.3,0.04,2.3,"Neutral",""
"2016-08-22","","","","","",,"",2.24,0.04,2.25,"Neutral",""
"2016-08-23","","","","","",,"",2.19,0.03,2.2,"Neutral",""
"2016-08-24","","","","","",,"",2.14,0.03,2.16,"Neutral",""
"2016-08-25","","","","","",,"",2.09,0.02,2.11,"Neutral",""
"2016-08-26","","","","","",,"",2.04,0.02,2.06,"Neutral",""
"2016-08-27","","","","","",,"",1.99,0.01,2.02,"Neutral",""
"2016-08-28","","","","","",,"",1.94,0.01,1.97,"Neutral",""
"2016-08-29","","","","","",,"",1.9,0.01,1.93,"Neutral",""
"2016-08-30","","","","","",,"",1.85,0.01,1.88,"Neutral",""
"2016-08-31","","","","","",,"",1.81,0.01,1.84,"Neutral",""
"2016-09-01","","","","","",,"",1.77,0,1.8,"Neutral",""
"2016-09-02","","","","","",,"",1.72,0,1.76,"Neutral",""
"2016-09-03","","","","","",,"",1.68,0,1.72,"Neutral",""
"2016-09-04","","","","","",,"",1.64,0,1.68,"Neutral",""
"2016-09-05","","","","","",,"",1.61,0,1.64,"Neutral",""
"2016-09-06","","","","","",,"",1.57,0,1.6,"Neutral",""
"2016-09-07","","","","","",,"",1.53,0,1.56,"Neutral",""
"2016-09-08","","","","","",,"",1.49,0,1.53,"Neutral",""
"2016-09-09","","","","","",,"",1.46,0,1.49,"Neutral",""
"2016-09-10","","","","","",,"",1.42,0,1.46,"Neutral",""
"2016-09-11","","","","","",,"",1.39,0,1.42,"Neutral",""
"2016-09-12","","","","","",,"",1.36,0,1.39,"Neutral",""
"2016-09-13","","","","","",,"",1.33,0,1.36,"Neutral",""
"2016-09-14","","","","","",,"",1.29,0,1.32,"Neutral",""
"2016-09-15","","","","","",,"",1.26,0,1.29,"Neutral",""
"2016-09-16","Ride","Lakesshore - Cyclemeter","",96.57,"",,96.57,3.51,12.85,1.26,"Neutral","Cycling Ftp 175w. Weight 70kg."
"2016-09-17","","","","","",,"",3.42,11.14,-9.35,"Neutral",""
"2016-09-18","","","","","",,"",3.34,9.66,-7.72,"Neutral",""
"2016-09-19","","","","","",,"",3.26,8.37,-6.32,"Neutral",""
"2016-09-20","","","","","",,"",3.19,7.26,-5.11,"Neutral",""
"2016-09-21","","","","","",,"",3.11,6.29,-4.07,"Neutral",""
"2016-09-22","","","","","",,"",3.04,5.45,-3.18,"Neutral",""
"2016-09-23","","","","","",,"",2.97,4.72,-2.42,"Neutral",""
"2016-09-24","","","","","",,"",2.9,4.1,-1.76,"Neutral",""
"2016-09-25","","","","","",,"",2.83,3.55,-1.2,"Neutral",""
"2016-09-26","Ride","Lakesshore - Cyclemeter","",103.07,"",,103.07,5.19,16.8,-0.73,"Neutral","Cycling Ftp 175w. Weight 70kg."
"2016-09-27","","","","","",,"",5.07,14.56,-11.62,"Optimal",""
"2016-09-28","","","","","",,"",4.95,12.62,-9.5,"Neutral",""
"2016-09-29","","","","","",,"",4.83,10.94,-7.68,"Neutral",""
"2016-09-30","","","","","",,"",4.72,9.48,-6.12,"Neutral",""
"2016-10-01","","","","","",,"",4.61,8.22,-4.77,"Neutral",""
"2016-10-02","","","","","",,"",4.5,7.13,-3.62,"Neutral",""
"2016-10-03","","","","","",,"",4.39,6.18,-2.63,"Neutral",""
"2016-10-04","","","","","",,"",4.29,5.35,-1.79,"Neutral",""
"2016-10-05","","","","","",,"",4.19,4.64,-1.07,"Neutral",""
"2016-10-06","","","","","",,"",4.09,4.02,-0.46,"Neutral",""
"2016-10-07","","","","","",,"",3.99,3.49,0.06,"Neutral",""
"2016-10-08","","","","","",,"",3.9,3.02,0.5,"Neutral",""
"2016-10-09","","","","","",,"",3.81,2.62,0.87,"Neutral",""
"2016-10-10","","","","","",,"",3.72,2.27,1.18,"Neutral",""
"2016-10-11","","","","","",,"",3.63,1.97,1.44,"Neutral",""
"2016-10-12","","","","","",,"",3.54,1.7,1.66,"Neutral",""
"2016-10-13","","","","","",,"",3.46,1.48,1.83,"Neutral",""
"2016-10-14","","","","","",,"",3.38,1.28,1.98,"Neutral",""
"2016-10-15","","","","","",,"",3.3,1.11,2.09,"Neutral",""
"2016-10-16","","","","","",,"",3.22,0.96,2.18,"Neutral",""
"2016-10-17","","","","","",,"",3.14,0.83,2.26,"Neutral",""
"2016-10-18","","","","","",,"",3.07,0.72,2.31,"Neutral",""
"2016-10-19","","","","","",,"",3,0.62,2.35,"Neutral",""
"2016-10-20","","","","","",,"",2.93,0.54,2.37,"Neutral",""
"2016-10-21","","","","","",,"",2.86,0.47,2.38,"Neutral",""
"2016-10-22","","","","","",,"",2.79,0.4,2.39,"Neutral",""
"2016-10-23","","","","","",,"",2.73,0.35,2.38,"Neutral",""
"2016-10-24","","","","","",,"",2.66,0.3,2.37,"Neutral",""
"2016-10-25","","","","","",,"",2.6,0.26,2.35,"Neutral",""
"2016-10-26","","","","","",,"",2.54,0.23,2.33,"Neutral",""
"2016-10-27","","","","","",,"",2.48,0.2,2.31,"Neutral",""
"2016-10-28","","","","","",,"",2.42,0.17,2.28,"Neutral",""
"2016-10-29","","","","","",,"",2.36,0.15,2.25,"Neutral",""
"2016-10-30","","","","","",,"",2.31,0.13,2.21,"Neutral",""
"2016-10-31","","","","","",,"",2.25,0.11,2.18,"Neutral",""
"2016-11-01","Ride","Lakesshore - Cyclemeter","",10.95,"",,10.95,2.46,1.55,2.14,"Neutral","Cycling Ftp 175w. Weight 70kg."
"2016-11-02","","","","","",,"",2.4,1.34,0.9,"Neutral",""
"2016-11-03","","","","","",,"",2.34,1.16,1.05,"Neutral",""
"2016-11-04","Ride","1/2 Lakesshore - Cyclemeter",32.64,37,"",,32.64,3.05,5.35,1.17,"Neutral","MaxHr 160bpm. RestHr 60bpm. Cycling Ftp 175w. Weight 70kg."
"2016-11-05","","","","","",,"",2.98,4.64,-2.3,"Neutral",""
"2016-11-06","","","","","",,"",2.91,4.02,-1.66,"Neutral",""
"2016-11-07","","","","","",,"",2.84,3.49,-1.11,"Neutral",""
"2016-11-08","","","","","",,"",2.78,3.02,-0.65,"Neutral",""
"2016-11-09","","","","","",,"",2.71,2.62,-0.25,"Neutral",""
"2016-11-10","","","","","",,"",2.65,2.27,0.09,"Neutral",""
"2016-11-11","","","","","",,"",2.58,1.97,0.37,"Neutral",""
"2016-11-12","","","","","",,"",2.52,1.7,0.61,"Neutral",""
"2016-11-13","","","","","",,"",2.46,1.48,0.81,"Neutral",""
"2016-11-14","","","","","",,"",2.41,1.28,0.98,"Neutral",""
"2016-11-15","","","","","",,"",2.35,1.11,1.12,"Neutral",""
"2016-11-16","","","","","",,"",2.29,0.96,1.24,"Neutral",""
"2016-11-17","","","","","",,"",2.24,0.83,1.33,"Neutral",""
"2016-11-18","","","","","",,"",2.19,0.72,1.4,"Neutral",""
"2016-11-19","","","","","",,"",2.14,0.62,1.46,"Neutral",""
"2016-11-20","","","","","",,"",2.09,0.54,1.51,"Neutral",""
"2016-11-21","","","","","",,"",2.04,0.47,1.54,"Neutral",""
"2016-11-22","","","","","",,"",1.99,0.4,1.56,"Neutral",""
"2016-11-23","","","","","",,"",1.94,0.35,1.58,"Neutral",""
"2016-11-24","","","","","",,"",1.9,0.3,1.59,"Neutral",""
"2016-11-25","","","","","",,"",1.85,0.26,1.59,"Neutral",""
"2016-11-26","","","","","",,"",1.81,0.23,1.58,"Neutral",""
"2016-11-27","","","","","",,"",1.76,0.2,1.58,"Neutral",""
"2016-11-28","","","","","",,"",1.72,0.17,1.56,"Neutral",""
"2016-11-29","","","","","",,"",1.68,0.15,1.55,"Neutral",""
"2016-11-30","","","","","",,"",1.64,0.13,1.53,"Neutral",""
"2016-12-01","","","","","",,"",1.6,0.11,1.51,"Neutral",""
"2016-12-02","","","","","",,"",1.57,0.09,1.49,"Neutral",""
"2016-12-03","","","","","",,"",1.53,0.08,1.47,"Neutral",""
"2016-12-04","","","","","",,"",1.49,0.07,1.44,"Neutral",""
"2016-12-05","","","","","",,"",1.46,0.06,1.42,"Neutral",""
"2016-12-06","","","","","",,"",1.42,0.05,1.39,"Neutral",""
"2016-12-07","","","","","",,"",1.39,0.04,1.37,"Neutral",""
"2016-12-08","","","","","",,"",1.36,0.04,1.34,"Neutral",""
"2016-12-09","","","","","",,"",1.32,0.03,1.32,"Neutral",""
"2016-12-10","","","","","",,"",1.29,0.03,1.29,"Neutral",""
"2016-12-11","","","","","",,"",1.26,0.02,1.26,"Neutral",""
"2016-12-12","","","","","",,"",1.23,0.02,1.24,"Neutral",""
"2016-12-13","","","","","",,"",1.2,0.02,1.21,"Neutral",""
"2016-12-14","","","","","",,"",1.18,0.01,1.18,"Neutral",""
"2016-12-15","","","","","",,"",1.15,0.01,1.16,"Neutral",""
"2016-12-16","","","","","",,"",1.12,0.01,1.13,"Neutral",""
"2016-12-17","","","","","",,"",1.09,0.01,1.11,"Neutral",""
"2016-12-18","","","","","",,"",1.07,0,1.08,"Neutral",""
"2016-12-19","","","","","",,"",1.04,0,1.06,"Neutral",""
"2016-12-20","","","","","",,"",1.02,0,1.03,"Neutral",""
"2016-12-21","","","","","",,"",0.99,0,1.01,"Neutral",""
"2016-12-22","","","","","",,"",0.97,0,0.99,"Neutral",""
"2016-12-23","","","","","",,"",0.95,0,0.97,"Neutral",""
"2016-12-24","","","","","",,"",0.93,0,0.94,"Neutral",""
"2016-12-25","","","","","",,"",0.9,0,0.92,"Neutral",""
"2016-12-26","","","","","",,"",0.88,0,0.9,"Neutral",""
"2016-12-27","","","","","",,"",0.86,0,0.88,"Neutral",""
"2016-12-28","","","","","",,"",0.84,0,0.86,"Neutral",""
"2016-12-29","","","","","",,"",0.82,0,0.84,"Neutral",""
"2016-12-30","","","","","",,"",0.8,0,0.82,"Neutral",""
"2016-12-31","","","","","",,"",0.78,0,0.8,"Neutral",""
"2017-01-01","","","","","",,"",0.76,0,0.78,"Neutral",""
"2017-01-02","","","","","",,"",0.75,0,0.76,"Neutral",""
"2017-01-03","","","","","",,"",0.73,0,0.74,"Neutral",""
"2017-01-04","","","","","",,"",0.71,0,0.73,"Neutral",""
"2017-01-05","","","","","",,"",0.69,0,0.71,"Neutral",""
"2017-01-06","","","","","",,"",0.68,0,0.69,"Neutral",""
"2017-01-07","","","","","",,"",0.66,0,0.68,"Neutral",""
"2017-01-08","","","","","",,"",0.65,0,0.66,"Neutral",""
"2017-01-09","","","","","",,"",0.63,0,0.65,"Neutral",""
"2017-01-10","","","","","",,"",0.62,0,0.63,"Neutral",""
"2017-01-11","","","","","",,"",0.6,0,0.62,"Neutral",""
"2017-01-12","","","","","",,"",0.59,0,0.6,"Neutral",""
"2017-01-13","","","","","",,"",0.57,0,0.59,"Neutral",""
"2017-01-14","","","","","",,"",0.56,0,0.57,"Neutral",""
"2017-01-15","","","","","",,"",0.55,0,0.56,"Neutral",""
"2017-01-16","","","","","",,"",0.53,0,0.55,"Neutral",""
"2017-01-17","","","","","",,"",0.52,0,0.53,"Neutral",""
"2017-01-18","","","","","",,"",0.51,0,0.52,"Neutral",""
"2017-01-19","","","","","",,"",0.5,0,0.51,"Neutral",""
"2017-01-20","","","","","",,"",0.48,0,0.5,"Neutral",""
"2017-01-21","","","","","",,"",0.47,0,0.48,"Neutral",""
"2017-01-22","","","","","",,"",0.46,0,0.47,"Neutral",""
"2017-01-23","","","","","",,"",0.45,0,0.46,"Neutral",""
"2017-01-24","","","","","",,"",0.44,0,0.45,"Neutral",""
"2017-01-25","","","","","",,"",0.43,0,0.44,"Neutral",""
"2017-01-26","","","","","",,"",0.42,0,0.43,"Neutral",""
"2017-01-27","","","","","",,"",0.41,0,0.42,"Neutral",""
"2017-01-28","","","","","",,"",0.4,0,0.41,"Neutral",""
"2017-01-29","","","","","",,"",0.39,0,0.4,"Neutral",""
"2017-01-30","","","","","",,"",0.38,0,0.39,"Neutral",""
"2017-01-31","","","","","",,"",0.37,0,0.38,"Neutral",""
"2017-02-01","","","","","",,"",0.36,0,0.37,"Neutral",""
"2017-02-02","","","","","",,"",0.35,0,0.36,"Neutral",""
"2017-02-03","","","","","",,"",0.35,0,0.35,"Neutral",""
"2017-02-04","","","","","",,"",0.34,0,0.35,"Neutral",""
"2017-02-05","","","","","",,"",0.33,0,0.34,"Neutral",""
"2017-02-06","","","","","",,"",0.32,0,0.33,"Neutral",""
"2017-02-07","","","","","",,"",0.31,0,0.32,"Neutral",""
"2017-02-08","","","","","",,"",0.31,0,0.31,"Neutral",""
"2017-02-09","","","","","",,"",0.3,0,0.31,"Neutral",""
"2017-02-10","","","","","",,"",0.29,0,0.3,"Neutral",""
"2017-02-11","","","","","",,"",0.28,0,0.29,"Neutral",""
"2017-02-12","","","","","",,"",0.28,0,0.28,"Neutral",""
"2017-02-13","","","","","",,"",0.27,0,0.28,"Neutral",""
"2017-02-14","","","","","",,"",0.26,0,0.27,"Neutral",""
"2017-02-15","","","","","",,"",0.26,0,0.26,"Neutral",""
"2017-02-16","","","","","",,"",0.25,0,0.26,"Neutral",""
"2017-02-17","","","","","",,"",0.25,0,0.25,"Neutral",""
"2017-02-18","","","","","",,"",0.24,0,0.25,"Neutral",""
"2017-02-19","","","","","",,"",0.23,0,0.24,"Neutral",""
"2017-02-20","","","","","",,"",0.23,0,0.23,"Neutral",""
"2017-02-21","","","","","",,"",0.22,0,0.23,"Neutral",""
"2017-02-22","","","","","",,"",0.22,0,0.22,"Neutral",""
"2017-02-23","","","","","",,"",0.21,0,0.22,"Neutral",""
"2017-02-24","","","","","",,"",0.21,0,0.21,"Neutral",""
"2017-02-25","","","","","",,"",0.2,0,0.21,"Neutral",""
"2017-02-26","","","","","",,"",0.2,0,0.2,"Neutral",""
"2017-02-27","","","","","",,"",0.19,0,0.2,"Neutral",""
"2017-02-28","","","","","",,"",0.19,0,0.19,"Neutral",""
"2017-03-01","","","","","",,"",0.18,0,0.19,"Neutral",""
"2017-03-02","","","","","",,"",0.18,0,0.18,"Neutral",""
"2017-03-03","","","","","",,"",0.17,0,0.18,"Neutral",""
"2017-03-04","","","","","",,"",0.17,0,0.17,"Neutral",""
"2017-03-05","","","","","",,"",0.17,0,0.17,"Neutral",""
"2017-03-06","","","","","",,"",0.16,0,0.17,"Neutral",""
"2017-03-07","","","","","",,"",0.16,0,0.16,"Neutral",""
"2017-03-08","","","","","",,"",0.15,0,0.16,"Neutral",""
"2017-03-09","","","","","",,"",0.15,0,0.15,"Neutral",""
"2017-03-10","","","","","",,"",0.15,0,0.15,"Neutral",""
"2017-03-11","","","","","",,"",0.14,0,0.15,"Neutral",""
"2017-03-12","","","","","",,"",0.14,0,0.14,"Neutral",""
"2017-03-13","","","","","",,"",0.14,0,0.14,"Neutral",""
"2017-03-14","","","","","",,"",0.13,0,0.14,"Neutral",""
"2017-03-15","","","","","",,"",0.13,0,0.13,"Neutral",""
"2017-03-16","","","","","",,"",0.13,0,0.13,"Neutral",""
"2017-03-17","","","","","",,"",0.12,0,0.13,"Neutral",""
"2017-03-18","","","","","",,"",0.12,0,0.12,"Neutral",""
"2017-03-19","","","","","",,"",0.12,0,0.12,"Neutral",""
"2017-03-20","","","","","",,"",0.12,0,0.12,"Neutral",""
"2017-03-21","","","","","",,"",0.11,0,0.12,"Neutral",""
"2017-03-22","","","","","",,"",0.11,0,0.11,"Neutral",""
"2017-03-23","","","","","",,"",0.11,0,0.11,"Neutral",""
"2017-03-24","","","","","",,"",0.1,0,0.11,"Neutral",""
"2017-03-25","","","","","",,"",0.1,0,0.1,"Neutral",""
"2017-03-26","","","","","",,"",0.1,0,0.1,"Neutral",""
"2017-03-27","","","","","",,"",0.1,0,0.1,"Neutral",""
"2017-03-28","","","","","",,"",0.09,0,0.1,"Neutral",""
"2017-03-29","","","","","",,"",0.09,0,0.09,"Neutral",""
"2017-03-30","","","","","",,"",0.09,0,0.09,"Neutral",""
"2017-03-31","","","","","",,"",0.09,0,0.09,"Neutral",""
"2017-04-01","","","","","",,"",0.09,0,0.09,"Neutral",""
"2017-04-02","","","","","",,"",0.08,0,0.09,"Neutral",""
"2017-04-03","","","","","",,"",0.08,0,0.08,"Neutral",""
"2017-04-04","","","","","",,"",0.08,0,0.08,"Neutral",""
"2017-04-05","","","","","",,"",0.08,0,0.08,"Neutral",""
"2017-04-06","","","","","",,"",0.08,0,0.08,"Neutral",""
"2017-04-07","","","","","",,"",0.07,0,0.08,"Neutral",""
"2017-04-08","","","","","",,"",0.07,0,0.07,"Neutral",""
"2017-04-09","","","","","",,"",0.07,0,0.07,"Neutral",""
"2017-04-10","","","","","",,"",0.07,0,0.07,"Neutral",""
"2017-04-11","","","","","",,"",0.07,0,0.07,"Neutral",""
"2017-04-12","","","","","",,"",0.06,0,0.07,"Neutral",""
"2017-04-13","","","","","",,"",0.06,0,0.06,"Neutral",""
"2017-04-14","","","","","",,"",0.06,0,0.06,"Neutral",""
"2017-04-15","","","","","",,"",0.06,0,0.06,"Neutral",""
"2017-04-16","","","","","",,"",0.06,0,0.06,"Neutral",""
"2017-04-17","","","","","",,"",0.06,0,0.06,"Neutral",""
"2017-04-18","","","","","",,"",0.06,0,0.06,"Neutral",""
"2017-04-19","","","","","",,"",0.05,0,0.06,"Neutral",""
"2017-04-20","","","","","",,"",0.05,0,0.05,"Neutral",""
"2017-04-21","","","","","",,"",0.05,0,0.05,"Neutral",""
"2017-04-22","","","","","",,"",0.05,0,0.05,"Neutral",""
"2017-04-23","","","","","",,"",0.05,0,0.05,"Neutral",""
"2017-04-24","","","","","",,"",0.05,0,0.05,"Neutral",""
"2017-04-25","","","","","",,"",0.05,0,0.05,"Neutral",""
"2017-04-26","","","","","",,"",0.04,0,0.05,"Neutral",""
"2017-04-27","","","","","",,"",0.04,0,0.04,"Neutral",""
"2017-04-28","","","","","",,"",0.04,0,0.04,"Neutral",""
"2017-04-29","","","","","",,"",0.04,0,0.04,"Neutral",""
"2017-04-30","","","","","",,"",0.04,0,0.04,"Neutral",""
"2017-05-01","","","","","",,"",0.04,0,0.04,"Neutral",""
"2017-05-02","","","","","",,"",0.04,0,0.04,"Neutral",""
"2017-05-03","","","","","",,"",0.04,0,0.04,"Neutral",""
"2017-05-04","","","","","",,"",0.04,0,0.04,"Neutral",""
"2017-05-05","","","","","",,"",0.04,0,0.04,"Neutral",""
"2017-05-06","","","","","",,"",0.03,0,0.04,"Neutral",""
"2017-05-07","","","","","",,"",0.03,0,0.03,"Neutral",""
"2017-05-08","","","","","",,"",0.03,0,0.03,"Neutral",""
"2017-05-09","","","","","",,"",0.03,0,0.03,"Neutral",""
"2017-05-10","","","","","",,"",0.03,0,0.03,"Neutral",""
"2017-05-11","","","","","",,"",0.03,0,0.03,"Neutral",""
"2017-05-12","","","","","",,"",0.03,0,0.03,"Neutral",""
"2017-05-13","","","","","",,"",0.03,0,0.03,"Neutral",""
"2017-05-14","","","","","",,"",0.03,0,0.03,"Neutral",""
"2017-05-15","","","","","",,"",0.03,0,0.03,"Neutral",""
"2017-05-16","","","","","",,"",0.03,0,0.03,"Neutral",""
"2017-05-17","","","","","",,"",0.03,0,0.03,"Neutral",""
"2017-05-18","","","","","",,"",0.02,0,0.03,"Neutral",""
"2017-05-19","","","","","",,"",0.02,0,0.02,"Neutral",""
"2017-05-20","","","","","",,"",0.02,0,0.02,"Neutral",""
"2017-05-21","","","","","",,"",0.02,0,0.02,"Neutral",""
"2017-05-22","","","","","",,"",0.02,0,0.02,"Neutral",""
"2017-05-23","","","","","",,"",0.02,0,0.02,"Neutral",""
"2017-05-24","","","","","",,"",0.02,0,0.02,"Neutral",""
"2017-05-25","","","","","",,"",0.02,0,0.02,"Neutral",""
"2017-05-26","","","","","",,"",0.02,0,0.02,"Neutral",""
"2017-05-27","","","","","",,"",0.02,0,0.02,"Neutral",""
"2017-05-28","","","","","",,"",0.02,0,0.02,"Neutral",""
"2017-05-29","","","","","",,"",0.02,0,0.02,"Neutral",""
"2017-05-30","","","","","",,"",0.02,0,0.02,"Neutral",""
"2017-05-31","","","","","",,"",0.02,0,0.02,"Neutral",""
"2017-06-01","","","","","",,"",0.02,0,0.02,"Neutral",""
"2017-06-02","","","","","",,"",0.02,0,0.02,"Neutral",""
"2017-06-03","","","","","",,"",0.02,0,0.02,"Neutral",""
"2017-06-04","","","","","",,"",0.01,0,0.02,"Neutral",""
"2017-06-05","","","","","",,"",0.01,0,0.01,"Neutral",""
"2017-06-06","","","","","",,"",0.01,0,0.01,"Neutral",""
"2017-06-07","","","","","",,"",0.01,0,0.01,"Neutral",""
"2017-06-08","","","","","",,"",0.01,0,0.01,"Neutral",""
"2017-06-09","","","","","",,"",0.01,0,0.01,"Neutral",""
"2017-06-10","","","","","",,"",0.01,0,0.01,"Neutral",""
"2017-06-11","","","","","",,"",0.01,0,0.01,"Neutral",""
"2017-06-12","","","","","",,"",0.01,0,0.01,"Neutral",""
"2017-06-13","","","","","",,"",0.01,0,0.01,"Neutral",""
"2017-06-14","","","","","",,"",0.01,0,0.01,"Neutral",""
"2017-06-15","","","","","",,"",0.01,0,0.01,"Neutral",""
"2017-06-16","","","","","",,"",0.01,0,0.01,"Neutral",""
"2017-06-17","","","","","",,"",0.01,0,0.01,"Neutral",""
"2017-06-18","","","","","",,"",0.01,0,0.01,"Neutral",""
"2017-06-19","","","","","",,"",0.01,0,0.01,"Neutral",""
"2017-06-20","","","","","",,"",0.01,0,0.01,"Neutral",""
"2017-06-21","","","","","",,"",0.01,0,0.01,"Neutral",""
"2017-06-22","","","","","",,"",0.01,0,0.01,"Neutral",""
"2017-06-23","","","","","",,"",0.01,0,0.01,"Neutral",""
"2017-06-24","","","","","",,"",0.01,0,0.01,"Neutral",""
"2017-06-25","","","","","",,"",0.01,0,0.01,"Neutral",""
"2017-06-26","","","","","",,"",0.01,0,0.01,"Neutral",""
"2017-06-27","","","","","",,"",0.01,0,0.01,"Neutral",""
"2017-06-28","","","","","",,"",0.01,0,0.01,"Neutral",""
"2017-06-29","","","","","",,"",0.01,0,0.01,"Neutral",""
"2017-06-30","","","","","",,"",0.01,0,0.01,"Neutral",""
"2017-07-01","","","","","",,"",0.01,0,0.01,"Neutral",""
"2017-07-02","","","","","",,"",0.01,0,0.01,"Neutral",""
"2017-07-03","","","","","",,"",0,0,0.01,"Neutral",""
"2017-07-04","","","","","",,"",0,0,0,"Neutral",""
"2017-07-05","","","","","",,"",0,0,0,"Neutral",""
"2017-07-06","","","","","",,"",0,0,0,"Neutral",""
"2017-07-07","","","","","",,"",0,0,0,"Neutral",""
"2017-07-08","","","","","",,"",0,0,0,"Neutral",""
"2017-07-09","","","","","",,"",0,0,0,"Neutral",""
"2017-07-10","","","","","",,"",0,0,0,"Neutral",""
"2017-07-11","","","","","",,"",0,0,0,"Neutral",""
"2017-07-12","","","","","",,"",0,0,0,"Neutral",""
"2017-07-13","","","","","",,"",0,0,0,"Neutral",""
"2017-07-14","","","","","",,"",0,0,0,"Neutral",""
"2017-07-15","","","","","",,"",0,0,0,"Neutral",""
"2017-07-16","","","","","",,"",0,0,0,"Neutral",""
"2017-07-17","","","","","",,"",0,0,0,"Neutral",""
"2017-07-18","","","","","",,"",0,0,0,"Neutral",""
"2017-07-19","","","","","",,"",0,0,0,"Neutral",""
"2017-07-20","","","","","",,"",0,0,0,"Neutral",""
"2017-07-21","","","","","",,"",0,0,0,"Neutral",""
"2017-07-22","","","","","",,"",0,0,0,"Neutral",""
"2017-07-23","","","","","",,"",0,0,0,"Neutral",""
"2017-07-24","","","","","",,"",0,0,0,"Neutral",""
"2017-07-25","","","","","",,"",0,0,0,"Neutral",""
"2017-07-26","","","","","",,"",0,0,0,"Neutral",""
"2017-07-27","","","","","",,"",0,0,0,"Neutral",""
"2017-07-28","","","","","",,"",0,0,0,"Neutral",""
"2017-07-29","","","","","",,"",0,0,0,"Neutral",""
"2017-07-30","","","","","",,"",0,0,0,"Neutral",""
"2017-07-31","","","","","",,"",0,0,0,"Neutral",""
"2017-08-01","","","","","",,"",0,0,0,"Neutral",""
"2017-08-02","","","","","",,"",0,0,0,"Neutral",""
"2017-08-03","","","","","",,"",0,0,0,"Neutral",""
"2017-08-04","","","","","",,"",0,0,0,"Neutral",""
"2017-08-05","","","","","",,"",0,0,0,"Neutral",""
"2017-08-06","","","","","",,"",0,0,0,"Neutral",""
"2017-08-07","","","","","",,"",0,0,0,"Neutral",""
"2017-08-08","","","","","",,"",0,0,0,"Neutral",""
"2017-08-09","","","","","",,"",0,0,0,"Neutral",""
"2017-08-10","","","","","",,"",0,0,0,"Neutral",""
"2017-08-11","","","","","",,"",0,0,0,"Neutral",""
"2017-08-12","","","","","",,"",0,0,0,"Neutral",""
"2017-08-13","","","","","",,"",0,0,0,"Neutral",""
"2017-08-14","","","","","",,"",0,0,0,"Neutral",""
"2017-08-15","","","","","",,"",0,0,0,"Neutral",""
"2017-08-16","","","","","",,"",0,0,0,"Neutral",""
"2017-08-17","","","","","",,"",0,0,0,"Neutral",""
"2017-08-18","","","","","",,"",0,0,0,"Neutral",""
"2017-08-19","","","","","",,"",0,0,0,"Neutral",""
"2017-08-20","","","","","",,"",0,0,0,"Neutral",""
"2017-08-21","","","","","",,"",0,0,0,"Neutral",""
"2017-08-22","","","","","",,"",0,0,0,"Neutral",""
"2017-08-23","","","","","",,"",0,0,0,"Neutral",""
"2017-08-24","Run","Beaverton - Run - Cyclemeter","","","",,"",0,0,0,"Neutral","Weight 70kg."
"2017-08-25","","","","","",,"",0,0,0,"Neutral",""
"2017-08-26","","","","","",,"",0,0,0,"Neutral",""
"2017-08-27","","","","","",,"",0,0,0,"Neutral",""
"2017-08-28","Run","Lunch Run","","","",,"",0,0,0,"Neutral","Weight 70kg."
"2017-08-29","Run","Lunch Run","","","",,"",0,0,0,"Neutral","Weight 70kg."
"2017-08-30","","","","","",,"",0,0,0,"Neutral",""
"2017-08-31","Run","Lunch Run","","","",,"",0,0,0,"Neutral","Weight 70kg."
"2017-09-01","","","","","",,"",0,0,0,"Neutral",""
"2017-09-02","","","","","",,"",0,0,0,"Neutral",""
"2017-09-03","","","","","",,"",0,0,0,"Neutral",""
"2017-09-04","","","","","",,"",0,0,0,"Neutral",""
"2017-09-05","","","","","",,"",0,0,0,"Neutral",""
"2017-09-06","","","","","",,"",0,0,0,"Neutral",""
"2017-09-07","","","","","",,"",0,0,0,"Neutral",""
"2017-09-08","","","","","",,"",0,0,0,"Neutral",""
"2017-09-09","","","","","",,"",0,0,0,"Neutral",""
"2017-09-10","","","","","",,"",0,0,0,"Neutral",""
"2017-09-11","Run","Lunch Run","","","",,"",0,0,0,"Neutral","Weight 70kg."
"2017-09-12","","","","","",,"",0,0,0,"Neutral",""
"2017-09-13","","","","","",,"",0,0,0,"Neutral",""
"2017-09-14","","","","","",,"",0,0,0,"Neutral",""
"2017-09-15","","","","","",,"",0,0,0,"Neutral",""
"2017-09-16","","","","","",,"",0,0,0,"Neutral",""
"2017-09-17","","","","","",,"",0,0,0,"Neutral",""
"2017-09-18","","","","","",,"",0,0,0,"Neutral",""
"2017-09-19","","","","","",,"",0,0,0,"Neutral",""
"2017-09-20","","","","","",,"",0,0,0,"Neutral",""
"2017-09-21","","","","","",,"",0,0,0,"Neutral",""
"2017-09-22","","","","","",,"",0,0,0,"Neutral",""
"2017-09-23","","","","","",,"",0,0,0,"Neutral",""
"2017-09-24","","","","","",,"",0,0,0,"Neutral",""
"2017-09-25","Run","Beaverton - Run - Cyclemeter","","","",,"",0,0,0,"Neutral","Weight 70kg."
"2017-09-26","","","","","",,"",0,0,0,"Neutral",""
"2017-09-27","","","","","",,"",0,0,0,"Neutral",""
"2017-09-28","","","","","",,"",0,0,0,"Neutral",""
"2017-09-29","","","","","",,"",0,0,0,"Neutral",""
"2017-09-30","","","","","",,"",0,0,0,"Neutral",""
"2017-10-01","","","","","",,"",0,0,0,"Neutral",""
"2017-10-02","","","","","",,"",0,0,0,"Neutral",""
"2017-10-03","","","","","",,"",0,0,0,"Neutral",""
"2017-10-04","","","","","",,"",0,0,0,"Neutral",""
"2017-10-05","","","","","",,"",0,0,0,"Neutral",""
"2017-10-06","","","","","",,"",0,0,0,"Neutral",""
"2017-10-07","","","","","",,"",0,0,0,"Neutral",""
"2017-10-08","","","","","",,"",0,0,0,"Neutral",""
"2017-10-09","","","","","",,"",0,0,0,"Neutral",""
"2017-10-10","","","","","",,"",0,0,0,"Neutral",""
"2017-10-11","","","","","",,"",0,0,0,"Neutral",""
"2017-10-12","","","","","",,"",0,0,0,"Neutral",""
"2017-10-13","","","","","",,"",0,0,0,"Neutral",""
"2017-10-14","","","","","",,"",0,0,0,"Neutral",""
"2017-10-15","","","","","",,"",0,0,0,"Neutral",""
"2017-10-16","","","","","",,"",0,0,0,"Neutral",""
"2017-10-17","","","","","",,"",0,0,0,"Neutral",""
"2017-10-18","","","","","",,"",0,0,0,"Neutral",""
"2017-10-19","","","","","",,"",0,0,0,"Neutral",""
"2017-10-20","","","","","",,"",0,0,0,"Neutral",""
"2017-10-21","","","","","",,"",0,0,0,"Neutral",""
"2017-10-22","","","","","",,"",0,0,0,"Neutral",""
"2017-10-23","","","","","",,"",0,0,0,"Neutral",""
"2017-10-24","","","","","",,"",0,0,0,"Neutral",""
"2017-10-25","","","","","",,"",0,0,0,"Neutral",""
"2017-10-26","","","","","",,"",0,0,0,"Neutral",""
"2017-10-27","","","","","",,"",0,0,0,"Neutral",""
"2017-10-28","","","","","",,"",0,0,0,"Neutral",""
"2017-10-29","","","","","",,"",0,0,0,"Neutral",""
"2017-10-30","","","","","",,"",0,0,0,"Neutral",""
"2017-10-31","","","","","",,"",0,0,0,"Neutral",""
"2017-11-01","","","","","",,"",0,0,0,"Neutral",""
"2017-11-02","","","","","",,"",0,0,0,"Neutral",""
"2017-11-03","","","","","",,"",0,0,0,"Neutral",""
"2017-11-04","","","","","",,"",0,0,0,"Neutral",""
"2017-11-05","","","","","",,"",0,0,0,"Neutral",""
"2017-11-06","","","","","",,"",0,0,0,"Neutral",""
"2017-11-07","","","","","",,"",0,0,0,"Neutral",""
"2017-11-08","","","","","",,"",0,0,0,"Neutral",""
"2017-11-09","","","","","",,"",0,0,0,"Neutral",""
"2017-11-10","","","","","",,"",0,0,0,"Neutral",""
"2017-11-11","","","","","",,"",0,0,0,"Neutral",""
"2017-11-12","","","","","",,"",0,0,0,"Neutral",""
"2017-11-13","","","","","",,"",0,0,0,"Neutral",""
"2017-11-14","","","","","",,"",0,0,0,"Neutral",""
"2017-11-15","","","","","",,"",0,0,0,"Neutral",""
"2017-11-16","","","","","",,"",0,0,0,"Neutral",""
"2017-11-17","","","","","",,"",0,0,0,"Neutral",""
"2017-11-18","","","","","",,"",0,0,0,"Neutral",""
"2017-11-19","","","","","",,"",0,0,0,"Neutral",""
"2017-11-20","","","","","",,"",0,0,0,"Neutral",""
"2017-11-21","","","","","",,"",0,0,0,"Neutral",""
"2017-11-22","","","","","",,"",0,0,0,"Neutral",""
"2017-11-23","","","","","",,"",0,0,0,"Neutral",""
"2017-11-24","","","","","",,"",0,0,0,"Neutral",""
"2017-11-25","","","","","",,"",0,0,0,"Neutral",""
"2017-11-26","","","","","",,"",0,0,0,"Neutral",""
"2017-11-27","","","","","",,"",0,0,0,"Neutral",""
"2017-11-28","","","","","",,"",0,0,0,"Neutral",""
"2017-11-29","","","","","",,"",0,0,0,"Neutral",""
"2017-11-30","","","","","",,"",0,0,0,"Neutral",""
"2017-12-01","","","","","",,"",0,0,0,"Neutral",""
"2017-12-02","","","","","",,"",0,0,0,"Neutral",""
"2017-12-03","","","","","",,"",0,0,0,"Neutral",""
"2017-12-04","","","","","",,"",0,0,0,"Neutral",""
"2017-12-05","","","","","",,"",0,0,0,"Neutral",""
"2017-12-06","","","","","",,"",0,0,0,"Neutral",""
"2017-12-07","","","","","",,"",0,0,0,"Neutral",""
"2017-12-08","","","","","",,"",0,0,0,"Neutral",""
"2017-12-09","","","","","",,"",0,0,0,"Neutral",""
"2017-12-10","","","","","",,"",0,0,0,"Neutral",""
"2017-12-11","","","","","",,"",0,0,0,"Neutral",""
"2017-12-12","","","","","",,"",0,0,0,"Neutral",""
"2017-12-13","","","","","",,"",0,0,0,"Neutral",""
"2017-12-14","","","","","",,"",0,0,0,"Neutral",""
"2017-12-15","","","","","",,"",0,0,0,"Neutral",""
"2017-12-16","","","","","",,"",0,0,0,"Neutral",""
"2017-12-17","","","","","",,"",0,0,0,"Neutral",""
"2017-12-18","","","","","",,"",0,0,0,"Neutral",""
"2017-12-19","","","","","",,"",0,0,0,"Neutral",""
"2017-12-20","","","","","",,"",0,0,0,"Neutral",""
"2017-12-21","","","","","",,"",0,0,0,"Neutral",""
"2017-12-22","","","","","",,"",0,0,0,"Neutral",""
"2017-12-23","","","","","",,"",0,0,0,"Neutral",""
"2017-12-24","","","","","",,"",0,0,0,"Neutral",""
"2017-12-25","","","","","",,"",0,0,0,"Neutral",""
"2017-12-26","","","","","",,"",0,0,0,"Neutral",""
"2017-12-27","","","","","",,"",0,0,0,"Neutral",""
"2017-12-28","","","","","",,"",0,0,0,"Neutral",""
"2017-12-29","","","","","",,"",0,0,0,"Neutral",""
"2017-12-30","","","","","",,"",0,0,0,"Neutral",""
"2017-12-31","","","","","",,"",0,0,0,"Neutral",""
"2018-01-01","","","","","",,"",0,0,0,"Neutral",""
"2018-01-02","","","","","",,"",0,0,0,"Neutral",""
"2018-01-03","Ride","Lamarck - TrainerRoad",117.6,64.51,"",,64.51,1.51,8.58,0,"Neutral","MaxHr 160bpm. RestHr 60bpm. Cycling Ftp 175w. Weight 70kg."
"2018-01-04","Ride","Mary Austin - TrainerRoad",55.58,32.57,"",,32.57,2.24,11.78,-7.07,"Neutral","MaxHr 160bpm. RestHr 60bpm. Cycling Ftp 175w. Weight 70kg."
"2018-01-05","","","","","",,"",2.19,10.21,-9.54,"Neutral",""
"2018-01-06","","","","","",,"",2.14,8.85,-8.02,"Neutral",""
"2018-01-07","","","","","",,"",2.09,7.67,-6.71,"Neutral",""
"2018-01-08","Ride","Kaiser - TrainerRoad",75.74,61.24,"",,61.24,3.48,14.8,-5.59,"Neutral","MaxHr 160bpm. RestHr 60bpm. Cycling Ftp 175w. Weight 70kg."
"2018-01-09","","","","","",,"",3.4,12.83,-11.33,"Optimal",""
"2018-01-10","Ride","Mary Austin - TrainerRoad",103.43,65.5,"",,65.5,4.86,19.84,-9.44,"Neutral","MaxHr 160bpm. RestHr 60bpm. Cycling Ftp 175w. Weight 70kg."
"2018-01-11","","","","","",,"",4.74,17.2,-14.99,"Optimal",""
"2018-01-12","","","","","",,"",4.63,14.91,-12.46,"Optimal",""
"2018-01-13","","","","","",,"",4.52,12.92,-10.28,"Optimal",""
"2018-01-14","","","","","",,"",4.42,11.2,-8.4,"Neutral",""
"2018-01-15","","","","","",,"",4.31,9.71,-6.79,"Neutral",""
"2018-01-16","","","","","",,"",4.21,8.42,-5.4,"Neutral",""
"2018-01-17","","","","","",,"",4.11,7.3,-4.21,"Neutral",""
"2018-01-18","Ride","Mary Austin - TrainerRoad",51.22,39.36,"",,39.36,4.94,11.56,-3.19,"Neutral","MaxHr 160bpm. RestHr 60bpm. Cycling Ftp 175w. Weight 70kg."
"2018-01-19","","","","","",,"",4.83,10.02,-6.63,"Neutral",""
"2018-01-20","","","","","",,"",4.71,8.69,-5.2,"Neutral",""
"2018-01-21","","","","","",,"",4.6,7.53,-3.98,"Neutral",""
"2018-01-22","Ride","Pettit - TrainerRoad",46.06,24.38,"",,24.38,5.07,9.77,-2.94,"Neutral","MaxHr 160bpm. RestHr 60bpm. Cycling Ftp 175w. Weight 70kg."
"2018-01-23","","","","","",,"",4.95,8.47,-4.71,"Neutral",""
"2018-01-24","","","","","",,"",4.83,7.34,-3.53,"Neutral",""
"2018-01-25","","","","","",,"",4.72,6.37,-2.52,"Neutral",""
"2018-01-26","","","","","",,"",4.61,5.52,-1.65,"Neutral",""
"2018-01-27","","","","","",,"",4.5,4.78,-0.92,"Neutral",""
"2018-01-28","","","","","",,"",4.39,4.15,-0.29,"Neutral",""
"2018-01-29","Ride","Free Ride 60 - TrainerRoad",71.36,60.24,"",,60.24,5.71,11.61,0.24,"Neutral","MaxHr 160bpm. RestHr 60bpm. Cycling Ftp 175w. Weight 70kg."
"2018-01-30","","","","","",,"",5.57,10.07,-5.91,"Neutral",""
"2018-01-31","","","","","",,"",5.44,8.72,-4.5,"Neutral",""
"2018-02-01","Ride","Free Ride 60",68.52,61.38,"",,61.38,6.76,15.73,-3.29,"Neutral","MaxHr 160bpm. RestHr 60bpm. Cycling Ftp 175w. Weight 70kg."
"2018-02-02","","","","","",,"",6.6,13.64,-8.98,"Neutral",""
"2018-02-03","","","","","",,"",6.44,11.82,-7.05,"Neutral",""
"2018-02-04","","","","","",,"",6.29,10.25,-5.39,"Neutral",""
"2018-02-05","","","","","",,"",6.14,8.88,-3.96,"Neutral",""
"2018-02-06","","","","","",,"",6,7.7,-2.75,"Neutral",""
"2018-02-07","","","","","",,"",5.86,6.67,-1.71,"Neutral",""
"2018-02-08","","","","","",,"",5.72,5.79,-0.82,"Neutral",""
"2018-02-09","","","","","",,"",5.58,5.01,-0.07,"Neutral",""
"2018-02-10","","","","","",,"",5.45,4.35,0.56,"Neutral",""
"2018-02-11","","","","","",,"",5.32,3.77,1.1,"Neutral",""
"2018-02-12","Ride","Ebbetts",94.99,52.75,"",,52.75,6.44,10.29,1.55,"Neutral","MaxHr 160bpm. RestHr 60bpm. Cycling Ftp 175w. Weight 70kg."
"2018-02-13","Ride","Mary Austin",96.73,62.76,"",,62.76,7.76,17.27,-3.85,"Neutral","MaxHr 160bpm. RestHr 60bpm. Cycling Ftp 175w. Weight 70kg."
"2018-02-14","","","","","",,"",7.58,14.97,-9.51,"Neutral",""
"2018-02-15","","","","","",,"",7.4,12.98,-7.4,"Neutral",""
"2018-02-16","","","","","",,"",7.23,11.25,-5.58,"Neutral",""
"2018-02-17","","","","","",,"",7.06,9.75,-4.03,"Neutral",""
"2018-02-18","","","","","",,"",6.89,8.45,-2.7,"Neutral",""
"2018-02-19","","","","","",,"",6.73,7.33,-1.57,"Neutral",""
"2018-02-20","","","","","",,"",6.57,6.35,-0.6,"Neutral",""
"2018-02-21","","","","","",,"",6.42,5.5,0.22,"Neutral",""
"2018-02-22","","","","","",,"",6.27,4.77,0.91,"Neutral",""
"2018-02-23","","","","","",,"",6.12,4.14,1.49,"Neutral",""
"2018-02-24","","","","","",,"",5.97,3.58,1.98,"Neutral",""
"2018-02-25","","","","","",,"",5.83,3.11,2.38,"Neutral",""
"2018-02-26","","","","","",,"",5.7,2.69,2.72,"Neutral",""
"2018-02-27","Ride","8 Minute FTP Test",71.19,65.43,"",,65.43,7.1,11.04,3,"Neutral","MaxHr 160bpm. RestHr 60bpm. Cycling Ftp 175w. Weight 70kg."
"2018-02-28","","","","","",,"",6.93,9.57,-3.95,"Neutral",""
"2018-03-01","","","","","",,"",6.77,8.3,-2.64,"Neutral",""
"2018-03-02","","","","","",,"",6.61,7.19,-1.53,"Neutral",""
"2018-03-03","","","","","",,"",6.46,6.23,-0.59,"Neutral",""
"2018-03-04","","","","","",,"",6.3,5.4,0.22,"Neutral",""
"2018-03-05","Ride","Ebbetts",70.93,57.2,"",,57.2,7.5,12.3,0.89,"Neutral","MaxHr 160bpm. RestHr 60bpm. Cycling Ftp 175w. Weight 70kg."
"2018-03-06","Ride","Huffaker",75.88,66.07,"",,66.07,8.88,19.46,-4.8,"Neutral","MaxHr 160bpm. RestHr 60bpm. Cycling Ftp 175w. Weight 70kg."
"2018-03-07","","","","","",,"",8.67,16.87,-10.58,"Optimal",""
"2018-03-08","Ride","Donner",93.64,61.29,"",,61.29,9.91,22.78,-8.2,"Neutral","MaxHr 160bpm. RestHr 60bpm. Cycling Ftp 175w. Weight 70kg."
"2018-03-09","","","","","",,"",9.68,19.75,-12.88,"Optimal",""
"2018-03-10","","","","","",,"",9.45,17.12,-10.08,"Optimal",""
"2018-03-11","","","","","",,"",9.23,14.84,-7.68,"Neutral",""
"2018-03-12","","","","","",,"",9.01,12.86,-5.62,"Neutral",""
"2018-03-13","Ride","Mills",74.04,74.42,"",,74.42,10.55,21.06,-3.86,"Neutral","MaxHr 160bpm. RestHr 60bpm. Cycling Ftp 175w. Weight 70kg."
"2018-03-14","","","","","",,"",10.3,18.25,-10.51,"Optimal",""
"2018-03-15","","","","","",,"",10.06,15.82,-7.96,"Neutral",""
"2018-03-16","","","","","",,"",9.82,13.72,-5.77,"Neutral",""
"2018-03-17","","","","","",,"",9.59,11.89,-3.9,"Neutral",""
"2018-03-18","","","","","",,"",9.36,10.31,-2.31,"Neutral",""
"2018-03-19","Ride","Jepson",73.32,117.94,"",,117.94,11.92,24.63,-0.95,"Neutral","MaxHr 160bpm. RestHr 60bpm. Cycling Ftp 175w. Weight 70kg."
"2018-03-20","Ride; Ride","Spencer; Fred Myers - Cyclemeter",90.98,141.92,"",,147.64,15.11,41.01,-12.72,"Optimal","MaxHr 160bpm. RestHr 60bpm. Cycling Ftp 175w. Weight 70kg."
"2018-03-21","","","","","",,"",14.75,35.55,-25.9,"Optimal",""
"2018-03-22","","","","","",,"",14.41,30.82,-20.8,"Optimal",""
"2018-03-23","","","","","",,"",14.07,26.71,-16.41,"Optimal",""
"2018-03-24","","","","","",,"",13.74,23.16,-12.65,"Optimal",""
"2018-03-25","","","","","",,"",13.41,20.07,-9.42,"Neutral",""
"2018-03-26","Ride","Lamarck",48.62,79.54,"",,79.54,14.97,27.99,-6.66,"Neutral","MaxHr 160bpm. RestHr 60bpm. Cycling Ftp 175w. Weight 70kg."
"2018-03-27","Ride","Kaiser",63.71,43.56,"",,43.56,15.64,30.06,-13.02,"Optimal","MaxHr 160bpm. RestHr 60bpm. Cycling Ftp 175w. Weight 70kg."
"2018-03-28","","","","","",,"",15.27,26.06,-14.42,"Optimal",""
"2018-03-29","","","","","",,"",14.91,22.59,-10.79,"Optimal",""
"2018-03-30","","","","","",,"",14.56,19.58,-7.68,"Neutral",""
"2018-03-31","","","","","",,"",14.22,16.97,-5.02,"Neutral",""
"2018-04-01","Ride","Jepson",59.9,60.94,"",,60.94,15.32,22.83,-2.76,"Neutral","MaxHr 160bpm. RestHr 60bpm. Cycling Ftp 175w. Weight 70kg."
"2018-04-02","Ride","Darwin","",67.88,"",,67.88,16.56,28.82,-7.51,"Neutral","Cycling Ftp 175w. Weight 70kg."
"2018-04-03","","","","","",,"",16.17,24.99,-12.27,"Optimal",""
"2018-04-04","","","","","",,"",15.79,21.66,-8.82,"Neutral",""
"2018-04-05","Ride","Ebbetts",63.33,183.47,"",,183.47,19.73,43.2,-5.88,"Neutral","MaxHr 160bpm. RestHr 60bpm. Cycling Ftp 175w. Weight 70kg."
"2018-04-06","","","","","",,"",19.27,37.45,-23.47,"Optimal",""
"2018-04-07","Ride","8 Minute FTP Test",45.35,69.5,"",,69.5,20.45,41.72,-18.19,"Optimal","MaxHr 160bpm. RestHr 60bpm. Cycling Ftp 175w. Weight 70kg."
"2018-04-08","","","","","",,"",19.97,36.16,-21.27,"Optimal",""
"2018-04-09","Ride","Darwin",73.06,83.53,"",,83.53,21.46,42.47,-16.2,"Optimal","MaxHr 160bpm. RestHr 60bpm. Cycling Ftp 175w. Weight 70kg."
"2018-04-10","Ride","Darwin",86.73,124.41,"",,124.41,23.89,53.37,-21.01,"Optimal","MaxHr 160bpm. RestHr 60bpm. Cycling Ftp 175w. Weight 70kg."
"2018-04-11","","","","","",,"",23.32,46.27,-29.49,"Optimal",""
"2018-04-12","","","","","",,"",22.77,40.11,-22.95,"Optimal",""
"2018-04-13","Ride","Mills",46.76,83.46,"",,83.46,24.2,45.88,-17.34,"Optimal","MaxHr 160bpm. RestHr 60bpm. Cycling Ftp 175w. Weight 70kg."
"2018-04-14","","","","","",,"",23.63,39.77,-21.68,"Optimal",""
"2018-04-15","Ride","Darwin",83.23,74.42,"",,74.42,24.83,44.38,-16.14,"Optimal","MaxHr 160bpm. RestHr 60bpm. Cycling Ftp 175w. Weight 70kg."
"2018-04-16","Ride","Adams +1",41.77,77.37,"",,77.37,26.06,48.78,-19.56,"Optimal","MaxHr 160bpm. RestHr 60bpm. Cycling Ftp 175w. Weight 70kg."
"2018-04-17","Ride","Donner",68.32,133.63,"",,133.63,28.59,60.07,-22.72,"Optimal","MaxHr 160bpm. RestHr 60bpm. Cycling Ftp 175w. Weight 70kg."
"2018-04-18","Ride","Lakesshore - Cyclemeter",70.65,93.05,"",,70.65,29.58,61.48,-31.48,"Overload","MaxHr 160bpm. RestHr 60bpm. Cycling Ftp 175w. Weight 70kg."
"2018-04-19","Ride","Riverside - Cyclemeter","",159.1,"",,159.1,32.63,74.47,-31.9,"Overload","Cycling Ftp 175w. Weight 70kg."
"2018-04-20","","","","","",,"",31.86,64.56,-41.85,"Overload",""
"2018-04-21","Ride","Free Ride 30",14,14.81,"",,14.81,31.46,57.94,-32.7,"Overload","MaxHr 160bpm. RestHr 60bpm. Cycling Ftp 175w. Weight 70kg."
"2018-04-22","","","","","",,"",30.72,50.22,-26.48,"Optimal",""
"2018-04-23","","","","","",,"",30,43.54,-19.51,"Optimal",""
"2018-04-24","","","","","",,"",29.29,37.74,-13.54,"Optimal",""
"2018-04-25","","","","","",,"",28.6,32.72,-8.45,"Neutral",""
"2018-04-26","Ride","Jepson",69.73,88.36,"",,88.36,30.01,40.12,-4.12,"Neutral","MaxHr 160bpm. RestHr 60bpm. Cycling Ftp 175w. Weight 70kg."
"2018-04-27","","","","","",,"",29.3,34.78,-10.12,"Optimal",""
"2018-04-28","","","","","",,"",28.61,30.15,-5.48,"Neutral",""
"2018-04-29","","","","","",,"",27.94,26.14,-1.54,"Neutral",""
"2018-04-30","","","","","",,"",27.28,22.66,1.8,"Neutral",""
"2018-05-01","Ride","Donner",57.5,92.22,"",,92.22,28.81,31.92,4.62,"Neutral","MaxHr 160bpm. RestHr 60bpm. Cycling Ftp 175w. Weight 70kg."
"2018-05-02","Ride","Donner",29.63,27.09,"",,27.09,28.77,31.27,-3.11,"Neutral","MaxHr 160bpm. RestHr 60bpm. Cycling Ftp 175w. Weight 70kg."
"2018-05-03","Ride","Donner",42.37,69.99,"",,69.99,29.74,36.43,-2.51,"Neutral","MaxHr 160bpm. RestHr 60bpm. Cycling Ftp 175w. Weight 70kg."
"2018-05-04","","","","","",,"",29.04,31.58,-6.69,"Neutral",""
"2018-05-05","","","","","",,"",28.36,27.37,-2.54,"Neutral",""
"2018-05-06","Ride","Donner",72.92,41.37,"",,41.37,28.66,29.24,0.98,"Neutral","MaxHr 160bpm. RestHr 60bpm. Cycling Ftp 175w. Weight 70kg."
"2018-05-07","Ride","Merced",50.36,106.38,"",,106.38,30.49,39.51,-0.58,"Neutral","MaxHr 160bpm. RestHr 60bpm. Cycling Ftp 175w. Weight 70kg."
"2018-05-08","Ride","Striped",57.75,100.5,"",,100.5,32.14,47.62,-9.02,"Neutral","MaxHr 160bpm. RestHr 60bpm. Cycling Ftp 175w. Weight 70kg."
"2018-05-09","","","","","",,"",31.38,41.28,-15.49,"Optimal",""
"2018-05-10","Ride","Clouds Rest +1",62.12,120.7,"",,120.7,33.48,51.86,-9.91,"Neutral","MaxHr 160bpm. RestHr 60bpm. Cycling Ftp 175w. Weight 70kg."
"2018-05-11","","","","","",,"",32.7,44.95,-18.38,"Optimal",""
"2018-05-12","","","","","",,"",31.93,38.97,-12.26,"Optimal",""
"2018-05-13","VirtualRide","Afternoon Activity","",58.81,"",,58.81,32.56,41.61,-7.05,"Neutral","Cycling Ftp 175w. Weight 70kg."
"2018-05-14","Ride","Black Kaweah",46.53,143.81,"",,143.81,35.18,55.21,-9.05,"Neutral","MaxHr 160bpm. RestHr 60bpm. Cycling Ftp 175w. Weight 70kg."
"2018-05-15","Ride","Vancouver - Cycle - Cyclemeter","",103.72,"",,103.72,36.79,61.67,-20.04,"Optimal","Cycling Ftp 175w. Weight 70kg."
"2018-05-16","","","","","",,"",35.92,53.46,-24.89,"Optimal",""
"2018-05-17","","","","","",,"",35.08,46.34,-17.54,"Optimal",""
"2018-05-18","VirtualRide","Zwift - Hilly Race","",67.65,"",,67.65,35.84,49.18,-11.27,"Optimal","Cycling Ftp 175w. Weight 70kg."
"2018-05-19","","","","","",,"",35,42.63,-13.34,"Optimal",""
"2018-05-20","","","","","",,"",34.18,36.96,-7.64,"Neutral",""
"2018-05-21","","","","","",,"",33.37,32.04,-2.78,"Neutral",""
"2018-05-22","Ride","Diamond Valley Road Race +1",49.65,119.22,"",,119.22,35.39,43.64,1.33,"Neutral","MaxHr 160bpm. RestHr 60bpm. Cycling Ftp 175w. Weight 70kg."
"2018-05-23","","","","","",,"",34.56,37.83,-8.25,"Neutral",""
"2018-05-24","Ride","San Joaquin -1",52.14,144.94,"",,144.94,37.16,52.09,-3.28,"Neutral","MaxHr 160bpm. RestHr 60bpm. Cycling Ftp 175w. Weight 70kg."
"2018-05-25","VirtualRide","FTP Test (shorter)","",56.2,"",,56.2,37.61,52.64,-14.94,"Optimal","Cycling Ftp 175w. Weight 70kg."
"2018-05-26","","","","","",,"",36.72,45.63,-15.04,"Optimal",""
"2018-05-27","VirtualRide","Richmond","",54.56,"",,54.56,37.14,46.82,-8.91,"Neutral","Cycling Ftp 175w. Weight 70kg."
"2018-05-28","","","","","",,"",36.27,40.59,-9.68,"Neutral",""
"2018-05-29","","","","","",,"",35.41,35.18,-4.32,"Neutral",""
"2018-05-30","VirtualRide","The McCarthy Special","",57.75,"",,57.75,35.94,38.19,0.23,"Neutral","Cycling Ftp 175w. Weight 70kg."
"2018-05-31","","","","","",,"",35.09,33.1,-2.25,"Neutral",""
"2018-06-01","VirtualRide","Richmond",96.82,65.01,"",,65.01,35.8,37.35,1.99,"Neutral","MaxHr 160bpm. RestHr 60bpm. Cycling Ftp 175w. Weight 70kg."
"2018-06-02","","","","","",,"",34.95,32.38,-1.56,"Neutral",""
"2018-06-03","","","","","",,"",34.13,28.07,2.57,"Neutral",""
"2018-06-04","Ride","Striped",10.1,31.08,"",,31.08,34.06,28.47,6.06,"Freshness","MaxHr 160bpm. RestHr 60bpm. Cycling Ftp 175w. Weight 70kg."
"2018-06-05","VirtualRide","The McCarthy Special",30.1,73.9,"",,73.9,35,34.51,5.59,"Freshness","MaxHr 160bpm. RestHr 60bpm. Cycling Ftp 175w. Weight 70kg."
"2018-06-06","Ride","Lakesshore - Cyclemeter","",28.63,"",,28.63,34.85,33.73,0.48,"Neutral","Cycling Ftp 175w. Weight 70kg."
"2018-06-07","VirtualRide","Vo2 increasing 4 x 3min #2",94.87,78.63,"",,78.63,35.88,39.71,1.11,"Neutral","MaxHr 160bpm. RestHr 60bpm. Cycling Ftp 175w. Weight 70kg."
"2018-06-08","VirtualRide; VirtualRide","Watopia; WBR 1 Lap Figure 8 Hilly Race",128.45,75.41,"",,75.41,36.81,44.46,-3.84,"Neutral","MaxHr 160bpm. RestHr 60bpm. Cycling Ftp 175w. Weight 70kg."
"2018-06-09","","","","","",,"",35.94,38.54,-7.66,"Neutral",""
"2018-06-10","","","","","",,"",35.1,33.41,-2.6,"Neutral",""
"2018-06-11","VirtualRide","London",8.14,47.9,"",,47.9,35.4,35.34,1.68,"Neutral","MaxHr 160bpm. RestHr 60bpm. Cycling Ftp 175w. Weight 70kg."
"2018-06-12","VirtualRide","London",69.02,62.27,"",,62.27,36.03,38.92,0.05,"Neutral","MaxHr 160bpm. RestHr 60bpm. Cycling Ftp 175w. Weight 70kg."
"2018-06-13","","","","","",,"",35.18,33.74,-2.9,"Neutral",""
"2018-06-14","VirtualRide","London",61.8,48.43,"",,48.43,35.49,35.7,1.43,"Neutral","MaxHr 160bpm. RestHr 60bpm. Cycling Ftp 175w. Weight 70kg."
"2018-06-15","VirtualRide","Watopia",10.89,98.94,"",,98.94,36.99,44.12,-0.21,"Neutral","MaxHr 160bpm. RestHr 60bpm. Cycling Ftp 175w. Weight 70kg."
"2018-06-16","","","","","",,"",36.12,38.24,-7.14,"Neutral",""
"2018-06-17","VirtualRide","Watopia",125.25,93.21,"",,93.21,37.46,45.56,-2.13,"Neutral","MaxHr 160bpm. RestHr 60bpm. Cycling Ftp 175w. Weight 70kg."
"2018-06-18","VirtualRide; VirtualRide","Watopia; OCC Easy Crew",61.53,129.07,"",,129.07,39.61,56.68,-8.11,"Neutral","MaxHr 160bpm. RestHr 60bpm. Cycling Ftp 175w. Weight 70kg."
"2018-06-19","VirtualRide; VirtualRide","WBR 1 FLAT LAP #PST D; London",80.63,135.93,"",,135.93,41.88,67.23,-17.07,"Optimal","MaxHr 160bpm. RestHr 60bpm. Cycling Ftp 175w. Weight 70kg."
"2018-06-20","VirtualRide","KISS EU TT (D)",53.36,65,"",,65,42.42,66.93,-25.35,"Optimal","MaxHr 160bpm. RestHr 60bpm. Cycling Ftp 175w. Weight 70kg."
"2018-06-21","","","","","",,"",41.43,58.02,-24.51,"Optimal",""
"2018-06-22","","","","","",,"",40.45,50.3,-16.6,"Optimal",""
"2018-06-23","VirtualRide","London",84.31,96.76,"",,96.76,41.78,56.48,-9.85,"Neutral","MaxHr 160bpm. RestHr 60bpm. Cycling Ftp 175w. Weight 70kg."
"2018-06-24","","","","","",,"",40.79,48.96,-14.71,"Optimal",""
"2018-06-25","VirtualRide","The McCarthy Special",64.95,99.08,"",,99.08,42.16,55.63,-8.17,"Neutral","MaxHr 160bpm. RestHr 60bpm. Cycling Ftp 175w. Weight 70kg."
"2018-06-26","VirtualRide","Watopia",63.83,86.37,"",,86.37,43.2,59.73,-13.47,"Optimal","MaxHr 160bpm. RestHr 60bpm. Cycling Ftp 175w. Weight 70kg."
"2018-06-27","VirtualRide","The McCarthy Special",66.8,101.71,"",,101.71,44.58,65.31,-16.53,"Optimal","MaxHr 160bpm. RestHr 60bpm. Cycling Ftp 175w. Weight 70kg."
"2018-06-28","","","","","",,"",43.53,56.62,-20.74,"Optimal",""
"2018-06-29","","","","","",,"",42.51,49.08,-13.09,"Optimal",""
"2018-06-30","VirtualRide","Watopia",76.55,104.39,"",,104.39,43.96,56.44,-6.58,"Neutral","MaxHr 160bpm. RestHr 60bpm. Cycling Ftp 175w. Weight 70kg."
"2018-07-01","","","","","",,"",42.93,48.93,-12.48,"Optimal",""
"2018-07-02","VirtualRide","Watopia",36.5,65.19,"",,65.19,43.45,51.09,-6,"Neutral","MaxHr 160bpm. RestHr 60bpm. Cycling Ftp 175w. Weight 70kg."
"2018-07-03","VirtualRide; VirtualRide","London; KISS EUROPE RACE - D",131.75,123.72,"",,123.72,45.34,60.76,-7.65,"Neutral","MaxHr 160bpm. RestHr 60bpm. Cycling Ftp 175w. Weight 70kg."
"2018-07-04","","","","","",,"",44.27,52.67,-15.42,"Optimal",""
"2018-07-05","","","","","",,"",43.23,45.66,-8.4,"Neutral",""
"2018-07-06","","","","","",,"",42.22,39.58,-2.43,"Neutral",""
"2018-07-07","VirtualRide","Watopia",32.13,85.17,"",,85.17,43.23,45.65,2.63,"Neutral","MaxHr 160bpm. RestHr 60bpm. Cycling Ftp 175w. Weight 70kg."
"2018-07-08","","","","","",,"",42.21,39.57,-2.43,"Neutral",""
"2018-07-09","VirtualRide","The McCarthy Special",49.65,121.39,"",,121.39,44.07,50.46,2.63,"Neutral","MaxHr 160bpm. RestHr 60bpm. Cycling Ftp 175w. Weight 70kg."
"2018-07-10","VirtualRide","Watopia",79.69,106.42,"",,106.42,45.54,57.91,-6.4,"Neutral","MaxHr 160bpm. RestHr 60bpm. Cycling Ftp 175w. Weight 70kg."
"2018-07-11","VirtualRide","Watopia",47.22,66.18,"",,66.18,46.02,59.01,-12.38,"Optimal","MaxHr 160bpm. RestHr 60bpm. Cycling Ftp 175w. Weight 70kg."
"2018-07-12","","","","","",,"",44.94,51.16,-12.99,"Optimal",""
"2018-07-13","VirtualRide","Road Grand Tours - Cap Formentor","",100.48,"",,100.48,46.25,57.72,-6.22,"Neutral","Cycling Ftp 175w. Weight 70kg."
"2018-07-14","VirtualRide","WBR 1 Lap Volcano Circuit Sprint Race",11.5,46.59,"",,46.59,46.26,56.24,-11.48,"Optimal","MaxHr 160bpm. RestHr 60bpm. Cycling Ftp 175w. Weight 70kg."
"2018-07-15","Ride","Nike round trip","",283.61,"",,283.61,51.84,86.51,-9.99,"Neutral","Cycling Ftp 175w. Weight 70kg."
"2018-07-16","","","","","",,"",50.62,74.99,-34.67,"Overload",""
"2018-07-17","VirtualRide","London",63.62,129.23,"",,129.23,52.47,82.21,-24.38,"Optimal","MaxHr 160bpm. RestHr 60bpm. Cycling Ftp 175w. Weight 70kg."
"2018-07-18","VirtualRide","THE CHOP D","",128.87,"",,128.87,54.27,88.42,-29.75,"Optimal","Cycling Ftp 175w. Weight 70kg."
"2018-07-19","VirtualRide","Watopia",41.02,73.94,"",,73.94,54.73,86.5,-34.16,"Overload","MaxHr 160bpm. RestHr 60bpm. Cycling Ftp 175w. Weight 70kg."
"2018-07-20","","","","","",,"",53.44,74.98,-31.77,"Overload",""
"2018-07-21","","","","","",,"",52.19,65,-21.54,"Optimal",""
"2018-07-22","VirtualRide","Watopia",64.94,97.8,"",,97.8,53.26,69.36,-12.82,"Optimal","MaxHr 160bpm. RestHr 60bpm. Cycling Ftp 175w. Weight 70kg."
"2018-07-23","","","","","",,"",52.01,60.13,-16.11,"Optimal",""
"2018-07-24","","","","","",,"",50.78,52.12,-8.13,"Neutral",""
"2018-07-25","","","","","",,"",49.59,45.19,-1.35,"Neutral",""
"2018-07-26","","","","","",,"",48.42,39.17,4.4,"Neutral",""
"2018-07-27","","","","","",,"",47.28,33.95,9.25,"Freshness",""
"2018-07-28","","","","","",,"",46.17,29.43,13.32,"Freshness",""
"2018-07-29","","","","","",,"",45.08,25.51,16.73,"Freshness",""
"2018-07-30","VirtualRide","Watopia",61.08,91.84,"",,91.84,46.18,34.34,19.56,"Freshness","MaxHr 160bpm. RestHr 60bpm. Cycling Ftp 175w. Weight 70kg."
"2018-07-31","VirtualRide; VirtualRide","Watopia; Riverside - Cyclemeter Intensity 1.01",101.45,287.22,"",,287.22,51.85,68.01,11.83,"Freshness","MaxHr 160bpm. RestHr 60bpm. Cycling Ftp 175w. Weight 70kg."
"2018-08-01","","","","","",,"",50.63,58.95,-16.16,"Optimal",""
"2018-08-02","VirtualRide","Innsbruck",26.83,41.32,"",,41.32,50.41,56.61,-8.33,"Neutral","MaxHr 160bpm. RestHr 60bpm. Cycling Ftp 175w. Weight 70kg."
"2018-08-03","Ride","Lakesshore - Cyclemeter",80.3,83.83,"",,80.3,51.12,59.76,-6.2,"Neutral","MaxHr 160bpm. RestHr 60bpm. Cycling Ftp 175w. Weight 70kg."
"2018-08-04","","","","","",,"",49.91,51.8,-8.65,"Neutral",""
"2018-08-05","VirtualRide","Watopia",127.01,121.84,"",,121.84,51.61,61.13,-1.89,"Neutral","MaxHr 160bpm. RestHr 60bpm. Cycling Ftp 175w. Weight 70kg."
"2018-08-06","","","","","",,"",50.39,52.99,-9.53,"Neutral",""
"2018-08-07","VirtualRide","Watopia",67.44,95.55,"",,95.55,51.45,58.65,-2.6,"Neutral","MaxHr 160bpm. RestHr 60bpm. Cycling Ftp 175w. Weight 70kg."
"2018-08-08","VirtualRide","THE CHOP D",91.28,93.99,"",,93.99,52.46,63.36,-7.2,"Neutral","MaxHr 160bpm. RestHr 60bpm. Cycling Ftp 175w. Weight 70kg."
"2018-08-09","VirtualRide","Innsbruck",91.16,104.73,"",,104.73,53.69,68.87,-10.91,"Optimal","MaxHr 160bpm. RestHr 60bpm. Cycling Ftp 175w. Weight 70kg."
"2018-08-10","","","","","",,"",52.42,59.7,-15.19,"Optimal",""
"2018-08-11","","","","","",,"",51.19,51.75,-7.28,"Neutral",""
"2018-08-12","VirtualRide","Innsbruck",145.71,164.99,"",,164.99,53.87,66.82,-0.57,"Neutral","MaxHr 160bpm. RestHr 60bpm. Cycling Ftp 175w. Weight 70kg."
"2018-08-13","VirtualRide","The McCarthy Special",34.9,70.5,"",,70.5,54.26,67.31,-12.96,"Optimal","MaxHr 160bpm. RestHr 60bpm. Cycling Ftp 175w. Weight 70kg."
"2018-08-14","","","","","",,"",52.98,58.35,-13.06,"Optimal",""
"2018-08-15","","","","","",,"",51.73,50.58,-5.38,"Neutral",""
"2018-08-16","Ride","Fred Myers - Cyclemeter",21.71,36.66,"",,21.71,51.03,46.74,1.15,"Neutral","MaxHr 160bpm. RestHr 60bpm. Cycling Ftp 175w. Weight 70kg."
"2018-08-17","","","","","",,"",49.83,40.52,4.28,"Neutral",""
"2018-08-18","Ride","Vancouver - RACC Century Ride","",475.7,"",,475.7,59.85,98.45,9.3,"Freshness","Cycling Ftp 175w. Weight 70kg."
"2018-08-19","","","","","",,"",58.44,85.34,-38.61,"Overload",""
"2018-08-20","","","","","",,"",57.06,73.98,-26.91,"Optimal",""
"2018-08-21","","","","","",,"",55.72,64.13,-16.92,"Optimal",""
"2018-08-22","","","","","",,"",54.41,55.59,-8.42,"Neutral",""
"2018-08-23","","","","","",,"",53.13,48.19,-1.19,"Neutral",""
"2018-08-24","","","","","",,"",51.88,41.78,4.93,"Neutral",""
"2018-08-25","","","","","",,"",50.66,36.21,10.1,"Freshness",""
"2018-08-26","","","","","",,"",49.47,31.39,14.44,"Freshness",""
"2018-08-27","","","","","",,"",48.3,27.21,18.07,"Freshness",""
"2018-08-28","VirtualRide","Innsbruck",61.5,85.87,"",,85.87,49.19,35.02,21.08,"Freshness","MaxHr 160bpm. RestHr 60bpm. Cycling Ftp 175w. Weight 70kg."
"2018-08-29","","","","","",,"",48.03,30.36,14.16,"Freshness",""
"2018-08-30","VirtualRide","London",81.3,104.72,"",,104.72,49.36,40.26,17.67,"Freshness","MaxHr 160bpm. RestHr 60bpm. Cycling Ftp 175w. Weight 70kg."
"2018-08-31","","","","","",,"",48.2,34.9,9.1,"Freshness",""
"2018-09-01","","","","","",,"",47.07,30.25,13.3,"Freshness",""
"2018-09-02","","","","","",,"",45.96,26.22,16.81,"Freshness",""
"2018-09-03","","","","","",,"",44.88,22.73,19.73,"Freshness",""
"2018-09-04","","","","","",,"",43.82,19.71,22.14,"Freshness",""
"2018-09-05","VirtualRide","Innsbruck",32.46,92.33,"",,92.33,44.96,29.37,24.11,"Freshness","MaxHr 160bpm. RestHr 60bpm. Cycling Ftp 175w. Weight 70kg."
"2018-09-06","VirtualRide","Innsbruck",1.25,25.99,"",,25.99,44.52,28.92,15.59,"Freshness","MaxHr 160bpm. RestHr 60bpm. Cycling Ftp 175w. Weight 70kg."
"2018-09-07","","","","","",,"",43.47,25.07,15.59,"Freshness",""
"2018-09-08","VirtualRide","Watopia","",66.68,"",,66.68,44.02,30.61,18.39,"Freshness","Cycling Ftp 175w. Weight 70kg."
"2018-09-09","","","","","",,"",42.98,26.53,13.4,"Freshness",""
"2018-09-10","","","","","",,"",41.97,23,16.44,"Freshness",""
"2018-09-11","","","","","",,"",40.98,19.94,18.96,"Freshness",""
"2018-09-12","VirtualRide","Tour of Innsbruck - Stage 4",86.88,99.25,"",,99.25,42.35,30.5,21.04,"Freshness","MaxHr 160bpm. RestHr 60bpm. Cycling Ftp 175w. Weight 70kg."
"2018-09-13","Ride","8 Minute FTP Test",6.67,9.71,"",,9.71,41.58,27.73,11.85,"Freshness","MaxHr 160bpm. RestHr 60bpm. Cycling Ftp 175w. Weight 70kg."
"2018-09-14","VirtualRide","WBR 3 LAPS HILLY #PST D",75.01,102.02,"",,102.02,43.01,37.62,13.85,"Freshness","MaxHr 160bpm. RestHr 60bpm. Cycling Ftp 175w. Weight 70kg."
"2018-09-15","","","","","",,"",41.99,32.61,5.38,"Freshness",""
"2018-09-16","VirtualRide","London",12.19,98.92,"",,98.92,43.33,41.44,9.38,"Freshness","MaxHr 160bpm. RestHr 60bpm. Cycling Ftp 175w. Weight 70kg."
"2018-09-17","","","","","",,"",42.31,35.92,1.89,"Neutral",""
"2018-09-18","","","","","",,"",41.32,31.14,6.39,"Freshness",""
"2018-09-19","VirtualRide","5. Extensive Anaerobic 1min",47.16,101.98,"",,101.98,42.74,40.57,10.17,"Freshness","MaxHr 160bpm. RestHr 60bpm. Cycling Ftp 175w. Weight 70kg."
"2018-09-20","","","","","",,"",41.74,35.17,2.17,"Neutral",""
"2018-09-21","","","","","",,"",40.76,30.48,6.57,"Freshness",""
"2018-09-22","VirtualRide","Watopia",13.02,76.38,"",,76.38,41.6,36.59,10.27,"Freshness","MaxHr 160bpm. RestHr 60bpm. Cycling Ftp 175w. Weight 70kg."
"2018-09-23","","","","","",,"",40.62,31.72,5,"Freshness",""
"2018-09-24","","","","","",,"",39.66,27.5,8.89,"Freshness",""
"2018-09-25","","","","","",,"",38.73,23.84,12.16,"Freshness",""
"2018-09-26","","","","","",,"",37.82,20.66,14.89,"Freshness",""
"2018-09-27","","","","","",,"",36.93,17.91,17.15,"Freshness",""
"2018-09-28","VirtualRide","Innsbruck",36.53,38.92,"",,38.92,36.97,20.71,19.01,"Freshness","MaxHr 160bpm. RestHr 60bpm. Cycling Ftp 175w. Weight 70kg."
"2018-09-29","","","","","",,"",36.1,17.95,16.26,"Freshness",""
"2018-09-30","","","","","",,"",35.25,15.56,18.15,"Freshness",""
"2018-10-01","VirtualRide","Watopia",72.77,93.77,"",,93.77,36.63,25.97,19.69,"Freshness","MaxHr 160bpm. RestHr 60bpm. Cycling Ftp 175w. Weight 70kg."
"2018-10-02","","","","","",,"",35.77,22.51,10.65,"Freshness",""
"2018-10-03","VirtualRide","WBR 3 Laps Flat Race Reverse",56.86,101.93,"",,101.93,37.33,33.09,13.25,"Freshness","MaxHr 160bpm. RestHr 60bpm. Cycling Ftp 175w. Weight 70kg."
"2018-10-04","Run","Lunch Run","","","",,"",36.45,28.68,4.23,"Neutral","Weight 70kg."
"2018-10-05","","","","","",,"",35.59,24.86,7.76,"Freshness",""
"2018-10-06","VirtualRide","Watopia",44.96,66.22,"",,66.22,36.31,30.37,10.72,"Freshness","MaxHr 160bpm. RestHr 60bpm. Cycling Ftp 175w. Weight 70kg."
"2018-10-07","VirtualRide","Watopia",25.79,73.4,"",,73.4,37.18,36.1,5.94,"Freshness","MaxHr 160bpm. RestHr 60bpm. Cycling Ftp 175w. Weight 70kg."
"2018-10-08","","","","","",,"",36.31,31.29,1.08,"Neutral",""
"2018-10-09","Ride","Pierce",33.72,78.49,"",,78.49,37.3,37.57,5.01,"Freshness","MaxHr 160bpm. RestHr 60bpm. Cycling Ftp 175w. Weight 70kg."
"2018-10-10","VirtualRide","Watopia",23.61,50.55,"",,50.55,37.61,39.3,-0.28,"Neutral","MaxHr 160bpm. RestHr 60bpm. Cycling Ftp 175w. Weight 70kg."
"2018-10-11","","","","","",,"",36.73,34.07,-1.69,"Neutral",""
"2018-10-12","VirtualRide","EVR Race D",104.87,81.88,"",,81.88,37.79,40.43,2.65,"Neutral","MaxHr 160bpm. RestHr 60bpm. Cycling Ftp 175w. Weight 70kg."
"2018-10-13","","","","","",,"",36.9,35.05,-2.65,"Neutral",""
"2018-10-14","VirtualRide","Watopia",96.9,108.86,"",,108.86,38.59,44.88,1.84,"Neutral","MaxHr 160bpm. RestHr 60bpm. Cycling Ftp 175w. Weight 70kg."
"2018-10-15","","","","","",,"",37.68,38.9,-6.29,"Neutral",""
"2018-10-16","","","","","",,"",36.8,33.72,-1.22,"Neutral",""
"2018-10-17","","","","","",,"",35.93,29.23,3.07,"Neutral",""
"2018-10-18","","","","","",,"",35.09,25.34,6.69,"Freshness",""
"2018-10-19","VirtualRide","NYC",36.81,93.56,"",,93.56,36.46,34.42,9.74,"Freshness","MaxHr 160bpm. RestHr 60bpm. Cycling Ftp 175w. Weight 70kg."
"2018-10-20","","","","","",,"",35.6,29.84,2.04,"Neutral",""
"2018-10-21","","","","","",,"",34.77,25.87,5.76,"Freshness",""
"2018-10-22","","","","","",,"",33.95,22.42,8.9,"Freshness",""
"2018-10-23","","","","","",,"",33.15,19.44,11.52,"Freshness",""
"2018-10-24","","","","","",,"",32.37,16.85,13.71,"Freshness",""
"2018-10-25","","","","","",,"",31.61,14.6,15.52,"Freshness",""
"2018-10-26","","","","","",,"",30.86,12.66,17,"Freshness",""
"2018-10-27","","","","","",,"",30.14,10.97,18.2,"Freshness",""
"2018-10-28","","","","","",,"",29.43,9.51,19.16,"Freshness",""
"2018-10-29","","","","","",,"",28.74,8.25,19.91,"Freshness",""
"2018-10-30","","","","","",,"",28.06,7.15,20.49,"Freshness",""
"2018-10-31","VirtualRide","Watopia",21.45,30.96,"",,30.96,28.13,10.32,20.91,"Freshness","MaxHr 160bpm. RestHr 60bpm. Cycling Ftp 175w. Weight 70kg."
"2018-11-01","","","","","",,"",27.47,8.94,17.81,"Freshness",""
"2018-11-02","VirtualRide","NYC",61.14,51.26,"",,51.26,28.03,14.58,18.52,"Freshness","MaxHr 160bpm. RestHr 60bpm. Cycling Ftp 175w. Weight 70kg."
"2018-11-03","","","","","",,"",27.37,12.64,13.44,"Freshness",""
"2018-11-04","VirtualRide","Watopia",47.82,61.15,"",,61.15,28.16,19.09,14.73,"Freshness","MaxHr 160bpm. RestHr 60bpm. Cycling Ftp 175w. Weight 70kg."
"2018-11-05","VirtualRide","Watopia",20,45.18,"",,45.18,28.56,22.57,9.06,"Freshness","MaxHr 160bpm. RestHr 60bpm. Cycling Ftp 175w. Weight 70kg."
"2018-11-06","","","","","",,"",27.89,19.56,5.99,"Freshness",""
"2018-11-07","","","","","",,"",27.23,16.96,8.32,"Freshness",""
"2018-11-08","VirtualRide","London",63.98,81.04,"",,81.04,28.5,25.49,10.27,"Freshness","MaxHr 160bpm. RestHr 60bpm. Cycling Ftp 175w. Weight 70kg."
"2018-11-09","VirtualRide","WBR 1 Lap Greater London Flat Race",72.75,56.54,"",,56.54,29.16,29.62,3.01,"Neutral","MaxHr 160bpm. RestHr 60bpm. Cycling Ftp 175w. Weight 70kg."
"2018-11-10","","","","","",,"",28.47,25.68,-0.47,"Neutral",""
"2018-11-11","","","","","",,"",27.8,22.26,2.79,"Neutral",""
"2018-11-12","VirtualRide","Innsbruck",41.76,66.01,"",,66.01,28.7,28.08,5.54,"Freshness","MaxHr 160bpm. RestHr 60bpm. Cycling Ftp 175w. Weight 70kg."
"2018-11-13","","","","","",,"",28.03,24.34,0.61,"Neutral",""
"2018-11-14","VirtualRide","Deeside Thistle Cycling Club Crit (Race) (D)",99.9,79.44,"",,79.44,29.24,31.68,3.68,"Neutral","MaxHr 160bpm. RestHr 60bpm. Cycling Ftp 175w. Weight 70kg."
"2018-11-15","VirtualRide","2 x hilly loop",66.94,59.6,"",,59.6,29.95,35.39,-2.45,"Neutral","MaxHr 160bpm. RestHr 60bpm. Cycling Ftp 175w. Weight 70kg."
"2018-11-16","VirtualRide","WBR 2 Lap Astoria Line 8 Race",84.59,79.65,"",,79.65,31.12,41.29,-5.45,"Neutral","MaxHr 160bpm. RestHr 60bpm. Cycling Ftp 175w. Weight 70kg."
"2018-11-17","","","","","",,"",30.39,35.79,-10.17,"Optimal",""
"2018-11-18","","","","","",,"",29.67,31.02,-5.41,"Neutral",""
"2018-11-19","","","","","",,"",28.97,26.89,-1.36,"Neutral",""
"2018-11-20","VirtualRide","Jon's Mix",27.94,49.44,"",,49.44,29.46,29.89,2.08,"Neutral","MaxHr 160bpm. RestHr 60bpm. Cycling Ftp 175w. Weight 70kg."
"2018-11-21","VirtualRide","Jon's Mix",32.64,64.41,"",,64.41,30.28,34.49,-0.44,"Neutral","MaxHr 160bpm. RestHr 60bpm. Cycling Ftp 175w. Weight 70kg."
"2018-11-22","","","","","",,"",29.57,29.9,-4.22,"Neutral",""
"2018-11-23","VirtualRide","The Friday Criterium Autumn Series (34 km / 21 mi) (D)",118.01,103.44,"",,103.44,31.3,39.69,-0.34,"Neutral","MaxHr 160bpm. RestHr 60bpm. Cycling Ftp 175w. Weight 70kg."
"2018-11-24","","","","","",,"",30.57,34.4,-8.39,"Neutral",""
"2018-11-25","VirtualRide","London",42.91,70.98,"",,70.98,31.52,39.27,-3.84,"Neutral","MaxHr 160bpm. RestHr 60bpm. Cycling Ftp 175w. Weight 70kg."
"2018-11-26","","","","","",,"",30.78,34.04,-7.76,"Neutral",""
"2018-11-27","VirtualRide","Jon's Mix","",64.82,"",,64.82,31.58,38.14,-3.27,"Neutral","Cycling Ftp 175w. Weight 70kg."
"2018-11-28","VirtualRide","THE CHOP WBR (D)",90.27,92.51,"",,92.51,33.01,45.38,-6.57,"Neutral","MaxHr 160bpm. RestHr 60bpm. Cycling Ftp 175w. Weight 70kg."
"2018-11-29","VirtualRide","Watopia",47.58,74.26,"",,74.26,33.98,49.22,-12.37,"Optimal","MaxHr 160bpm. RestHr 60bpm. Cycling Ftp 175w. Weight 70kg."
"2018-11-30","VirtualRide","Ken's Pain Chapter 1",61.49,103.33,"",,103.33,35.61,56.43,-15.25,"Optimal","MaxHr 160bpm. RestHr 60bpm. Cycling Ftp 175w. Weight 70kg."
"2018-12-01","","","","","",,"",34.77,48.91,-20.82,"Optimal",""
"2018-12-02","","","","","",,"",33.96,42.4,-14.14,"Optimal",""
"2018-12-03","","","","","",,"",33.16,36.76,-8.45,"Neutral",""
"2018-12-04","VirtualRide","Ken's Pain Chapter 1",48.99,53.07,"",,53.07,33.63,38.93,-3.6,"Neutral","MaxHr 160bpm. RestHr 60bpm. Cycling Ftp 175w. Weight 70kg."
"2018-12-05","VirtualRide","WBR 3 Laps Flat Race Reverse",109.52,93.1,"",,93.1,35.03,46.14,-5.31,"Neutral","MaxHr 160bpm. RestHr 60bpm. Cycling Ftp 175w. Weight 70kg."
"2018-12-06","","","","","",,"",34.2,40,-11.12,"Optimal",""
"2018-12-07","VirtualRide","Ken's Pain Chapter 2",58.54,76.69,"",,76.69,35.2,44.88,-5.8,"Neutral","MaxHr 160bpm. RestHr 60bpm. Cycling Ftp 175w. Weight 70kg."
"2018-12-08","","","","","",,"",34.37,38.91,-9.69,"Neutral",""
"2018-12-09","","","","","",,"",33.56,33.73,-4.54,"Neutral",""
"2018-12-10","","","","","",,"",32.77,29.24,-0.17,"Neutral",""
"2018-12-11","","","","","",,"",32,25.34,3.53,"Neutral",""
"2018-12-12","VirtualRide; VirtualRide","Ken's Pain Chapter 2; London youtube watching",56.2,128.29,"",,128.29,34.27,39.05,6.65,"Freshness","MaxHr 160bpm. RestHr 60bpm. Cycling Ftp 175w. Weight 70kg."
"2018-12-13","","","","","",,"",33.46,33.85,-4.78,"Neutral",""
"2018-12-14","VirtualRide","WBR Innsbruckring Flat Race",152.9,108.42,"",,108.42,35.23,43.78,-0.39,"Neutral","MaxHr 160bpm. RestHr 60bpm. Cycling Ftp 175w. Weight 70kg."
"2018-12-15","VirtualRide","Ken's Pain Chapter 2",41.68,95.27,"",,95.27,36.64,50.63,-8.56,"Neutral","MaxHr 160bpm. RestHr 60bpm. Cycling Ftp 175w. Weight 70kg."
"2018-12-16","","","","","",,"",35.78,43.89,-14,"Optimal",""
"2018-12-17","","","","","",,"",34.93,38.05,-8.12,"Neutral",""
"2018-12-18","VirtualRide","Ken's Pain Chapter 2",73.8,103.92,"",,103.92,36.56,46.82,-3.12,"Neutral","MaxHr 160bpm. RestHr 60bpm. Cycling Ftp 175w. Weight 70kg."
"2018-12-19","VirtualRide","WBR 2 Laps Greater London Flat Race (28.5km/17.7mi) (D)",95.37,94.39,"",,94.39,37.92,53.15,-10.26,"Optimal","MaxHr 160bpm. RestHr 60bpm. Cycling Ftp 175w. Weight 70kg."
"2018-12-20","VirtualRide","Ken's Pain Chapter 2",52.4,88.65,"",,88.65,39.11,57.88,-15.24,"Optimal","MaxHr 160bpm. RestHr 60bpm. Cycling Ftp 175w. Weight 70kg."
"2018-12-21","VirtualRide","ZHR Hare & Hounds Race (D)",113.98,111.37,"",,111.37,40.81,65,-18.77,"Optimal","MaxHr 160bpm. RestHr 60bpm. Cycling Ftp 175w. Weight 70kg."
"2018-12-22","","","","","",,"",39.85,56.34,-24.19,"Optimal",""
"2018-12-23","VirtualRide","Ken's Pain Chapter 3",63.91,97.37,"",,97.37,41.2,61.81,-16.5,"Optimal","MaxHr 160bpm. RestHr 60bpm. Cycling Ftp 175w. Weight 70kg."
"2018-12-24","","","","","",,"",40.23,53.58,-20.61,"Optimal",""
"2018-12-25","","","","","",,"",39.29,46.44,-13.35,"Optimal",""
"2018-12-26","VirtualRide","Watopia",41,52.32,"",,52.32,39.59,47.23,-7.16,"Neutral","MaxHr 160bpm. RestHr 60bpm. Cycling Ftp 175w. Weight 70kg."
"2018-12-27","VirtualRide; VirtualRide","Watopia; WBR 4 Flat Lap #pst D",80.95,117.97,"",,117.97,41.44,56.64,-7.64,"Neutral","MaxHr 160bpm. RestHr 60bpm. Cycling Ftp 175w. Weight 70kg."
"2018-12-28","","","","","",,"",40.46,49.1,-15.21,"Optimal",""
"2018-12-29","","","","","",,"",39.51,42.56,-8.64,"Neutral",""
"2018-12-30","VirtualRide","Watopia",34.59,45.35,"",,45.35,39.65,42.94,-3.06,"Neutral","MaxHr 160bpm. RestHr 60bpm. Cycling Ftp 175w. Weight 70kg."
"2018-12-31","","","","","",,"",38.72,37.22,-3.29,"Neutral",""
"2019-01-01","","","","","",,"",37.8,32.26,1.49,"Neutral",""
"2019-01-02","","","","","",,"",36.92,27.97,5.54,"Freshness",""
"2019-01-03","","","","","",,"",36.05,24.24,8.94,"Freshness",""
"2019-01-04","VirtualRide","Watopia",32.43,49.17,"",,49.17,36.36,27.56,11.8,"Freshness","MaxHr 160bpm. RestHr 60bpm. Cycling Ftp 175w. Weight 70kg."
"2019-01-05","","","","","",,"",35.5,23.89,8.79,"Freshness",""
"2019-01-06","","","","","",,"",34.66,20.71,11.6,"Freshness",""
"2019-01-07","VirtualRide","Ken's Pain Chapter 3",46.23,82.51,"",,82.51,35.79,28.94,13.95,"Freshness","MaxHr 160bpm. RestHr 60bpm. Cycling Ftp 175w. Weight 70kg."
"2019-01-08","VirtualRide","Ken's Pain Chapter 3",40.05,72.84,"",,72.84,36.66,34.78,6.85,"Freshness","MaxHr 160bpm. RestHr 60bpm. Cycling Ftp 175w. Weight 70kg."
"2019-01-09","","","","","",,"",35.8,30.15,1.87,"Neutral",""
"2019-01-10","","","","","",,"",34.96,26.14,5.64,"Freshness",""
"2019-01-11","VirtualRide; VirtualRide","Watopia; Watopia",47.56,72.79,"",,72.79,35.85,32.35,8.81,"Freshness","MaxHr 160bpm. RestHr 60bpm. Cycling Ftp 175w. Weight 70kg."
"2019-01-12","","","","","",,"",35,28.04,3.49,"Neutral",""
"2019-01-13","VirtualRide","Watopia",93.7,94.14,"",,94.14,36.39,36.84,6.96,"Freshness","MaxHr 160bpm. RestHr 60bpm. Cycling Ftp 175w. Weight 70kg."
"2019-01-14","","","","","",,"",35.54,31.94,-0.45,"Neutral",""
"2019-01-15","","","","","",,"",34.7,27.68,3.6,"Neutral",""
"2019-01-16","","","","","",,"",33.89,24,7.01,"Freshness",""
"2019-01-17","","","","","",,"",33.09,20.8,9.88,"Freshness",""
"2019-01-18","VirtualRide","ZZRC SUB 2.0 Ride (D)",115.56,78.02,"",,78.02,34.15,28.42,12.28,"Freshness","MaxHr 160bpm. RestHr 60bpm. Cycling Ftp 175w. Weight 70kg."
"2019-01-19","","","","","",,"",33.34,24.64,5.72,"Freshness",""
"2019-01-20","","","","","",,"",32.56,21.36,8.7,"Freshness",""
"2019-01-21","VirtualRide","Ken's Pain Chapter 3",75.33,93.05,"",,93.05,33.98,30.9,11.2,"Freshness","MaxHr 160bpm. RestHr 60bpm. Cycling Ftp 175w. Weight 70kg."
"2019-01-22","","","","","",,"",33.18,26.79,3.08,"Neutral",""
"2019-01-23","VirtualRide","Ken's Pain Chapter 3",74.58,105.96,"",,105.96,34.89,37.33,6.39,"Freshness","MaxHr 160bpm. RestHr 60bpm. Cycling Ftp 175w. Weight 70kg."
"2019-01-24","","","","","",,"",34.07,32.36,-2.44,"Neutral",""
"2019-01-25","VirtualRide","ZHR Hare & Hounds Race (D)",138.27,113.27,"",,113.27,35.94,43.13,1.71,"Neutral","MaxHr 160bpm. RestHr 60bpm. Cycling Ftp 175w. Weight 70kg."
"2019-01-26","","","","","",,"",35.09,37.39,-7.2,"Neutral",""
"2019-01-27","VirtualRide","Ken's Pain Chapter 4",71.1,109.68,"",,109.68,36.84,47.01,-2.3,"Neutral","MaxHr 160bpm. RestHr 60bpm. Cycling Ftp 175w. Weight 70kg."
"2019-01-28","","","","","",,"",35.98,40.75,-10.17,"Optimal",""
"2019-01-29","","","","","",,"",35.13,35.32,-4.78,"Neutral",""
"2019-01-30","VirtualRide","Ken's Pain Chapter 4",64.54,82.42,"",,82.42,36.24,41.59,-0.2,"Neutral","MaxHr 160bpm. RestHr 60bpm. Cycling Ftp 175w. Weight 70kg."
"2019-01-31","","","","","",,"",35.39,36.06,-5.36,"Neutral",""
"2019-02-01","VirtualRide","ZHR Hare & Hounds Race (D)",131.97,104.75,"",,104.75,37.02,45.2,-0.67,"Neutral","MaxHr 160bpm. RestHr 60bpm. Cycling Ftp 175w. Weight 70kg."
"2019-02-02","","","","","",,"",36.15,39.18,-8.18,"Neutral",""
"2019-02-03","VirtualRide","Watopia",102.13,98.36,"",,98.36,37.62,47.06,-3.04,"Neutral","MaxHr 160bpm. RestHr 60bpm. Cycling Ftp 175w. Weight 70kg."
"2019-02-04","VirtualRide","Ken's Pain Chapter 4",50.36,74.51,"",,74.51,38.48,50.72,-9.45,"Neutral","MaxHr 160bpm. RestHr 60bpm. Cycling Ftp 175w. Weight 70kg."
"2019-02-05","Ride","Spin Bike @ Nike","","","",,"",37.58,43.96,-12.24,"Optimal","Weight 70kg."
"2019-02-06","VirtualRide","FTP Test (shorter)",62.58,81.2,"",,81.2,38.6,48.92,-6.39,"Neutral","MaxHr 160bpm. RestHr 60bpm. Cycling Ftp 175w. Weight 70kg."
"2019-02-07","VirtualRide","Ken's Pain Chapter 4",50.89,77.98,"",,77.98,39.53,52.79,-10.32,"Optimal","MaxHr 160bpm. RestHr 60bpm. Cycling Ftp 175w. Weight 70kg."
"2019-02-08","VirtualRide; VirtualRide","Watopia a quicky; Watopia",40.22,70.62,"",,70.62,40.26,55.16,-13.26,"Optimal","MaxHr 160bpm. RestHr 60bpm. Cycling Ftp 175w. Weight 70kg."
"2019-02-09","","","","","",,"",39.31,47.82,-14.9,"Optimal",""
"2019-02-10","","","","","",,"",38.39,41.45,-8.51,"Neutral",""
"2019-02-11","Ride","Stages spin bike","","","",,"",37.49,35.93,-3.07,"Neutral","Weight 70kg."
"2019-02-12","","","","","",,"",36.6,31.15,1.55,"Neutral",""
"2019-02-13","VirtualRide","Watopia",43.94,54.17,"",,54.17,37.02,34.21,5.45,"Freshness","MaxHr 160bpm. RestHr 60bpm. Cycling Ftp 175w. Weight 70kg."
"2019-02-14","","","","","",,"",36.15,29.66,2.8,"Neutral",""
"2019-02-15","VirtualRide","Ken's Pain Chapter 5",49.42,53.55,"",,53.55,36.56,32.84,6.48,"Freshness","MaxHr 160bpm. RestHr 60bpm. Cycling Ftp 175w. Weight 70kg."
"2019-02-16","","","","","",,"",35.7,28.47,3.71,"Neutral",""
"2019-02-17","VirtualRide","Ken's Pain Chapter 5",84.35,99.22,"",,99.22,37.19,37.88,7.22,"Freshness","MaxHr 160bpm. RestHr 60bpm. Cycling Ftp 175w. Weight 70kg."
"2019-02-18","VirtualRide","Short but sweat!",20.8,51.23,"",,51.23,37.52,39.66,-0.7,"Neutral","MaxHr 160bpm. RestHr 60bpm. Cycling Ftp 175w. Weight 70kg."
"2019-02-19","","","","","",,"",36.64,34.38,-2.15,"Neutral",""
"2019-02-20","VirtualRide","3R Figure 8 Hilly Reverse Race - 1 Lap (29.2km/18.1mi 234m ) (D)",99.63,91.81,"",,91.81,37.94,42.03,2.25,"Neutral","MaxHr 160bpm. RestHr 60bpm. Cycling Ftp 175w. Weight 70kg."
"2019-02-21","VirtualRide","3R Jungle Circuit Hilly Race - 3 Laps (35.7km/22.2mi 297m) (D)",119.57,111.87,"",,111.87,39.68,51.32,-4.1,"Neutral","MaxHr 160bpm. RestHr 60bpm. Cycling Ftp 175w. Weight 70kg."
"2019-02-22","","","","","",,"",38.74,44.49,-11.65,"Optimal",""
"2019-02-23","","","","","",,"",37.83,38.57,-5.75,"Neutral",""
"2019-02-24","","","","","",,"",36.94,33.43,-0.74,"Neutral",""
"2019-02-25","","","","","",,"",36.07,28.98,3.5,"Neutral",""
"2019-02-26","","","","","",,"",35.22,25.12,7.08,"Freshness",""
"2019-02-27","","","","","",,"",34.39,21.78,10.09,"Freshness",""
"2019-02-28","","","","","",,"",33.58,18.88,12.61,"Freshness",""
"2019-03-01","","","","","",,"",32.79,16.36,14.7,"Freshness",""
"2019-03-02","VirtualRide","Watopia",106.88,104.11,"",,104.11,34.47,28.05,16.42,"Freshness","MaxHr 160bpm. RestHr 60bpm. Cycling Ftp 175w. Weight 70kg."
"2019-03-03","","","","","",,"",33.66,24.31,6.42,"Freshness",""
"2019-03-04","VirtualRide","Watopia",24.17,46.57,"",,46.57,33.96,27.27,9.34,"Freshness","MaxHr 160bpm. RestHr 60bpm. Cycling Ftp 175w. Weight 70kg."
"2019-03-05","","","","","",,"",33.16,23.64,6.68,"Freshness",""
"2019-03-06","VirtualRide","London",82.27,72.56,"",,72.56,34.09,30.15,9.52,"Freshness","MaxHr 160bpm. RestHr 60bpm. Cycling Ftp 175w. Weight 70kg."
"2019-03-07","","","","","",,"",33.29,26.14,3.93,"Neutral",""
"2019-03-08","VirtualRide","Watopia",37.49,42.72,"",,42.72,33.51,28.35,7.14,"Freshness","MaxHr 160bpm. RestHr 60bpm. Cycling Ftp 175w. Weight 70kg."
"2019-03-09","VirtualRide","Watopia","",36.32,"",,36.32,33.58,29.41,5.16,"Freshness","Cycling Ftp 175w. Weight 70kg."
"2019-03-10","VirtualRide","Watopia",57.56,70.89,"",,70.89,34.46,34.93,4.16,"Neutral","MaxHr 160bpm. RestHr 60bpm. Cycling Ftp 175w. Weight 70kg."
"2019-03-11","","","","","",,"",33.64,30.28,-0.48,"Neutral",""
"2019-03-12","","","","","",,"",32.85,26.25,3.36,"Neutral",""
"2019-03-13","VirtualRide","Watopia figure 8",83.05,97.91,"",,97.91,34.38,35.79,6.6,"Freshness","MaxHr 160bpm. RestHr 60bpm. Cycling Ftp 175w. Weight 70kg."
"2019-03-14","","","","","",,"",33.57,31.02,-1.41,"Neutral",""
"2019-03-15","VirtualRide; VirtualRide","Watopia; (BRT) Ages Racing League (D)",102.99,80.84,"",,80.84,34.69,37.66,2.55,"Neutral","MaxHr 160bpm. RestHr 60bpm. Cycling Ftp 175w. Weight 70kg."
"2019-03-16","","","","","",,"",33.87,32.64,-2.97,"Neutral",""
"2019-03-17","VirtualRide; VirtualRide","Ken's Pain Chapter 5; Watopia",46.02,61,"",,61,34.51,36.42,1.22,"Neutral","MaxHr 160bpm. RestHr 60bpm. Cycling Ftp 175w. Weight 70kg."
"2019-03-18","VirtualRide","Watopia Hilly Loop",31.11,49.39,"",,49.39,34.86,38.14,-1.91,"Neutral","MaxHr 160bpm. RestHr 60bpm. Cycling Ftp 175w. Weight 70kg."
"2019-03-19","","","","","",,"",34.04,33.06,-3.29,"Neutral",""
"2019-03-20","VirtualRide","Ken's Pain Chapter 5",74.33,106.92,"",,106.92,35.75,42.9,0.97,"Neutral","MaxHr 160bpm. RestHr 60bpm. Cycling Ftp 175w. Weight 70kg."
"2019-03-21","VirtualRide","Watopia Hilly loop",23.67,53.91,"",,53.91,36.18,44.36,-7.15,"Neutral","MaxHr 160bpm. RestHr 60bpm. Cycling Ftp 175w. Weight 70kg."
"2019-03-22","VirtualRide","Ken's Pain Chapter 5",96.92,107.95,"",,107.95,37.87,52.83,-8.19,"Neutral","MaxHr 160bpm. RestHr 60bpm. Cycling Ftp 175w. Weight 70kg."
"2019-03-23","","","","","",,"",36.98,45.79,-14.96,"Optimal",""
"2019-03-24","VirtualRide","Watopia",25.96,41.53,"",,41.53,37.08,45.23,-8.82,"Neutral","MaxHr 160bpm. RestHr 60bpm. Cycling Ftp 175w. Weight 70kg."
"2019-03-25","VirtualRide","Ken's Pain Chapter 5",67.49,120.24,"",,120.24,39.04,55.21,-8.15,"Neutral","MaxHr 160bpm. RestHr 60bpm. Cycling Ftp 175w. Weight 70kg."
"2019-03-26","","","","","",,"",38.12,47.86,-16.18,"Optimal",""
"2019-03-27","VirtualRide","Watopia","",15.43,"",,15.43,37.59,43.54,-9.74,"Neutral","Cycling Ftp 175w. Weight 70kg."
"2019-03-28","VirtualRide","Watopia",10.85,20.41,"",,20.41,37.18,40.46,-5.96,"Neutral","MaxHr 160bpm. RestHr 60bpm. Cycling Ftp 175w. Weight 70kg."
"2019-03-29","","","","","",,"",36.31,35.08,-3.29,"Neutral",""
"2019-03-30","","","","","",,"",35.46,30.41,1.23,"Neutral",""
"2019-03-31","","","","","",,"",34.62,26.36,5.04,"Freshness",""
"2019-04-01","","","","","",,"",33.81,22.85,8.26,"Freshness",""
"2019-04-02","VirtualRide","London",48.34,67.9,"",,67.9,34.61,28.85,10.95,"Freshness","MaxHr 160bpm. RestHr 60bpm. Cycling Ftp 175w. Weight 70kg."
"2019-04-03","VirtualRide","Watopia",29.67,38.66,"",,38.66,34.7,30.15,5.76,"Freshness","MaxHr 160bpm. RestHr 60bpm. Cycling Ftp 175w. Weight 70kg."
"2019-04-04","","","","","",,"",33.89,26.14,4.55,"Neutral",""
"2019-04-05","VirtualRide","Watopia",58.56,68.14,"",,68.14,34.69,31.73,7.74,"Freshness","MaxHr 160bpm. RestHr 60bpm. Cycling Ftp 175w. Weight 70kg."
"2019-04-06","","","","","",,"",33.88,27.51,2.96,"Neutral",""
"2019-04-07","VirtualRide","3R Greater London Flat Race - 2 Laps (28.5km/17.7mi 90m) (D)",84.7,99.25,"",,99.25,35.41,37.06,6.37,"Freshness","MaxHr 160bpm. RestHr 60bpm. Cycling Ftp 175w. Weight 70kg."
"2019-04-08","VirtualRide","EVR Americas Race (E)",42.49,53.52,"",,53.52,35.84,39.25,-1.65,"Neutral","MaxHr 160bpm. RestHr 60bpm. Cycling Ftp 175w. Weight 70kg."
"2019-04-09","","","","","",,"",35,34.02,-3.41,"Neutral",""
"2019-04-10","","","","","",,"",34.17,29.49,0.97,"Neutral",""
"2019-04-11","","","","","",,"",33.37,25.57,4.68,"Neutral",""
"2019-04-12","","","","","",,"",32.58,22.16,7.8,"Freshness",""
"2019-04-13","","","","","",,"",31.82,19.21,10.42,"Freshness",""
"2019-04-14","VirtualRide","Watopia",92.92,89.64,"",,89.64,33.18,28.59,12.6,"Freshness","MaxHr 160bpm. RestHr 60bpm. Cycling Ftp 175w. Weight 70kg."
"2019-04-15","VirtualRide","Richmond",84.72,107.11,"",,107.11,34.92,39.04,4.59,"Neutral","MaxHr 160bpm. RestHr 60bpm. Cycling Ftp 175w. Weight 70kg."
"2019-04-16","VirtualRide","Ken's Pain Chapter 5",91.97,121.04,"",,121.04,36.94,49.96,-4.13,"Neutral","MaxHr 160bpm. RestHr 60bpm. Cycling Ftp 175w. Weight 70kg."
"2019-04-17","VirtualRide","Ken's Pain Chapter 5",78.29,101.43,"",,101.43,38.46,56.81,-13.02,"Optimal","MaxHr 160bpm. RestHr 60bpm. Cycling Ftp 175w. Weight 70kg."
"2019-04-18","VirtualRide","SST (Short)",16.09,35.38,"",,35.38,38.39,53.96,-18.35,"Optimal","MaxHr 160bpm. RestHr 60bpm. Cycling Ftp 175w. Weight 70kg."
"2019-04-19","","","","","",,"",37.49,46.77,-15.57,"Optimal",""
"2019-04-20","VirtualRide","Watopia",64.96,70.89,"",,70.89,38.27,49.98,-9.29,"Neutral","MaxHr 160bpm. RestHr 60bpm. Cycling Ftp 175w. Weight 70kg."
"2019-04-21","","","","","",,"",37.37,43.33,-11.72,"Optimal",""
"2019-04-22","Ride","Stages spin bike","","","",,"",36.49,37.56,-5.96,"Neutral","Weight 70kg."
"2019-04-23","","","","","",,"",35.63,32.56,-1.07,"Neutral",""
"2019-04-24","","","","","",,"",34.79,28.22,3.07,"Neutral",""
"2019-04-25","","","","","",,"",33.98,24.47,6.57,"Freshness",""
"2019-04-26","VirtualRide","Watopia",40.92,41.57,"",,41.57,34.15,26.74,9.5,"Freshness","MaxHr 160bpm. RestHr 60bpm. Cycling Ftp 175w. Weight 70kg."
"2019-04-27","","","","","",,"",33.35,23.18,7.41,"Freshness",""
"2019-04-28","","","","","",,"",32.57,20.1,10.16,"Freshness",""
"2019-04-29","VirtualRide","Ken's Pain Chapter 5",23.68,35.28,"",,35.28,32.63,22.12,12.47,"Freshness","MaxHr 160bpm. RestHr 60bpm. Cycling Ftp 175w. Weight 70kg."
"2019-04-30","","","","","",,"",31.86,19.17,10.51,"Freshness",""
"2019-05-01","","","","","",,"",31.11,16.62,12.68,"Freshness",""
"2019-05-02","VirtualRide","Watopia",47.78,63.72,"",,63.72,31.88,22.89,14.49,"Freshness","MaxHr 160bpm. RestHr 60bpm. Cycling Ftp 175w. Weight 70kg."
"2019-05-03","VirtualRide","TFC Spring Race Series 1 (34 km / 20 mi) (D)",74.24,111.11,"",,111.11,33.74,34.63,8.98,"Freshness","MaxHr 160bpm. RestHr 60bpm. Cycling Ftp 175w. Weight 70kg."
"2019-05-04","","","","","",,"",32.95,30.02,-0.9,"Neutral",""
"2019-05-05","","","","","",,"",32.17,26.02,2.92,"Neutral",""
"2019-05-06","","","","","",,"",31.42,22.56,6.14,"Freshness",""
"2019-05-07","","","","","",,"",30.68,19.56,8.85,"Freshness",""
"2019-05-08","","","","","",,"",29.96,16.95,11.12,"Freshness",""
"2019-05-09","","","","","",,"",29.25,14.69,13,"Freshness",""
"2019-05-10","","","","","",,"",28.56,12.74,14.55,"Freshness",""
"2019-05-11","","","","","",,"",27.89,11.04,15.82,"Freshness",""
"2019-05-12","","","","","",,"",27.23,9.57,16.84,"Freshness",""
"2019-05-13","","","","","",,"",26.59,8.3,17.66,"Freshness",""
"2019-05-14","","","","","",,"",25.97,7.19,18.29,"Freshness",""
"2019-05-15","","","","","",,"",25.36,6.23,18.77,"Freshness",""
"2019-05-16","","","","","",,"",24.76,5.4,19.12,"Freshness",""
"2019-05-17","","","","","",,"",24.18,4.68,19.35,"Freshness",""
"2019-05-18","","","","","",,"",23.61,4.06,19.49,"Freshness",""
"2019-05-19","","","","","",,"",23.05,3.52,19.54,"Freshness",""
"2019-05-20","","","","","",,"",22.51,3.05,19.53,"Freshness",""
"2019-05-21","","","","","",,"",21.98,2.64,19.46,"Freshness",""
"2019-05-22","","","","","",,"",21.46,2.29,19.33,"Freshness",""
"2019-05-23","","","","","",,"",20.96,1.98,19.17,"Freshness",""
"2019-05-24","","","","","",,"",20.46,1.72,18.97,"Freshness",""
"2019-05-25","","","","","",,"",19.98,1.49,18.74,"Freshness",""
"2019-05-26","","","","","",,"",19.51,1.29,18.49,"Freshness",""
"2019-05-27","","","","","",,"",19.05,1.12,18.22,"Freshness",""
"2019-05-28","","","","","",,"",18.6,0.97,17.93,"Freshness",""
"2019-05-29","","","","","",,"",18.17,0.84,17.63,"Freshness",""
"2019-05-30","","","","","",,"",17.74,0.73,17.32,"Freshness",""
"2019-05-31","","","","","",,"",17.32,0.63,17.01,"Freshness",""
"2019-06-01","","","","","",,"",16.91,0.54,16.69,"Freshness",""
"2019-06-02","","","","","",,"",16.52,0.47,16.36,"Freshness",""
"2019-06-03","","","","","",,"",16.13,0.41,16.04,"Freshness",""
"2019-06-04","","","","","",,"",15.75,0.35,15.71,"Freshness",""
"2019-06-05","","","","","",,"",15.38,0.31,15.39,"Freshness",""
"2019-06-06","","","","","",,"",15.02,0.26,15.07,"Freshness",""
"2019-06-07","","","","","",,"",14.66,0.23,14.75,"Freshness",""
"2019-06-08","","","","","",,"",14.32,0.2,14.43,"Freshness",""
"2019-06-09","","","","","",,"",13.98,0.17,14.11,"Freshness",""
"2019-06-10","","","","","",,"",13.65,0.15,13.8,"Freshness",""
"2019-06-11","","","","","",,"",13.33,0.13,13.5,"Freshness",""
"2019-06-12","","","","","",,"",13.02,0.11,13.2,"Freshness",""
"2019-06-13","","","","","",,"",12.71,0.09,12.9,"Freshness",""
"2019-06-14","","","","","",,"",12.41,0.08,12.61,"Freshness",""
"2019-06-15","","","","","",,"",12.12,0.07,12.32,"Freshness",""
"2019-06-16","","","","","",,"",11.83,0.06,12.04,"Freshness",""
"2019-06-17","","","","","",,"",11.55,0.05,11.77,"Freshness",""
"2019-06-18","","","","","",,"",11.28,0.04,11.5,"Freshness",""
"2019-06-19","","","","","",,"",11.02,0.04,11.23,"Freshness",""
"2019-06-20","","","","","",,"",10.76,0.03,10.97,"Freshness",""
"2019-06-21","","","","","",,"",10.5,0.03,10.72,"Freshness",""
"2019-06-22","","","","","",,"",10.26,0.02,10.47,"Freshness",""
"2019-06-23","","","","","",,"",10.02,0.02,10.23,"Freshness",""
"2019-06-24","","","","","",,"",9.78,0.02,9.99,"Freshness",""
"2019-06-25","VirtualRide","1st after long break",22.8,27.09,"",,27.09,10.19,3.62,9.76,"Freshness","MaxHr 160bpm. RestHr 60bpm. Cycling Ftp 175w. Weight 70kg."
"2019-06-26","","","","","",,"",9.95,3.14,6.56,"Freshness",""
"2019-06-27","VirtualRide","Watopia",51.49,41.01,"",,41.01,10.68,8.18,6.8,"Freshness","MaxHr 160bpm. RestHr 60bpm. Cycling Ftp 175w. Weight 70kg."
"2019-06-28","","","","","",,"",10.43,7.09,2.49,"Neutral",""
"2019-06-29","","","","","",,"",10.18,6.15,3.33,"Neutral",""
"2019-06-30","VirtualRide","Watopia",83.29,60.23,"",,60.23,11.36,13.35,4.03,"Neutral","MaxHr 160bpm. RestHr 60bpm. Cycling Ftp 175w. Weight 70kg."
"2019-07-01","VirtualRide","London",93.27,71.81,"",,71.81,12.78,21.13,-1.99,"Neutral","MaxHr 160bpm. RestHr 60bpm. Cycling Ftp 175w. Weight 70kg."
"2019-07-02","VirtualRide","stages ",25.77,42.3,"",,42.3,13.48,23.95,-8.35,"Neutral","MaxHr 160bpm. RestHr 60bpm. Cycling Ftp 175w. Weight 70kg."
"2019-07-03","","","","","",,"",13.16,20.76,-10.48,"Optimal",""
"2019-07-04","VirtualRide","Watopia",56.53,56.04,"",,56.04,14.17,25.45,-7.6,"Neutral","MaxHr 160bpm. RestHr 60bpm. Cycling Ftp 175w. Weight 70kg."
"2019-07-05","","","","","",,"",13.83,22.06,-11.29,"Optimal",""
"2019-07-06","","","","","",,"",13.51,19.13,-8.24,"Neutral",""
"2019-07-07","VirtualRide","Watopia",93.8,92.3,"",,92.3,15.36,28.87,-5.62,"Neutral","MaxHr 160bpm. RestHr 60bpm. Cycling Ftp 175w. Weight 70kg."
"2019-07-08","VirtualRide","Ken's Pain Chapter 5",75.76,101.62,"",,101.62,17.39,38.55,-13.51,"Optimal","MaxHr 160bpm. RestHr 60bpm. Cycling Ftp 175w. Weight 70kg."
"2019-07-09","","","","","",,"",16.98,33.42,-21.17,"Optimal",""
"2019-07-10","VirtualRide","London",80.91,74.23,"",,74.23,18.33,38.85,-16.44,"Optimal","MaxHr 160bpm. RestHr 60bpm. Cycling Ftp 175w. Weight 70kg."
"2019-07-11","","","","","",,"",17.9,33.68,-20.53,"Optimal",""
"2019-07-12","VirtualRide","Watopia",38.87,64.17,"",,64.17,18.99,37.74,-15.79,"Optimal","MaxHr 160bpm. RestHr 60bpm. Cycling Ftp 175w. Weight 70kg."
"2019-07-13","VirtualRide","Watopia",30.95,42.23,"",,42.23,19.53,38.34,-18.76,"Optimal","MaxHr 160bpm. RestHr 60bpm. Cycling Ftp 175w. Weight 70kg."
"2019-07-14","","","","","",,"",19.07,33.23,-18.81,"Optimal",""
"2019-07-15","VirtualRide","Watopia",53.91,80.65,"",,80.65,20.52,39.54,-14.16,"Optimal","MaxHr 160bpm. RestHr 60bpm. Cycling Ftp 175w. Weight 70kg."
"2019-07-16","","","","","",,"",20.04,34.28,-19.03,"Optimal",""
"2019-07-17","VirtualRide","London",85.18,79.72,"",,79.72,21.44,40.33,-14.25,"Optimal","MaxHr 160bpm. RestHr 60bpm. Cycling Ftp 175w. Weight 70kg."
"2019-07-18","","","","","",,"",20.94,34.96,-18.89,"Optimal",""
"2019-07-19","VirtualRide","Watopia",29.14,40.92,"",,40.92,21.41,35.75,-14.03,"Optimal","MaxHr 160bpm. RestHr 60bpm. Cycling Ftp 175w. Weight 70kg."
"2019-07-20","","","","","",,"",20.91,30.99,-14.35,"Optimal",""
"2019-07-21","VirtualRide","London",91.72,98.55,"",,98.55,22.73,39.99,-10.09,"Optimal","MaxHr 160bpm. RestHr 60bpm. Cycling Ftp 175w. Weight 70kg."
"2019-07-22","","","","","",,"",22.2,34.66,-17.26,"Optimal",""
"2019-07-23","VirtualRide","NYC",3.74,5.86,"",,5.86,21.81,30.83,-12.47,"Optimal","MaxHr 160bpm. RestHr 60bpm. Cycling Ftp 175w. Weight 70kg."
"2019-07-24","","","","","",,"",21.3,26.72,-9.02,"Neutral",""
"2019-07-25","","","","","",,"",20.8,23.17,-5.43,"Neutral",""
"2019-07-26","VirtualRide","Watopia",102.97,75.01,"",,75.01,22.07,30.07,-2.37,"Neutral","MaxHr 160bpm. RestHr 60bpm. Cycling Ftp 175w. Weight 70kg."
"2019-07-27","","","","","",,"",21.55,26.06,-8,"Neutral",""
"2019-07-28","VirtualRide","FTP Test (shorter) 166",46.52,56.27,"",,56.27,22.37,30.08,-4.51,"Neutral","MaxHr 160bpm. RestHr 60bpm. Cycling Ftp 175w. Weight 70kg."
"2019-07-29","VirtualRide","The McCarthy Special",55.11,86.02,"",,86.02,23.87,37.53,-7.72,"Neutral","MaxHr 160bpm. RestHr 60bpm. Cycling Ftp 175w. Weight 70kg."
"2019-07-30","","","","","",,"",23.31,32.53,-13.67,"Optimal",""
"2019-07-31","VirtualRide","Watopia",62.39,65.33,"",,65.33,24.3,36.9,-9.23,"Neutral","MaxHr 160bpm. RestHr 60bpm. Cycling Ftp 175w. Weight 70kg."
"2019-08-01","","","","","",,"",23.72,31.99,-12.61,"Optimal",""
"2019-08-02","VirtualRide; VirtualRide","London; 3R Innsbruckring Flat Race - 4 Laps (35.2km/21.9mi 308m) (D)",124.62,104.09,"",,104.09,25.61,41.58,-8.27,"Neutral","MaxHr 160bpm. RestHr 60bpm. Cycling Ftp 175w. Weight 70kg."
"2019-08-03","","","","","",,"",25.01,36.05,-15.98,"Optimal",""
"2019-08-04","Ride","Lakeshore - Cyclemeter",88.18,83.8,"",,88.18,26.5,42.99,-11.04,"Optimal","MaxHr 160bpm. RestHr 60bpm. Cycling Ftp 175w. Weight 70kg."
"2019-08-05","Ride","iFit spin bike","","","",,"",25.87,37.26,-16.5,"Optimal","Weight 70kg."
"2019-08-06","VirtualRide","Ken's Pain Chapter 5",64.73,96.42,"",,96.42,27.53,45.14,-11.4,"Optimal","MaxHr 160bpm. RestHr 60bpm. Cycling Ftp 175w. Weight 70kg."
"2019-08-07","VirtualRide","Watopia",62.66,72.54,"",,72.54,28.59,48.79,-17.61,"Optimal","MaxHr 160bpm. RestHr 60bpm. Cycling Ftp 175w. Weight 70kg."
"2019-08-08","","","","","",,"",27.92,42.29,-20.2,"Optimal",""
"2019-08-09","VirtualRide","Watopia",15.26,57.19,"",,57.19,28.61,44.27,-14.38,"Optimal","MaxHr 160bpm. RestHr 60bpm. Cycling Ftp 175w. Weight 70kg."
"2019-08-10","VirtualRide","Watopia",36.02,43.15,"",,43.15,28.95,44.13,-15.67,"Optimal","MaxHr 160bpm. RestHr 60bpm. Cycling Ftp 175w. Weight 70kg."
"2019-08-11","","","","","",,"",28.27,38.25,-15.18,"Optimal",""
"2019-08-12","VirtualRide","The Gorby",48.13,68.29,"",,68.29,29.21,42.25,-9.99,"Neutral","MaxHr 160bpm. RestHr 60bpm. Cycling Ftp 175w. Weight 70kg."
"2019-08-13","Ride; Ride","Keiser spin bike @ Nike gym; Treadmill @ Nike gym","","","",,"",28.52,36.62,-13.04,"Optimal","Weight 70kg."
"2019-08-14","VirtualRide","Greater London Loop",90.44,98.74,"",,98.74,30.18,44.89,-8.11,"Neutral","MaxHr 160bpm. RestHr 60bpm. Cycling Ftp 175w. Weight 70kg."
"2019-08-15","","","","","",,"",29.47,38.92,-14.72,"Optimal",""
"2019-08-16","VirtualRide","Watopia",99.47,106.36,"",,106.36,31.27,47.89,-9.45,"Neutral","MaxHr 160bpm. RestHr 60bpm. Cycling Ftp 175w. Weight 70kg."
"2019-08-17","","","","","",,"",30.54,41.52,-16.62,"Optimal",""
"2019-08-18","VirtualRide","Ramp Test",19.21,38.32,"",,38.32,30.72,41.09,-10.98,"Optimal","MaxHr 160bpm. RestHr 60bpm. Cycling Ftp 175w. Weight 70kg."
"2019-08-19","Run; Ride","Lunch Run; Lunch Ride","","","",,"",30,35.62,-10.37,"Optimal","Weight 70kg."
"2019-08-20","","","","","",,"",29.29,30.88,-5.63,"Neutral",""
"2019-08-21","VirtualRide","3R Tick Tock Flat Race - 2 Lap (36km/22.4mi 100m) (D)",121.52,106.76,"",,106.76,31.12,40.98,-1.59,"Neutral","MaxHr 160bpm. RestHr 60bpm. Cycling Ftp 175w. Weight 70kg."
"2019-08-22","VirtualRide","Ken's Pain Chapter 5",70.83,101.69,"",,101.69,32.78,49.06,-9.87,"Neutral","MaxHr 160bpm. RestHr 60bpm. Cycling Ftp 175w. Weight 70kg."
"2019-08-23","","","","","",,"",32,42.53,-16.29,"Optimal",""
"2019-08-24","","","","","",,"",31.25,36.87,-10.53,"Optimal",""
"2019-08-25","VirtualRide","Watopia",45.05,71.3,"",,71.3,32.19,41.45,-5.62,"Neutral","MaxHr 160bpm. RestHr 60bpm. Cycling Ftp 175w. Weight 70kg."
"2019-08-26","","","","","",,"",31.44,35.93,-9.26,"Neutral",""
"2019-08-27","","","","","",,"",30.7,31.15,-4.5,"Neutral",""
"2019-08-28","VirtualRide; VirtualRide","workout; Watopia",49.06,78.26,"",,78.26,31.82,37.42,-0.46,"Neutral","MaxHr 160bpm. RestHr 60bpm. Cycling Ftp 175w. Weight 70kg."
"2019-08-29","VirtualRide","workout",46.96,59.24,"",,59.24,32.46,40.32,-5.61,"Neutral","MaxHr 160bpm. RestHr 60bpm. Cycling Ftp 175w. Weight 70kg."
"2019-08-30","VirtualRide; VirtualRide","London; 3R LaGuardia Loop Flat Race - 8 Laps (22.9km/14.2mi 216m) (D)",71.95,91.33,"",,91.33,33.85,47.11,-7.87,"Neutral","MaxHr 160bpm. RestHr 60bpm. Cycling Ftp 175w. Weight 70kg."
"2019-08-31","","","","","",,"",33.05,40.84,-13.27,"Optimal",""
"2019-09-01","","","","","",,"",32.27,35.4,-7.8,"Neutral",""
"2019-09-02","VirtualRide","Watopia",55.09,74.22,"",,74.22,33.26,40.57,-3.14,"Neutral","MaxHr 160bpm. RestHr 60bpm. Cycling Ftp 175w. Weight 70kg."
"2019-09-03","","","","","",,"",32.48,35.17,-7.32,"Neutral",""
"2019-09-04","VirtualRide; VirtualRide","NYC; 3R Classique Flat Race - 5 Laps (32.3km/20.1mi 95m) (D)",113.64,119.34,"",,119.34,34.52,46.37,-2.7,"Neutral","MaxHr 160bpm. RestHr 60bpm. Cycling Ftp 175w. Weight 70kg."
"2019-09-05","VirtualRide","Watopia",18.92,39.5,"",,39.5,34.64,45.46,-11.86,"Optimal","MaxHr 160bpm. RestHr 60bpm. Cycling Ftp 175w. Weight 70kg."
"2019-09-06","","","","","",,"",33.82,39.41,-10.83,"Optimal",""
"2019-09-07","","","","","",,"",33.03,34.16,-5.59,"Neutral",""
"2019-09-08","","","","","",,"",32.25,29.61,-1.14,"Neutral",""
"2019-09-09","","","","","",,"",31.49,25.67,2.63,"Neutral",""
"2019-09-10","","","","","",,"",30.75,22.25,5.82,"Freshness",""
"2019-09-11","VirtualRide","London",102.39,95.78,"",,95.78,32.28,32.04,8.49,"Freshness","MaxHr 160bpm. RestHr 60bpm. Cycling Ftp 175w. Weight 70kg."
"2019-09-12","VirtualRide","Lunch Activity",29.29,32.38,"",,32.38,32.28,32.09,0.23,"Neutral","MaxHr 160bpm. RestHr 60bpm. Cycling Ftp 175w. Weight 70kg."
"2019-09-13","VirtualRide; VirtualRide","Richmond; 3R Innsbruckring Flat Race - 4 Laps (35.2km/21.9mi 308m) (D) DNF",75.38,70.37,"",,70.37,33.18,37.18,0.19,"Neutral","MaxHr 160bpm. RestHr 60bpm. Cycling Ftp 175w. Weight 70kg."
"2019-09-14","","","","","",,"",32.4,32.23,-4.01,"Neutral",""
"2019-09-15","VirtualRide","Yorkshire",32.38,47.91,"",,47.91,32.76,34.32,0.16,"Neutral","MaxHr 160bpm. RestHr 60bpm. Cycling Ftp 175w. Weight 70kg."
"2019-09-16","","","","","",,"",31.99,29.75,-1.56,"Neutral",""
"2019-09-17","","","","","",,"",31.24,25.79,2.24,"Neutral",""
"2019-09-18","","","","","",,"",30.5,22.36,5.44,"Freshness",""
"2019-09-19","","","","","",,"",29.79,19.38,8.14,"Freshness",""
"2019-09-20","","","","","",,"",29.08,16.8,10.4,"Freshness",""
"2019-09-21","","","","","",,"",28.4,14.56,12.28,"Freshness",""
"2019-09-22","","","","","",,"",27.73,12.62,13.83,"Freshness",""
"2019-09-23","","","","","",,"",27.08,10.94,15.1,"Freshness",""
"2019-09-24","VirtualRide","90min Riders Choice",49.88,46.62,"",,46.62,27.54,15.69,16.13,"Freshness","MaxHr 160bpm. RestHr 60bpm. Cycling Ftp 175w. Weight 70kg."
"2019-09-25","","","","","",,"",26.89,13.6,11.84,"Freshness",""
"2019-09-26","","","","","",,"",26.26,11.79,13.28,"Freshness",""
"2019-09-27","VirtualRide","Yorkshire",14.08,42.81,"",,42.81,26.65,15.92,14.46,"Freshness","MaxHr 160bpm. RestHr 60bpm. Cycling Ftp 175w. Weight 70kg."
"2019-09-28","","","","","",,"",26.02,13.8,10.72,"Freshness",""
"2019-09-29","VirtualRide","Yorkshire",38.92,73.78,"",,73.78,27.14,21.78,12.22,"Freshness","MaxHr 160bpm. RestHr 60bpm. Cycling Ftp 175w. Weight 70kg."
"2019-09-30","VirtualRide","Ken's Pain Chapter 5",65.97,91.14,"",,91.14,28.65,31.02,5.36,"Freshness","MaxHr 160bpm. RestHr 60bpm. Cycling Ftp 175w. Weight 70kg."
"2019-10-01","VirtualRide","Watopia","",39.06,"",,39.06,28.89,32.09,-2.37,"Neutral","Cycling Ftp 175w. Weight 70kg."
"2019-10-02","","","","","",,"",28.21,27.82,-3.2,"Neutral",""
"2019-10-03","VirtualRide","Ken's Pain Chapter 5",80.39,107.99,"",,107.99,30.09,38.49,0.39,"Neutral","MaxHr 160bpm. RestHr 60bpm. Cycling Ftp 175w. Weight 70kg."
"2019-10-04","VirtualRide","Watopia",41.11,72.37,"",,72.37,31.09,43,-8.4,"Neutral","MaxHr 160bpm. RestHr 60bpm. Cycling Ftp 175w. Weight 70kg."
"2019-10-05","","","","","",,"",30.35,37.27,-11.92,"Optimal",""
"2019-10-06","VirtualRide","Watopia",49.14,69.83,"",,69.83,31.28,41.61,-6.92,"Neutral","MaxHr 160bpm. RestHr 60bpm. Cycling Ftp 175w. Weight 70kg."
"2019-10-07","","","","","",,"",30.55,36.07,-10.33,"Optimal",""
"2019-10-08","VirtualRide; VirtualRide","Ken's Pain Chapter 5; 20 Min 4x127%",92.32,144.35,"",,144.35,33.23,50.48,-5.53,"Neutral","MaxHr 160bpm. RestHr 60bpm. Cycling Ftp 175w. Weight 70kg."
"2019-10-09","VirtualRide","40 Min 8x114%",50.98,71.73,"",,71.73,34.13,53.31,-17.26,"Optimal","MaxHr 160bpm. RestHr 60bpm. Cycling Ftp 175w. Weight 70kg."
"2019-10-10","Rowing; VirtualRide; VirtualRide","Lunch Activity; Ken's Pain Chapter 5; Watopia",30.3,59.86,"",,59.86,34.74,54.18,-19.18,"Optimal","MaxHr 160bpm. RestHr 60bpm. Cycling Ftp 175w. Weight 70kg."
"2019-10-11","VirtualRide","3R LaGuardia Loop Flat Race - 8 Laps (22.9km/14.2mi 216m) (D)",83.24,83.58,"",,83.58,35.89,58.1,-19.45,"Optimal","MaxHr 160bpm. RestHr 60bpm. Cycling Ftp 175w. Weight 70kg."
"2019-10-12","","","","","",,"",35.04,50.36,-22.22,"Optimal",""
"2019-10-13","","","","","",,"",34.22,43.66,-15.33,"Optimal",""
"2019-10-14","VirtualRide","40 Min 8x114%",44.76,82.94,"",,82.94,35.36,48.89,-9.45,"Neutral","MaxHr 160bpm. RestHr 60bpm. Cycling Ftp 175w. Weight 70kg."
"2019-10-15","VirtualRide","40 Min 8x114%","",80.88,"",,80.88,36.43,53.15,-13.53,"Optimal","Cycling Ftp 175w. Weight 70kg."
"2019-10-16","VirtualRide","Watopia",33.17,50.83,"",,50.83,36.77,52.84,-16.72,"Optimal","MaxHr 160bpm. RestHr 60bpm. Cycling Ftp 175w. Weight 70kg."
"2019-10-17","VirtualRide","London",91.99,89.02,"",,89.02,38,57.66,-16.07,"Optimal","MaxHr 160bpm. RestHr 60bpm. Cycling Ftp 175w. Weight 70kg."
"2019-10-18","","","","","",,"",37.11,49.98,-19.66,"Optimal",""
"2019-10-19","","","","","",,"",36.23,43.33,-12.88,"Optimal",""
"2019-10-20","VirtualRide","90min Riders Choice - Go Pack Go!",117.4,126.99,"",,126.99,38.37,54.46,-7.1,"Neutral","MaxHr 160bpm. RestHr 60bpm. Cycling Ftp 175w. Weight 70kg."
"2019-10-21","VirtualRide","40 Min 8x114%",40.76,85.4,"",,85.4,39.48,58.58,-16.1,"Optimal","MaxHr 160bpm. RestHr 60bpm. Cycling Ftp 175w. Weight 70kg."
"2019-10-22","VirtualRide","40 Min 8x114%",51.48,83.53,"",,83.53,40.51,61.9,-19.11,"Optimal","MaxHr 160bpm. RestHr 60bpm. Cycling Ftp 175w. Weight 70kg."
"2019-10-23","VirtualRide","Watopia",93.52,111.31,"",,111.31,42.18,68.48,-21.39,"Optimal","MaxHr 160bpm. RestHr 60bpm. Cycling Ftp 175w. Weight 70kg."
"2019-10-24","VirtualRide","Zwift ",23.31,53.74,"",,53.74,42.45,66.52,-26.31,"Optimal","MaxHr 160bpm. RestHr 60bpm. Cycling Ftp 175w. Weight 70kg."
"2019-10-25","VirtualRide","Watopia",34.47,47.39,"",,47.39,42.57,63.97,-24.07,"Optimal","MaxHr 160bpm. RestHr 60bpm. Cycling Ftp 175w. Weight 70kg."
"2019-10-26","VirtualRide","FTP Test (shorter)",48.84,65.71,"",,65.71,43.11,64.2,-21.41,"Optimal","MaxHr 160bpm. RestHr 60bpm. Cycling Ftp 175w. Weight 70kg."
"2019-10-27","VirtualRide","London",34.19,51.02,"",,51.02,43.3,62.45,-21.1,"Optimal","MaxHr 160bpm. RestHr 60bpm. Cycling Ftp 175w. Weight 70kg."
"2019-10-28","VirtualRide","40 Min 8x114%",44.96,67.99,"",,67.99,43.88,63.18,-19.15,"Optimal","MaxHr 160bpm. RestHr 60bpm. Cycling Ftp 175w. Weight 70kg."
"2019-10-29","VirtualRide","Zwift - London",37,75.28,"",,75.28,44.62,64.79,-19.31,"Optimal","MaxHr 160bpm. RestHr 60bpm. Cycling Ftp 175w. Weight 70kg."
"2019-10-30","VirtualRide; VirtualRide","Watopia; SZR  Autumn Race Series (D)",132,114.29,"",,114.29,46.26,71.38,-20.18,"Optimal","MaxHr 160bpm. RestHr 60bpm. Cycling Ftp 175w. Weight 70kg."
"2019-10-31","","","","","",,"",45.17,61.88,-25.13,"Optimal",""
"2019-11-01","","","","","",,"",44.1,53.64,-16.72,"Optimal",""
"2019-11-02","VirtualRide; VirtualRide","NYC; 3R Innsbruckring Flat Race - 2 Laps (17.6km/10.9m 154m) (D)",74.52,70.35,"",,70.35,44.72,55.86,-9.54,"Neutral","MaxHr 160bpm. RestHr 60bpm. Cycling Ftp 175w. Weight 70kg."
"2019-11-03","","","","","",,"",43.67,48.43,-11.15,"Optimal",""
"2019-11-04","","","","","",,"",42.64,41.98,-4.76,"Neutral",""
"2019-11-05","","","","","",,"",41.64,36.39,0.66,"Neutral",""
"2019-11-06","","","","","",,"",40.66,31.55,5.24,"Freshness",""
"2019-11-07","","","","","",,"",39.7,27.35,9.11,"Freshness",""
"2019-11-08","VirtualRide","Watopia",33.52,39.86,"",,39.86,39.71,29.01,12.35,"Freshness","MaxHr 160bpm. RestHr 60bpm. Cycling Ftp 175w. Weight 70kg."
"2019-11-09","VirtualRide","Watopia",51.18,56.26,"",,56.26,40.1,32.64,10.69,"Freshness","MaxHr 160bpm. RestHr 60bpm. Cycling Ftp 175w. Weight 70kg."
"2019-11-10","VirtualRide","4wk FTP Booster Week 2 Day 5 - 40/20's #2",57.24,57.98,"",,57.98,40.52,36.01,7.45,"Freshness","MaxHr 160bpm. RestHr 60bpm. Cycling Ftp 175w. Weight 70kg."
"2019-11-11","VirtualRide","Active Recovery",6.76,12.51,"",,12.51,39.86,32.88,4.5,"Neutral","MaxHr 160bpm. RestHr 60bpm. Cycling Ftp 175w. Weight 70kg."
"2019-11-12","","","","","",,"",38.92,28.51,6.97,"Freshness",""
"2019-11-13","VirtualRide","Watopia",33.58,41.47,"",,41.47,38.98,30.23,10.41,"Freshness","MaxHr 160bpm. RestHr 60bpm. Cycling Ftp 175w. Weight 70kg."
"2019-11-14","VirtualRide; VirtualRide","NYC; 3R Innsbruckring Flat Race - 2 Laps (17.6km/10.9m 154m) (D)",65.52,69.26,"",,69.26,39.69,35.43,8.74,"Freshness","MaxHr 160bpm. RestHr 60bpm. Cycling Ftp 175w. Weight 70kg."
"2019-11-15","","","","","",,"",38.76,30.71,4.26,"Neutral",""
"2019-11-16","VirtualRide","20 Min 4x117%",48.1,59.84,"",,59.84,39.25,34.59,8.04,"Freshness","MaxHr 160bpm. RestHr 60bpm. Cycling Ftp 175w. Weight 70kg."
"2019-11-17","VirtualRide","Watopia",30.07,50.78,"",,50.78,39.52,36.74,4.66,"Neutral","MaxHr 160bpm. RestHr 60bpm. Cycling Ftp 175w. Weight 70kg."
"2019-11-18","","","","","",,"",38.59,31.85,2.78,"Neutral",""
"2019-11-19","","","","","",,"",37.69,27.61,6.74,"Freshness",""
"2019-11-20","VirtualRide; VirtualRide","Watopia; Gotta flat! on Zwift only bike",23.07,39.94,"",,39.94,37.74,29.25,10.07,"Freshness","MaxHr 160bpm. RestHr 60bpm. Cycling Ftp 175w. Weight 70kg."
"2019-11-21","VirtualRide","40 Min 8x114%",54.06,70.82,"",,70.82,38.52,34.78,8.48,"Freshness","MaxHr 160bpm. RestHr 60bpm. Cycling Ftp 175w. Weight 70kg."
"2019-11-22","VirtualRide","Low-Cadence Intervals",28.58,52.52,"",,52.52,38.85,37.15,3.73,"Neutral","MaxHr 160bpm. RestHr 60bpm. Cycling Ftp 175w. Weight 70kg."
"2019-11-23","","","","","",,"",37.93,32.2,1.7,"Neutral",""
"2019-11-24","VirtualRide","Watopia",30.14,42.62,"",,42.62,38.04,33.59,5.73,"Freshness","MaxHr 160bpm. RestHr 60bpm. Cycling Ftp 175w. Weight 70kg."
"2019-11-25","VirtualRide","40 Min 8x114%",46.65,63.71,"",,63.71,38.65,37.6,4.45,"Neutral","MaxHr 160bpm. RestHr 60bpm. Cycling Ftp 175w. Weight 70kg."
"2019-11-26","","","","","",,"",37.74,32.59,1.05,"Neutral",""
"2019-11-27","VirtualRide","London",62.45,77.97,"",,77.97,38.68,38.63,5.14,"Freshness","MaxHr 160bpm. RestHr 60bpm. Cycling Ftp 175w. Weight 70kg."
"2019-11-28","","","","","",,"",37.77,33.49,0.05,"Neutral",""
"2019-11-29","VirtualRide; VirtualRide","Watopia; 3R Watopia Flat Route Reverse Race - 3 Laps (30.8km/19.1mi 162m) (D)",93.61,106.74,"",,106.74,39.4,43.24,4.28,"Neutral","MaxHr 160bpm. RestHr 60bpm. Cycling Ftp 175w. Weight 70kg."
"2019-11-30","VirtualRide","Zwift",31.42,42.24,"",,42.24,39.46,43.11,-3.85,"Neutral","MaxHr 160bpm. RestHr 60bpm. Cycling Ftp 175w. Weight 70kg."
"2019-12-01","","","","","",,"",38.54,37.37,-3.65,"Neutral",""
"2019-12-02","VirtualRide","Zwift ",13.74,37.27,"",,37.27,38.51,37.35,1.16,"Neutral","MaxHr 160bpm. RestHr 60bpm. Cycling Ftp 175w. Weight 70kg."
"2019-12-03","VirtualRide","Free Workout",36.01,44.52,"",,44.52,38.65,38.31,1.15,"Neutral","MaxHr 160bpm. RestHr 60bpm. Cycling Ftp 175w. Weight 70kg."
"2019-12-04","VirtualRide","Watopia",28.14,36.34,"",,36.34,38.59,38.05,0.33,"Neutral","MaxHr 160bpm. RestHr 60bpm. Cycling Ftp 175w. Weight 70kg."
"2019-12-05","","","","","",,"",37.68,32.98,0.54,"Neutral",""
"2019-12-06","VirtualRide","Watopia Alpe Du Zwift",154.75,151.37,"",,151.37,40.36,48.74,4.7,"Neutral","MaxHr 160bpm. RestHr 60bpm. Cycling Ftp 175w. Weight 70kg."
"2019-12-07","","","","","",,"",39.41,42.25,-8.39,"Neutral",""
"2019-12-08","VirtualRide","Watopia Alpe du Zwift #2",150.54,157.72,"",,157.72,42.19,57.62,-2.85,"Neutral","MaxHr 160bpm. RestHr 60bpm. Cycling Ftp 175w. Weight 70kg."
"2019-12-09","","","","","",,"",41.2,49.95,-15.44,"Optimal",""
"2019-12-10","VirtualRide","20 Min 4x127%",19.01,42.9,"",,42.9,41.24,49.01,-8.76,"Neutral","MaxHr 160bpm. RestHr 60bpm. Cycling Ftp 175w. Weight 70kg."
"2019-12-11","","","","","",,"",40.27,42.49,-7.78,"Neutral",""
"2019-12-12","VirtualRide","London",65.74,46.52,"",,46.52,40.42,43.02,-2.22,"Neutral","MaxHr 160bpm. RestHr 60bpm. Cycling Ftp 175w. Weight 70kg."
"2019-12-13","","","","","",,"",39.47,37.3,-2.61,"Neutral",""
"2019-12-14","VirtualRide","Watopia",122.32,94.35,"",,94.35,40.76,44.89,2.17,"Neutral","MaxHr 160bpm. RestHr 60bpm. Cycling Ftp 175w. Weight 70kg."
"2019-12-15","","","","","",,"",39.8,38.91,-4.14,"Neutral",""
"2019-12-16","","","","","",,"",38.86,33.73,0.88,"Neutral",""
"2019-12-17","VirtualRide","London",106.94,85.08,"",,85.08,39.95,40.57,5.12,"Freshness","MaxHr 160bpm. RestHr 60bpm. Cycling Ftp 175w. Weight 70kg."
"2019-12-18","","","","","",,"",39.01,35.17,-0.62,"Neutral",""
"2019-12-19","VirtualRide","London",92.59,99.33,"",,99.33,40.43,43.71,3.84,"Neutral","MaxHr 160bpm. RestHr 60bpm. Cycling Ftp 175w. Weight 70kg."
"2019-12-20","VirtualRide; VirtualRide","NYC; EVR Europe Race (D)",86.03,91.15,"",,91.15,41.62,50.02,-3.29,"Neutral","MaxHr 160bpm. RestHr 60bpm. Cycling Ftp 175w. Weight 70kg."
"2019-12-21","","","","","",,"",40.64,43.36,-8.41,"Neutral",""
"2019-12-22","","","","","",,"",39.69,37.59,-2.73,"Neutral",""
"2019-12-23","VirtualRide","Watopia",67.68,88.55,"",,88.55,40.84,44.37,2.09,"Neutral","MaxHr 160bpm. RestHr 60bpm. Cycling Ftp 175w. Weight 70kg."
"2019-12-24","","","","","",,"",39.87,38.47,-3.54,"Neutral",""
"2019-12-25","","","","","",,"",38.94,33.34,1.4,"Neutral",""
"2019-12-26","VirtualRide","London",84.85,89.77,"",,89.77,40.13,40.86,5.59,"Freshness","MaxHr 160bpm. RestHr 60bpm. Cycling Ftp 175w. Weight 70kg."
"2019-12-27","VirtualRide","40 Min 8x114%",51.59,65.66,"",,65.66,40.73,44.16,-0.73,"Neutral","MaxHr 160bpm. RestHr 60bpm. Cycling Ftp 175w. Weight 70kg."
"2019-12-28","VirtualRide","Watopia Alpe du Zwift #3",178.06,165.22,"",,165.22,43.66,60.28,-3.43,"Neutral","MaxHr 160bpm. RestHr 60bpm. Cycling Ftp 175w. Weight 70kg."
"2019-12-29","","","","","",,"",42.63,52.25,-16.62,"Optimal",""
"2019-12-30","VirtualRide","Watopia Hilly Route",71.46,76.93,"",,76.93,43.44,55.54,-9.62,"Neutral","MaxHr 160bpm. RestHr 60bpm. Cycling Ftp 175w. Weight 70kg."
"2019-12-31","VirtualRide","40 Min 8x114%",49.62,67.17,"",,67.17,44,57.08,-12.1,"Optimal","MaxHr 160bpm. RestHr 60bpm. Cycling Ftp 175w. Weight 70kg."
"2020-01-01","VirtualRide; VirtualRide; VirtualRide","NYC; Ramp Test; Free Workout",64.55,106.88,"",,106.88,45.48,63.71,-13.09,"Optimal","MaxHr 160bpm. RestHr 60bpm. Cycling Ftp 175w. Weight 70kg."
"2020-01-02","","","","","",,"",44.41,55.23,-18.24,"Optimal",""
"2020-01-03","","","","","",,"",43.36,47.88,-10.83,"Optimal",""
"2020-01-04","VirtualRide","Watopia Road to Ruin",76.46,102.55,"",,102.55,44.76,55.16,-4.52,"Neutral","MaxHr 160bpm. RestHr 60bpm. Cycling Ftp 175w. Weight 70kg."
"2020-01-05","","","","","",,"",43.7,47.81,-10.4,"Optimal",""
"2020-01-06","VirtualRide","Watopia",90.62,104.98,"",,104.98,45.15,55.42,-4.11,"Neutral","MaxHr 160bpm. RestHr 60bpm. Cycling Ftp 175w. Weight 70kg."
"2020-01-07","VirtualRide","Watopia",35.94,39.28,"",,39.28,45.01,53.27,-10.28,"Optimal","MaxHr 160bpm. RestHr 60bpm. Cycling Ftp 175w. Weight 70kg."
"2020-01-08","","","","","",,"",43.95,46.18,-8.27,"Neutral",""
"2020-01-09","","","","","",,"",42.91,40.03,-2.24,"Neutral",""
"2020-01-10","VirtualRide","Watopia Out and Back Again",140.32,129.04,"",,129.04,44.94,51.88,2.88,"Neutral","MaxHr 160bpm. RestHr 60bpm. Cycling Ftp 175w. Weight 70kg."
"2020-01-11","VirtualRide; VirtualRide","Watopia; 3R Watopia Flat Route Race - 3 Laps (30.3km/18.8mi 162m) (D)",112.47,103.35,"",,103.35,46.31,58.73,-6.95,"Neutral","MaxHr 160bpm. RestHr 60bpm. Cycling Ftp 175w. Weight 70kg."
"2020-01-12","VirtualRide","Watopia Hilly Route",33.77,43.04,"",,43.04,46.24,56.64,-12.42,"Optimal","MaxHr 160bpm. RestHr 60bpm. Cycling Ftp 175w. Weight 70kg."
"2020-01-13","","","","","",,"",45.15,49.1,-10.41,"Optimal",""
"2020-01-14","VirtualRide","Watopia Hilly Route",32.44,39.08,"",,39.08,45.01,47.77,-3.96,"Neutral","MaxHr 160bpm. RestHr 60bpm. Cycling Ftp 175w. Weight 70kg."
"2020-01-15","","","","","",,"",43.95,41.41,-2.77,"Neutral",""
"2020-01-16","","","","","",,"",42.91,35.9,2.53,"Neutral",""
"2020-01-17","Ride","Cycle - Cyclemeter","",0.04,"",,0.04,41.9,31.12,7.01,"Freshness","Cycling Ftp 175w. Weight 70kg."
"2020-01-18","Ride","Ixtapa - Playa Linda","","","",,"",40.92,26.98,10.78,"Freshness","Weight 70kg."
"2020-01-19","","","","","",,"",39.96,23.39,13.94,"Freshness",""
"2020-01-20","","","","","",,"",39.02,20.27,16.56,"Freshness",""
"2020-01-21","","","","","",,"",38.1,17.57,18.74,"Freshness",""
"2020-01-22","","","","","",,"",37.2,15.23,20.52,"Freshness",""
"2020-01-23","VirtualRide","Watopia",87.51,76.82,"",,76.82,38.13,23.43,21.96,"Freshness","MaxHr 160bpm. RestHr 60bpm. Cycling Ftp 175w. Weight 70kg."
"2020-01-24","","","","","",,"",37.24,20.31,14.7,"Freshness",""
"2020-01-25","VirtualRide","Watopia",44.72,51.53,"",,51.53,37.57,24.47,16.92,"Freshness","MaxHr 160bpm. RestHr 60bpm. Cycling Ftp 175w. Weight 70kg."
"2020-01-26","","","","","",,"",36.69,21.21,13.1,"Freshness",""
"2020-01-27","","","","","",,"",35.82,18.39,15.47,"Freshness",""
"2020-01-28","VirtualRide","Watopia 1xHilly Route",39.73,43.23,"",,43.23,36,21.69,17.43,"Freshness","MaxHr 160bpm. RestHr 60bpm. Cycling Ftp 175w. Weight 70kg."
"2020-01-29","VirtualRide","Watopia",77.14,55.5,"",,55.5,36.46,26.19,14.3,"Freshness","MaxHr 160bpm. RestHr 60bpm. Cycling Ftp 175w. Weight 70kg."
"2020-01-30","","","","","",,"",35.6,22.71,10.26,"Freshness",""
"2020-01-31","VirtualRide","40 Min 8x114% only made 5",39.7,48.23,"",,48.23,35.9,26.1,12.89,"Freshness","MaxHr 160bpm. RestHr 60bpm. Cycling Ftp 175w. Weight 70kg."
"2020-02-01","VirtualRide","Watopia Hit HIlly KOM hard",16.57,28.99,"",,28.99,35.73,26.49,9.79,"Freshness","MaxHr 160bpm. RestHr 60bpm. Cycling Ftp 175w. Weight 70kg."
"2020-02-02","","","","","",,"",34.89,22.96,9.24,"Freshness",""
"2020-02-03","VirtualRide","Watopia Alpe du Zwift",154.57,161.8,"",,161.8,37.88,41.44,11.93,"Freshness","MaxHr 160bpm. RestHr 60bpm. Cycling Ftp 175w. Weight 70kg."
"2020-02-04","","","","","",,"",36.99,35.93,-3.57,"Neutral",""
"2020-02-05","","","","","",,"",36.12,31.14,1.06,"Neutral",""
"2020-02-06","","","","","",,"",35.27,27,4.97,"Neutral",""
"2020-02-07","","","","","",,"",34.44,23.4,8.27,"Freshness",""
"2020-02-08","","","","","",,"",33.63,20.29,11.03,"Freshness",""
"2020-02-09","VirtualRide","Watopia",55.11,51.49,"",,51.49,34.05,24.44,13.34,"Freshness","MaxHr 160bpm. RestHr 60bpm. Cycling Ftp 175w. Weight 70kg."
"2020-02-10","VirtualRide","Watopia",54.2,53.26,"",,53.26,34.5,28.28,9.6,"Freshness","MaxHr 160bpm. RestHr 60bpm. Cycling Ftp 175w. Weight 70kg."
"2020-02-11","","","","","",,"",33.69,24.51,6.22,"Freshness",""
"2020-02-12","","","","","",,"",32.9,21.25,9.17,"Freshness",""
"2020-02-13","VirtualRide","Afternoon Activity",97.35,93.94,"",,93.94,34.33,30.92,11.64,"Freshness","MaxHr 160bpm. RestHr 60bpm. Cycling Ftp 175w. Weight 70kg."
"2020-02-14","VirtualRide","Watopia - Alpe du Zwift",176.15,146.88,"",,146.88,36.98,46.36,3.4,"Neutral","MaxHr 160bpm. RestHr 60bpm. Cycling Ftp 175w. Weight 70kg."
"2020-02-15","","","","","",,"",36.11,40.19,-9.39,"Neutral",""
"2020-02-16","","","","","",,"",35.26,34.84,-4.08,"Neutral",""
"2020-02-17","","","","","",,"",34.43,30.2,0.42,"Neutral",""
"2020-02-18","","","","","",,"",33.62,26.18,4.23,"Neutral",""
"2020-02-19","","","","","",,"",32.83,22.69,7.44,"Freshness",""
"2020-02-20","","","","","",,"",32.06,19.67,10.13,"Freshness",""
"2020-02-21","","","","","",,"",31.3,17.05,12.38,"Freshness",""
"2020-02-22","","","","","",,"",30.56,14.78,14.24,"Freshness",""
"2020-02-23","","","","","",,"",29.85,12.81,15.78,"Freshness",""
"2020-02-24","","","","","",,"",29.14,11.11,17.03,"Freshness",""
"2020-02-25","","","","","",,"",28.46,9.63,18.03,"Freshness",""
"2020-02-26","","","","","",,"",27.79,8.35,18.83,"Freshness",""
"2020-02-27","","","","","",,"",27.13,7.23,19.44,"Freshness",""
"2020-02-28","VirtualRide","Watopia",29.34,28.29,"",,28.29,27.16,10.04,19.9,"Freshness","MaxHr 160bpm. RestHr 60bpm. Cycling Ftp 175w. Weight 70kg."
"2020-02-29","","","","","",,"",26.52,8.7,17.12,"Freshness",""
"2020-03-01","VirtualRide","Watopia - Volcano Flat",38.53,30.93,"",,30.93,26.63,11.66,17.82,"Freshness","MaxHr 160bpm. RestHr 60bpm. Cycling Ftp 175w. Weight 70kg."
"2020-03-02","VirtualRide","Watopia - Volcano Flat",41.89,34.02,"",,34.02,26.8,14.64,14.96,"Freshness","MaxHr 160bpm. RestHr 60bpm. Cycling Ftp 175w. Weight 70kg."
"2020-03-03","VirtualRide","Watopia",46.55,37.41,"",,37.41,27.05,17.67,12.16,"Freshness","MaxHr 160bpm. RestHr 60bpm. Cycling Ftp 175w. Weight 70kg."
"2020-03-04","VirtualRide","Watopia",16.27,22.74,"",,22.74,26.95,18.34,9.38,"Freshness","MaxHr 160bpm. RestHr 60bpm. Cycling Ftp 175w. Weight 70kg."
"2020-03-05","","","","","",,"",26.31,15.9,8.6,"Freshness",""
"2020-03-06","VirtualRide; VirtualRide","Innsbruck; 3R Innsbruckring Flat Race - 4 Laps (35.2km/21.9mi 308m) (D)",117.93,100.91,"",,100.91,28.07,27.22,10.41,"Freshness","MaxHr 160bpm. RestHr 60bpm. Cycling Ftp 175w. Weight 70kg."
"2020-03-07","","","","","",,"",27.41,23.59,0.85,"Neutral",""
"2020-03-08","","","","","",,"",26.76,20.45,3.81,"Neutral",""
"2020-03-09","VirtualRide","Watopia",24.5,36.78,"",,36.78,27,22.62,6.31,"Freshness","MaxHr 160bpm. RestHr 60bpm. Cycling Ftp 175w. Weight 70kg."
"2020-03-10","","","","","",,"",26.36,19.61,4.37,"Neutral",""
"2020-03-11","VirtualRide; VirtualRide","London; Physio Racing Training Ride (PRTR) Cruise Control (D)",51.97,50.21,"",,50.21,26.92,23.68,6.75,"Freshness","MaxHr 160bpm. RestHr 60bpm. Cycling Ftp 175w. Weight 70kg."
"2020-03-12","","","","","",,"",26.29,20.53,3.23,"Neutral",""
"2020-03-13","","","","","",,"",25.67,17.8,5.75,"Freshness",""
"2020-03-14","","","","","",,"",25.07,15.43,7.87,"Freshness",""
"2020-03-15","VirtualRide","Richmond",17.01,23.18,"",,23.18,25.02,16.46,9.64,"Freshness","MaxHr 160bpm. RestHr 60bpm. Cycling Ftp 175w. Weight 70kg."
"2020-03-16","VirtualRide","London",23.29,28.7,"",,28.7,25.11,18.09,8.56,"Freshness","MaxHr 160bpm. RestHr 60bpm. Cycling Ftp 175w. Weight 70kg."
"2020-03-17","","","","","",,"",24.52,15.68,7.02,"Freshness",""
"2020-03-18","","","","","",,"",23.94,13.59,8.83,"Freshness",""
"2020-03-19","","","","","",,"",23.38,11.78,10.34,"Freshness",""
"2020-03-20","","","","","",,"",22.83,10.21,11.59,"Freshness",""
"2020-03-21","","","","","",,"",22.29,8.85,12.61,"Freshness",""
"2020-03-22","","","","","",,"",21.77,7.67,13.43,"Freshness",""
"2020-03-23","VirtualRide","Watopia",40.58,40.33,"",,40.33,22.2,12.02,14.09,"Freshness","MaxHr 160bpm. RestHr 60bpm. Cycling Ftp 175w. Weight 70kg."
"2020-03-24","VirtualRide","Watopia",30.46,28.76,"",,28.76,22.36,14.25,10.18,"Freshness","MaxHr 160bpm. RestHr 60bpm. Cycling Ftp 175w. Weight 70kg."
"2020-03-25","VirtualRide","Watopia",56.72,50.6,"",,50.6,23.02,19.09,8.1,"Freshness","MaxHr 160bpm. RestHr 60bpm. Cycling Ftp 175w. Weight 70kg."
"2020-03-26","VirtualRide; VirtualRide","Ken's Pain Chapter 5 3 of 8 intevals (broken toes suck!); Chapter 4 3 of 6 intervals",79.67,81.14,"",,81.14,24.39,27.35,3.93,"Neutral","MaxHr 160bpm. RestHr 60bpm. Cycling Ftp 175w. Weight 70kg."
"2020-03-27","VirtualRide","London",83.91,74.19,"",,74.19,25.56,33.59,-2.96,"Neutral","MaxHr 160bpm. RestHr 60bpm. Cycling Ftp 175w. Weight 70kg."
"2020-03-28","VirtualRide","3R Watopia Flat Route Race - 3 Laps (30.3km/18.8mi 162m) (D)",99.31,89.59,"",,89.59,27.07,41.04,-8.03,"Neutral","MaxHr 160bpm. RestHr 60bpm. Cycling Ftp 175w. Weight 70kg."
"2020-03-29","","","","","",,"",26.43,35.58,-13.98,"Optimal",""
"2020-03-30","VirtualRide","Stage 4 Race (D) - Tour of Watopia 2020",80.83,78.77,"",,78.77,27.66,41.33,-9.15,"Neutral","MaxHr 160bpm. RestHr 60bpm. Cycling Ftp 175w. Weight 70kg."
"2020-03-31","VirtualRide","Stage 1 Race (D) - Tour of Watopia 2020",60.69,67.9,"",,67.9,28.61,44.86,-13.67,"Optimal","MaxHr 160bpm. RestHr 60bpm. Cycling Ftp 175w. Weight 70kg."
"2020-04-01","VirtualRide; VirtualRide; VirtualRide","Stage 5 Race (D) - Tour of Watopia 2020; Watopia; Stage 2 Race (D) - Tour of Watopia 2020",126.2,143.72,"",,143.72,31.32,58.02,-16.26,"Optimal","MaxHr 160bpm. RestHr 60bpm. Cycling Ftp 175w. Weight 70kg."
"2020-04-02","VirtualRide; VirtualRide","London; Stage 3 Race (D) - Tour of Watopia 2020",57.08,68.38,"",,68.38,32.19,59.4,-26.71,"Optimal","MaxHr 160bpm. RestHr 60bpm. Cycling Ftp 175w. Weight 70kg."
"2020-04-03","VirtualRide","Watopia","",44.46,"",,44.46,32.48,57.41,-27.22,"Optimal","Cycling Ftp 175w. Weight 70kg."
"2020-04-04","","","","","",,"",31.71,49.77,-24.94,"Optimal",""
"2020-04-05","VirtualRide","3R Innsbruckring Sprint Race - 1 Lap (8.8km/5.5mi 77m) (D)","",59.96,"",,59.96,32.38,51.13,-18.06,"Optimal","Cycling Ftp 175w. Weight 70kg."
"2020-04-06","","","","","",,"",31.62,44.32,-18.75,"Optimal",""
"2020-04-07","","","","","",,"",30.87,38.42,-12.71,"Optimal",""
"2020-04-08","VirtualRide","ZHR Hare & Hounds Race (D)","",114.81,"",,114.81,32.85,48.59,-7.55,"Neutral","Cycling Ftp 175w. Weight 70kg."
"2020-04-09","","","","","",,"",32.07,42.12,-15.75,"Optimal",""
"2020-04-10","Ride","Lakesshore - Cyclemeter",26.99,78.18,"",,26.99,31.95,40.11,-10.05,"Optimal","MaxHr 160bpm. RestHr 60bpm. Cycling Ftp 175w. Weight 70kg."
"2020-04-11","","","","","",,"",31.2,34.77,-8.16,"Neutral",""
"2020-04-12","VirtualRide","Ken's Pain Chapter 5",77.55,89.58,"",,89.58,32.58,42.06,-3.57,"Neutral","MaxHr 160bpm. RestHr 60bpm. Cycling Ftp 175w. Weight 70kg."
"2020-04-13","","","","","",,"",31.81,36.46,-9.49,"Neutral",""
"2020-04-14","VirtualRide","3R Tempus Fugit Flat Race - 2 Laps (37.1km/23.1mi 40m) (D)",106.74,116.66,"",,116.66,33.81,47.14,-4.66,"Neutral","MaxHr 160bpm. RestHr 60bpm. Cycling Ftp 175w. Weight 70kg."
"2020-04-15","VirtualRide; VirtualRide","Watopia; Swedish Zwift Racing Cup by SZR (D) DNF",59.15,78.46,"",,78.46,34.86,51.31,-13.34,"Optimal","MaxHr 160bpm. RestHr 60bpm. Cycling Ftp 175w. Weight 70kg."
"2020-04-16","","","","","",,"",34.04,44.48,-16.46,"Optimal",""
"2020-04-17","VirtualRide","ZZRC SUB 2.0 Ride (D)",78.53,86.89,"",,86.89,35.28,50.12,-10.45,"Optimal","MaxHr 160bpm. RestHr 60bpm. Cycling Ftp 175w. Weight 70kg."
"2020-04-18","VirtualRide","Ken's Pain Chapter 5",68.45,94.32,"",,94.32,36.67,56.01,-14.85,"Optimal","MaxHr 160bpm. RestHr 60bpm. Cycling Ftp 175w. Weight 70kg."
"2020-04-19","","","","","",,"",35.81,48.55,-19.34,"Optimal",""
"2020-04-20","VirtualRide","Ramp Test",33.68,53.66,"",,53.66,36.23,49.23,-12.75,"Optimal","MaxHr 160bpm. RestHr 60bpm. Cycling Ftp 175w. Weight 70kg."
"2020-04-21","","","","","",,"",35.37,42.68,-13.01,"Optimal",""
"2020-04-22","VirtualRide; VirtualRide","Watopia; 3R Gotham Grind Flat Race - 3 Laps (27.8km/17.4mi 87m) (D)",98.14,92.52,"",,92.52,36.72,49.31,-7.31,"Neutral","MaxHr 160bpm. RestHr 60bpm. Cycling Ftp 175w. Weight 70kg."
"2020-04-23","","","","","",,"",35.85,42.75,-12.6,"Optimal",""
"2020-04-24","VirtualRide","Watopia",84.35,105.8,"",,105.8,37.5,51.14,-6.9,"Neutral","MaxHr 160bpm. RestHr 60bpm. Cycling Ftp 175w. Weight 70kg."
"2020-04-25","","","","","",,"",36.62,44.33,-13.64,"Optimal",""
"2020-04-26","VirtualRide","London",5.3,8.98,"",,8.98,35.97,39.63,-7.72,"Neutral","MaxHr 160bpm. RestHr 60bpm. Cycling Ftp 175w. Weight 70kg."
"2020-04-27","Ride","Riverside - Cyclemeter",8.7,101.32,"",,8.7,35.33,35.51,-3.66,"Neutral","MaxHr 160bpm. RestHr 60bpm. Cycling Ftp 175w. Weight 70kg."
"2020-04-28","","","","","",,"",34.49,30.78,-0.19,"Neutral",""
"2020-04-29","","","","","",,"",33.68,26.68,3.71,"Neutral",""
"2020-04-30","","","","","",,"",32.89,23.13,6.99,"Freshness",""
"2020-05-01","","","","","",,"",32.12,20.05,9.76,"Freshness",""
"2020-05-02","VirtualRide","RGT Cycling - Paterberg","",16.6,"",,16.6,31.75,19.59,12.06,"Freshness","Cycling Ftp 175w. Weight 70kg."
"2020-05-03","VirtualRide","London",27.03,66.46,"",,66.46,32.57,25.83,12.16,"Freshness","MaxHr 160bpm. RestHr 60bpm. Cycling Ftp 175w. Weight 70kg."
"2020-05-04","VirtualRide","London",56.5,76.23,"",,76.23,33.6,32.54,6.73,"Freshness","MaxHr 160bpm. RestHr 60bpm. Cycling Ftp 175w. Weight 70kg."
"2020-05-05","","","","","",,"",32.8,28.21,1.05,"Neutral",""
"2020-05-06","","","","","",,"",32.03,24.45,4.59,"Neutral",""
"2020-05-07","","","","","",,"",31.28,21.2,7.58,"Freshness",""
"2020-05-08","","","","","",,"",30.54,18.37,10.08,"Freshness",""
"2020-05-09","","","","","",,"",29.82,15.93,12.16,"Freshness",""
"2020-05-10","","","","","",,"",29.12,13.81,13.89,"Freshness",""
"2020-05-11","","","","","",,"",28.44,11.97,15.31,"Freshness",""
"2020-05-12","VirtualRide","Afternoon Activity",121.16,138.64,"",,138.64,31.03,28.83,16.46,"Freshness","MaxHr 160bpm. RestHr 60bpm. Cycling Ftp 175w. Weight 70kg."
"2020-05-13","VirtualRide","Watopia",35.42,60.37,"",,60.37,31.72,33.03,2.19,"Neutral","MaxHr 160bpm. RestHr 60bpm. Cycling Ftp 175w. Weight 70kg."
"2020-05-14","","","","","",,"",30.97,28.63,-1.31,"Neutral",""
"2020-05-15","VirtualRide; VirtualRide","Watopia; Tour for All 2020: Stage 3 Shorter Race C/D",131.85,121.01,"",,121.01,33.09,40.93,2.34,"Neutral","MaxHr 160bpm. RestHr 60bpm. Cycling Ftp 175w. Weight 70kg."
"2020-05-16","","","","","",,"",32.31,35.48,-7.84,"Neutral",""
"2020-05-17","VirtualRide","Free Workout",34,61.4,"",,61.4,33,38.93,-3.17,"Neutral","MaxHr 160bpm. RestHr 60bpm. Cycling Ftp 175w. Weight 70kg."
"2020-05-18","","","","","",,"",32.22,33.75,-5.94,"Neutral",""
"2020-05-19","","","","","",,"",31.46,29.25,-1.53,"Neutral",""
"2020-05-20","","","","","",,"",30.72,25.36,2.2,"Neutral",""
"2020-05-21","","","","","",,"",30,21.98,5.36,"Freshness",""
"2020-05-22","","","","","",,"",29.29,19.06,8.01,"Freshness",""
"2020-05-23","","","","","",,"",28.6,16.52,10.23,"Freshness",""
"2020-05-24","","","","","",,"",27.93,14.32,12.08,"Freshness",""
"2020-05-25","","","","","",,"",27.27,12.41,13.61,"Freshness",""
"2020-05-26","VirtualRide","Watopia",30.53,73.96,"",,73.96,28.37,20.61,14.86,"Freshness","MaxHr 160bpm. RestHr 60bpm. Cycling Ftp 175w. Weight 70kg."
"2020-05-27","","","","","",,"",27.7,17.86,7.76,"Freshness",""
"2020-05-28","","","","","",,"",27.05,15.48,9.84,"Freshness",""
"2020-05-29","VirtualRide","Watopia",47.26,58.47,"",,58.47,27.79,21.21,11.56,"Freshness","MaxHr 160bpm. RestHr 60bpm. Cycling Ftp 175w. Weight 70kg."
"2020-05-30","","","","","",,"",27.14,18.38,6.58,"Freshness",""
"2020-05-31","","","","","",,"",26.5,15.93,8.75,"Freshness",""
"2020-06-01","VirtualRide","Watopia",52.74,69.96,"",,69.96,27.52,23.13,10.56,"Freshness","MaxHr 160bpm. RestHr 60bpm. Cycling Ftp 175w. Weight 70kg."
"2020-06-02","","","","","",,"",26.87,20.05,4.39,"Neutral",""
"2020-06-03","","","","","",,"",26.24,17.38,6.82,"Freshness",""
"2020-06-04","","","","","",,"",25.62,15.06,8.86,"Freshness",""
"2020-06-05","","","","","",,"",25.02,13.06,10.56,"Freshness",""
"2020-06-06","","","","","",,"",24.43,11.32,11.96,"Freshness",""
"2020-06-07","","","","","",,"",23.86,9.81,13.11,"Freshness",""
"2020-06-08","VirtualRide","Watopia",31.87,66.5,"",,66.5,24.86,17.36,14.04,"Freshness","MaxHr 160bpm. RestHr 60bpm. Cycling Ftp 175w. Weight 70kg."
"2020-06-09","","","","","",,"",24.28,15.05,7.5,"Freshness",""
"2020-06-10","VirtualRide","Watopia",58.72,61.69,"",,61.69,25.16,21.26,9.22,"Freshness","MaxHr 160bpm. RestHr 60bpm. Cycling Ftp 175w. Weight 70kg."
"2020-06-11","","","","","",,"",24.56,18.43,3.89,"Neutral",""
"2020-06-12","VirtualRide; VirtualRide","Yorkshire; Crit City Race (D)",58.35,66.08,"",,66.08,25.54,24.77,6.13,"Freshness","MaxHr 160bpm. RestHr 60bpm. Cycling Ftp 175w. Weight 70kg."
"2020-06-13","","","","","",,"",24.94,21.47,0.77,"Neutral",""
"2020-06-14","VirtualRide","Watopia",66.83,62.75,"",,62.75,25.83,26.97,3.46,"Neutral","MaxHr 160bpm. RestHr 60bpm. Cycling Ftp 175w. Weight 70kg."
"2020-06-15","","","","","",,"",25.22,23.38,-1.14,"Neutral",""
"2020-06-16","","","","","",,"",24.63,20.26,1.84,"Neutral",""
"2020-06-17","VirtualRide","Watopia",67.74,61.02,"",,61.02,25.48,25.69,4.36,"Neutral","MaxHr 160bpm. RestHr 60bpm. Cycling Ftp 175w. Weight 70kg."
"2020-06-18","","","","","",,"",24.88,22.27,-0.21,"Neutral",""
"2020-06-19","VirtualRide","Ramp Test",54.48,74.36,"",,74.36,26.05,29.2,2.61,"Neutral","MaxHr 160bpm. RestHr 60bpm. Cycling Ftp 175w. Weight 70kg."
"2020-06-20","","","","","",,"",25.44,25.32,-3.16,"Neutral",""
"2020-06-21","","","","","",,"",24.84,21.94,0.12,"Neutral",""
"2020-06-22","","","","","",,"",24.25,19.02,2.89,"Neutral",""
"2020-06-23","VirtualRide","Watopia",51.83,67.59,"",,67.59,25.27,25.49,5.23,"Freshness","MaxHr 160bpm. RestHr 60bpm. Cycling Ftp 175w. Weight 70kg."
"2020-06-24","","","","","",,"",24.68,22.09,-0.22,"Neutral",""
"2020-06-25","","","","","",,"",24.1,19.15,2.58,"Neutral",""
"2020-06-26","VirtualRide","London",69.92,99.21,"",,99.21,25.86,29.81,4.94,"Neutral","MaxHr 160bpm. RestHr 60bpm. Cycling Ftp 175w. Weight 70kg."
"2020-06-27","","","","","",,"",25.26,25.84,-3.95,"Neutral",""
"2020-06-28","VirtualRide","Watopia",53.94,65.32,"",,65.32,26.2,31.1,-0.59,"Neutral","MaxHr 160bpm. RestHr 60bpm. Cycling Ftp 175w. Weight 70kg."
"2020-06-29","","","","","",,"",25.58,26.96,-4.9,"Neutral",""
"2020-06-30","","","","","",,"",24.98,23.37,-1.38,"Neutral",""
"2020-07-01","","","","","",,"",24.39,20.26,1.61,"Neutral",""
"2020-07-02","","","","","",,"",23.82,17.56,4.13,"Neutral",""
"2020-07-03","","","","","",,"",23.26,15.22,6.25,"Freshness",""
"2020-07-04","","","","","",,"",22.71,13.19,8.03,"Freshness",""
"2020-07-05","","","","","",,"",22.18,11.44,9.51,"Freshness",""
"2020-07-06","","","","","",,"",21.65,9.91,10.73,"Freshness",""
"2020-07-07","VirtualRide","Watopia",51.63,68,"",,68,22.74,17.65,11.74,"Freshness","MaxHr 160bpm. RestHr 60bpm. Cycling Ftp 175w. Weight 70kg."
"2020-07-08","","","","","",,"",22.21,15.3,5.09,"Freshness",""
"2020-07-09","","","","","",,"",21.69,13.26,6.91,"Freshness",""
"2020-07-10","","","","","",,"",21.18,11.49,8.42,"Freshness",""
"2020-07-11","","","","","",,"",20.68,9.96,9.68,"Freshness",""
"2020-07-12","","","","","",,"",20.19,8.64,10.71,"Freshness",""
"2020-07-13","","","","","",,"",19.72,7.49,11.55,"Freshness",""
"2020-07-14","","","","","",,"",19.25,6.49,12.22,"Freshness",""
"2020-07-15","","","","","",,"",18.8,5.62,12.76,"Freshness",""
"2020-07-16","","","","","",,"",18.36,4.87,13.17,"Freshness",""
"2020-07-17","","","","","",,"",17.92,4.23,13.48,"Freshness",""
"2020-07-18","","","","","",,"",17.5,3.66,13.69,"Freshness",""
"2020-07-19","","","","","",,"",17.09,3.17,13.84,"Freshness",""
"2020-07-20","","","","","",,"",16.69,2.75,13.91,"Freshness",""
"2020-07-21","","","","","",,"",16.3,2.38,13.93,"Freshness",""
"2020-07-22","","","","","",,"",15.91,2.07,13.91,"Freshness",""
"2020-07-23","","","","","",,"",15.54,1.79,13.84,"Freshness",""
"2020-07-24","","","","","",,"",15.17,1.55,13.74,"Freshness",""
"2020-07-25","","","","","",,"",14.81,1.34,13.62,"Freshness",""
"2020-07-26","","","","","",,"",14.47,1.16,13.47,"Freshness",""
"2020-07-27","","","","","",,"",14.13,1.01,13.3,"Freshness",""
"2020-07-28","","","","","",,"",13.79,0.87,13.11,"Freshness",""
"2020-07-29","","","","","",,"",13.47,0.76,12.91,"Freshness",""
"2020-07-30","","","","","",,"",13.15,0.66,12.71,"Freshness",""
"2020-07-31","","","","","",,"",12.84,0.57,12.49,"Freshness",""
"2020-08-01","","","","","",,"",12.54,0.49,12.27,"Freshness",""
"2020-08-02","","","","","",,"",12.24,0.43,12.04,"Freshness",""
"2020-08-03","","","","","",,"",11.96,0.37,11.81,"Freshness",""
"2020-08-04","","","","","",,"",11.67,0.32,11.58,"Freshness",""
"2020-08-05","","","","","",,"",11.4,0.28,11.35,"Freshness",""
"2020-08-06","","","","","",,"",11.13,0.24,11.12,"Freshness",""
"2020-08-07","","","","","",,"",10.87,0.21,10.89,"Freshness",""
"2020-08-08","","","","","",,"",10.61,0.18,10.66,"Freshness",""
"2020-08-09","","","","","",,"",10.36,0.15,10.43,"Freshness",""
"2020-08-10","","","","","",,"",10.12,0.13,10.21,"Freshness",""
"2020-08-11","","","","","",,"",9.88,0.11,9.98,"Freshness",""
"2020-08-12","","","","","",,"",9.65,0.1,9.76,"Freshness",""
"2020-08-13","","","","","",,"",9.42,0.08,9.55,"Freshness",""
"2020-08-14","","","","","",,"",9.2,0.07,9.33,"Freshness",""
"2020-08-15","","","","","",,"",8.98,0.06,9.12,"Freshness",""
"2020-08-16","","","","","",,"",8.77,0.05,8.92,"Freshness",""
"2020-08-17","","","","","",,"",8.57,0.05,8.71,"Freshness",""
"2020-08-18","","","","","",,"",8.36,0.04,8.52,"Freshness",""
"2020-08-19","","","","","",,"",8.17,0.03,8.32,"Freshness",""
"2020-08-20","","","","","",,"",7.97,0.03,8.13,"Freshness",""
"2020-08-21","","","","","",,"",7.79,0.02,7.94,"Freshness",""
"2020-08-22","","","","","",,"",7.6,0.02,7.76,"Freshness",""
"2020-08-23","","","","","",,"",7.42,0.02,7.58,"Freshness",""
"2020-08-24","","","","","",,"",7.25,0.01,7.4,"Freshness",""
"2020-08-25","","","","","",,"",7.08,0.01,7.23,"Freshness",""
"2020-08-26","","","","","",,"",6.91,0.01,7.06,"Freshness",""
"2020-08-27","","","","","",,"",6.75,0.01,6.9,"Freshness",""
"2020-08-28","","","","","",,"",6.59,0.01,6.74,"Freshness",""
"2020-08-29","","","","","",,"",6.44,0,6.58,"Freshness",""
"2020-08-30","","","","","",,"",6.28,0,6.43,"Freshness",""
"2020-08-31","","","","","",,"",6.14,0,6.28,"Freshness",""
"2020-09-01","","","","","",,"",5.99,0,6.13,"Freshness",""
"2020-09-02","","","","","",,"",5.85,0,5.99,"Freshness",""
"2020-09-03","","","","","",,"",5.71,0,5.85,"Freshness",""
"2020-09-04","","","","","",,"",5.58,0,5.71,"Freshness",""
"2020-09-05","","","","","",,"",5.45,0,5.57,"Freshness",""
"2020-09-06","","","","","",,"",5.32,0,5.44,"Freshness",""
"2020-09-07","","","","","",,"",5.19,0,5.32,"Freshness",""
"2020-09-08","","","","","",,"",5.07,0,5.19,"Freshness",""
"2020-09-09","","","","","",,"",4.95,0,5.07,"Freshness",""
"2020-09-10","","","","","",,"",4.83,0,4.95,"Neutral",""
"2020-09-11","","","","","",,"",4.72,0,4.83,"Neutral",""
"2020-09-12","","","","","",,"",4.61,0,4.72,"Neutral",""
"2020-09-13","","","","","",,"",4.5,0,4.61,"Neutral",""
"2020-09-14","","","","","",,"",4.4,0,4.5,"Neutral",""
"2020-09-15","","","","","",,"",4.29,0,4.39,"Neutral",""
"2020-09-16","","","","","",,"",4.19,0,4.29,"Neutral",""
"2020-09-17","","","","","",,"",4.09,0,4.19,"Neutral",""
"2020-09-18","","","","","",,"",4,0,4.09,"Neutral",""
"2020-09-19","","","","","",,"",3.9,0,4,"Neutral",""
"2020-09-20","","","","","",,"",3.81,0,3.9,"Neutral",""
"2020-09-21","","","","","",,"",3.72,0,3.81,"Neutral",""
"2020-09-22","","","","","",,"",3.63,0,3.72,"Neutral",""
"2020-09-23","","","","","",,"",3.55,0,3.63,"Neutral",""
"2020-09-24","VirtualRide","Watopia",25.42,18.14,"",,18.14,3.89,2.41,3.55,"Neutral","MaxHr 160bpm. RestHr 60bpm. Cycling Ftp 175w. Weight 70kg."
"2020-09-25","","","","","",,"",3.8,2.09,1.47,"Neutral",""
"2020-09-26","","","","","",,"",3.71,1.81,1.7,"Neutral",""
"2020-09-27","VirtualRide","Watopia",79.39,47.06,"",,47.06,4.73,7.83,1.89,"Neutral","MaxHr 160bpm. RestHr 60bpm. Cycling Ftp 175w. Weight 70kg."
"2020-09-28","","","","","",,"",4.62,6.79,-3.11,"Neutral",""
"2020-09-29","VirtualRide","Watopia",72.8,49.14,"",,49.14,5.66,12.43,-2.18,"Neutral","MaxHr 160bpm. RestHr 60bpm. Cycling Ftp 175w. Weight 70kg."
"2020-09-30","","","","","",,"",5.53,10.77,-6.77,"Neutral",""
"2020-10-01","VirtualRide; VirtualRide","London; FTP Test (shorter)",66.31,55.49,"",,55.49,6.71,16.73,-5.25,"Neutral","MaxHr 160bpm. RestHr 60bpm. Cycling Ftp 175w. Weight 70kg."
"2020-10-02","","","","","",,"",6.55,14.5,-10.02,"Optimal",""
"2020-10-03","","","","","",,"",6.39,12.57,-7.95,"Neutral",""
"2020-10-04","","","","","",,"",6.24,10.89,-6.18,"Neutral",""
"2020-10-05","VirtualRide","Ramp Test Lite",49.75,40.34,"",,40.34,7.05,14.81,-4.66,"Neutral","MaxHr 160bpm. RestHr 60bpm. Cycling Ftp 175w. Weight 70kg."
"2020-10-06","","","","","",,"",6.88,12.84,-7.77,"Neutral",""
"2020-10-07","","","","","",,"",6.72,11.13,-5.97,"Neutral",""
"2020-10-08","VirtualRide; VirtualRide","Watopia; Ramp Test Lite",53.84,35.09,"",,35.09,7.39,14.32,-4.42,"Neutral","MaxHr 160bpm. RestHr 60bpm. Cycling Ftp 175w. Weight 70kg."
"2020-10-09","VirtualRide","TeamZF Zinger Social (D)",91.44,55.37,"",,55.37,8.52,19.79,-6.94,"Neutral","MaxHr 160bpm. RestHr 60bpm. Cycling Ftp 175w. Weight 70kg."
"2020-10-10","VirtualRide; VirtualRide","Richmond; 3R Innsbruckring Flat Race - 2 Laps (17.6km/10.9m 154m) (D)",87.57,59.56,"",,59.56,9.72,25.08,-11.28,"Optimal","MaxHr 160bpm. RestHr 60bpm. Cycling Ftp 175w. Weight 70kg."
"2020-10-11","VirtualRide","Watopia",43.54,44.82,"",,44.82,10.54,27.71,-15.37,"Optimal","MaxHr 160bpm. RestHr 60bpm. Cycling Ftp 175w. Weight 70kg."
"2020-10-12","VirtualRide","Watopia",34.18,44.33,"",,44.33,11.34,29.92,-17.17,"Optimal","MaxHr 160bpm. RestHr 60bpm. Cycling Ftp 175w. Weight 70kg."
"2020-10-13","VirtualRide","UK Armed Forces Cycling Community Race Night (D)",79.17,72.55,"",,72.55,12.78,35.6,-18.59,"Optimal","MaxHr 160bpm. RestHr 60bpm. Cycling Ftp 175w. Weight 70kg."
"2020-10-14","","","","","",,"",12.48,30.86,-22.82,"Optimal",""
"2020-10-15","","","","","",,"",12.18,26.75,-18.38,"Optimal",""
"2020-10-16","VirtualRide","Watopia",30.67,53.74,"",,53.74,13.16,30.34,-14.57,"Optimal","MaxHr 160bpm. RestHr 60bpm. Cycling Ftp 175w. Weight 70kg."
"2020-10-17","VirtualRide; VirtualRide","Richmond; Crit City Race (D)",67.17,51.06,"",,51.06,14.05,33.1,-17.19,"Optimal","MaxHr 160bpm. RestHr 60bpm. Cycling Ftp 175w. Weight 70kg."
"2020-10-18","VirtualRide","Watopia",63.87,61.39,"",,61.39,15.17,36.87,-19.05,"Optimal","MaxHr 160bpm. RestHr 60bpm. Cycling Ftp 175w. Weight 70kg."
"2020-10-19","VirtualRide","Watopia",46.05,64.66,"",,64.66,16.33,40.57,-21.7,"Optimal","MaxHr 160bpm. RestHr 60bpm. Cycling Ftp 175w. Weight 70kg."
"2020-10-20","","","","","",,"",15.95,35.16,-24.24,"Optimal",""
"2020-10-21","","","","","",,"",15.57,30.48,-19.22,"Optimal",""
"2020-10-22","","","","","",,"",15.2,26.42,-14.92,"Optimal",""
"2020-10-23","VirtualRide","Ramp Test Lite",44.21,52.39,"",,52.39,16.08,29.88,-11.22,"Optimal","MaxHr 160bpm. RestHr 60bpm. Cycling Ftp 175w. Weight 70kg."
"2020-10-24","","","","","",,"",15.7,25.9,-13.81,"Optimal",""
"2020-10-25","VirtualRide; VirtualRide","Watopia; ZHR Hare & Hounds Race (D)",148.4,101.55,"",,101.55,17.72,35.97,-10.21,"Optimal","MaxHr 160bpm. RestHr 60bpm. Cycling Ftp 175w. Weight 70kg."
"2020-10-26","VirtualRide","Watopia",34.87,70.85,"",,70.85,18.97,40.61,-18.26,"Optimal","MaxHr 160bpm. RestHr 60bpm. Cycling Ftp 175w. Weight 70kg."
"2020-10-27","","","","","",,"",18.52,35.21,-21.65,"Optimal",""
"2020-10-28","VirtualRide","FTP Test (shorter)",53.18,59.89,"",,59.89,19.5,38.49,-16.69,"Optimal","MaxHr 160bpm. RestHr 60bpm. Cycling Ftp 175w. Weight 70kg."
"2020-10-29","","","","","",,"",19.04,33.37,-19,"Optimal",""
"2020-10-30","VirtualRide","Ken's Pain Chapter 5",69.53,75.36,"",,75.36,20.36,38.96,-14.33,"Optimal","MaxHr 160bpm. RestHr 60bpm. Cycling Ftp 175w. Weight 70kg."
"2020-10-31","","","","","",,"",19.88,33.77,-18.6,"Optimal",""
"2020-11-01","VirtualRide","Watopia",34.06,38.01,"",,38.01,20.31,34.34,-13.89,"Optimal","MaxHr 160bpm. RestHr 60bpm. Cycling Ftp 175w. Weight 70kg."
"2020-11-02","VirtualRide","SZR Evening Joyride (D)",72.74,75.98,"",,75.98,21.62,39.88,-14.03,"Optimal","MaxHr 160bpm. RestHr 60bpm. Cycling Ftp 175w. Weight 70kg."
"2020-11-03","","","","","",,"",21.11,34.57,-18.26,"Optimal",""
"2020-11-04","VirtualRide","Watopia",54.62,57.68,"",,57.68,21.97,37.65,-13.46,"Optimal","MaxHr 160bpm. RestHr 60bpm. Cycling Ftp 175w. Weight 70kg."
"2020-11-05","VirtualRide","Watopia",30.79,42.94,"",,42.94,22.47,38.35,-15.68,"Optimal","MaxHr 160bpm. RestHr 60bpm. Cycling Ftp 175w. Weight 70kg."
"2020-11-06","","","","","",,"",21.94,33.24,-15.89,"Optimal",""
"2020-11-07","","","","","",,"",21.42,28.82,-11.31,"Optimal",""
"2020-11-08","VirtualRide","Zwift Fondo Series 2020/21: Bambino Fondo",183.04,131.26,"",,131.26,24,42.45,-7.4,"Neutral","MaxHr 160bpm. RestHr 60bpm. Cycling Ftp 175w. Weight 70kg."
"2020-11-09","","","","","",,"",23.44,36.8,-18.45,"Optimal",""
"2020-11-10","VirtualRide","GoodDirt Tuesday Training Ride (D)",110.14,85.95,"",,85.95,24.91,43.35,-13.37,"Optimal","MaxHr 160bpm. RestHr 60bpm. Cycling Ftp 175w. Weight 70kg."
"2020-11-11","VirtualRide","Vikings Valhalla Recovery Rde (D)",61.08,79.65,"",,79.65,26.2,48.18,-18.44,"Optimal","MaxHr 160bpm. RestHr 60bpm. Cycling Ftp 175w. Weight 70kg."
"2020-11-12","VirtualRide; VirtualRide","Watopia; FTP fail!",30.91,47.65,"",,47.65,26.7,48.11,-21.98,"Optimal","MaxHr 160bpm. RestHr 60bpm. Cycling Ftp 175w. Weight 70kg."
"2020-11-13","","","","","",,"",26.07,41.7,-21.41,"Optimal",""
"2020-11-14","","","","","",,"",25.46,36.15,-15.63,"Optimal",""
"2020-11-15","VirtualRide; VirtualRide","Watopia; Open: 2020 El Giro de Rigo - Flat tire :(",45.78,62.63,"",,62.63,26.34,39.67,-10.69,"Optimal","MaxHr 160bpm. RestHr 60bpm. Cycling Ftp 175w. Weight 70kg."
"2020-11-16","VirtualRide; VirtualRide","Watopia; 3R Watopia Flat Route Race - 3 Laps (30.8km/19.1mi 162m) (D)",99.93,110.83,"",,110.83,28.32,49.15,-13.34,"Optimal","MaxHr 160bpm. RestHr 60bpm. Cycling Ftp 175w. Weight 70kg."
"2020-11-17","VirtualRide","Feel the burn 6 175% intervals",37.78,70.35,"",,70.35,29.31,51.97,-20.83,"Optimal","MaxHr 160bpm. RestHr 60bpm. Cycling Ftp 175w. Weight 70kg."
"2020-11-18","VirtualRide","MIDWEEK Autumn Series by SZR (D)",108.36,111.47,"",,111.47,31.25,59.89,-22.66,"Optimal","MaxHr 160bpm. RestHr 60bpm. Cycling Ftp 175w. Weight 70kg."
"2020-11-19","","","","","",,"",30.51,51.92,-28.65,"Optimal",""
"2020-11-20","VirtualRide","Watopia",38.58,58.73,"",,58.73,31.17,52.83,-21.41,"Optimal","MaxHr 160bpm. RestHr 60bpm. Cycling Ftp 175w. Weight 70kg."
"2020-11-21","","","","","",,"",30.44,45.79,-21.66,"Optimal",""
"2020-11-22","VirtualRide","Ramp Test Lite",13.03,35.09,"",,35.09,30.55,44.37,-15.36,"Optimal","MaxHr 160bpm. RestHr 60bpm. Cycling Ftp 175w. Weight 70kg."
"2020-11-23","VirtualRide; VirtualRide","Watopia; GGCC Glasgow Green Cycle Club Race Series (D)",92.75,146.48,"",,146.48,33.28,57.96,-13.82,"Optimal","MaxHr 160bpm. RestHr 60bpm. Cycling Ftp 175w. Weight 70kg."
"2020-11-24","VirtualRide; VirtualRide","France; Zwift Time Trial Tuesday: Bologna (E)",56.87,67.2,"",,67.2,34.08,59.19,-24.69,"Optimal","MaxHr 160bpm. RestHr 60bpm. Cycling Ftp 175w. Weight 70kg."
"2020-11-25","VirtualRide","Watopia",61.21,65.35,"",,65.35,34.81,60.01,-25.12,"Optimal","MaxHr 160bpm. RestHr 60bpm. Cycling Ftp 175w. Weight 70kg."
"2020-11-26","","","","","",,"",33.99,52.02,-25.2,"Optimal",""
"2020-11-27","VirtualRide","ZRG-CyclingClub Social Ride (D)",38.58,114.23,"",,114.23,35.88,60.3,-18.03,"Optimal","MaxHr 160bpm. RestHr 60bpm. Cycling Ftp 175w. Weight 70kg."
"2020-11-28","VirtualRide","ZSUN Satuday Social Ride (D)",59.09,82.44,"",,82.44,36.98,63.25,-24.43,"Optimal","MaxHr 160bpm. RestHr 60bpm. Cycling Ftp 175w. Weight 70kg."
"2020-11-29","VirtualRide","Watopia",15.95,29.71,"",,29.71,36.8,58.78,-26.28,"Optimal","MaxHr 160bpm. RestHr 60bpm. Cycling Ftp 175w. Weight 70kg."
"2020-11-30","VirtualRide; VirtualRide","Feel the burn 6 175% intervals; Watopia",71.79,96.93,"",,96.93,38.22,63.86,-21.98,"Optimal","MaxHr 160bpm. RestHr 60bpm. Cycling Ftp 175w. Weight 70kg."
"2020-12-01","","","","","",,"",37.32,55.36,-25.65,"Optimal",""
"2020-12-02","","","","","",,"",36.44,47.99,-18.04,"Optimal",""
"2020-12-03","","","","","",,"",35.58,41.6,-11.55,"Optimal",""
"2020-12-04","","","","","",,"",34.75,36.06,-6.02,"Neutral",""
"2020-12-05","","","","","",,"",33.93,31.26,-1.32,"Neutral",""
"2020-12-06","VirtualRide","Watopia",26.93,56.72,"",,56.72,34.47,34.65,2.66,"Neutral","MaxHr 160bpm. RestHr 60bpm. Cycling Ftp 175w. Weight 70kg."
"2020-12-07","VirtualRide","Team TFC Mad Monday Races (D)",93.04,127.82,"",,127.82,36.66,47.05,-0.19,"Neutral","MaxHr 160bpm. RestHr 60bpm. Cycling Ftp 175w. Weight 70kg."
"2020-12-08","VirtualRide","Feel the burn 6 175% intervals",49.69,90.59,"",,90.59,37.93,52.85,-10.4,"Optimal","MaxHr 160bpm. RestHr 60bpm. Cycling Ftp 175w. Weight 70kg."
"2020-12-09","","","","","",,"",37.04,45.81,-14.92,"Optimal",""
"2020-12-10","VirtualRide","Watopia",28.56,55.51,"",,55.51,37.47,47.1,-8.78,"Neutral","MaxHr 160bpm. RestHr 60bpm. Cycling Ftp 175w. Weight 70kg."
"2020-12-11","","","","","",,"",36.59,40.83,-9.64,"Neutral",""
"2020-12-12","VirtualRide","Watopia",14.29,22.59,"",,22.59,36.26,38.4,-4.25,"Neutral","MaxHr 160bpm. RestHr 60bpm. Cycling Ftp 175w. Weight 70kg."
"2020-12-13","VirtualRide","Zwift Fondo Series 2020/21 (A)",311.13,262.98,"",,262.98,41.6,68.3,-2.15,"Neutral","MaxHr 160bpm. RestHr 60bpm. Cycling Ftp 175w. Weight 70kg."
"2020-12-14","VirtualRide","Watopia",47.17,78.5,"",,78.5,42.46,69.66,-26.71,"Optimal","MaxHr 160bpm. RestHr 60bpm. Cycling Ftp 175w. Weight 70kg."
"2020-12-15","","","","","",,"",41.46,60.38,-27.2,"Optimal",""
"2020-12-16","VirtualRide","3R Volcano Circuit Flat Race - 4 Laps (18.9km/11.7mi 80m) (D)",66.84,82.57,"",,82.57,42.43,63.34,-18.92,"Optimal","MaxHr 160bpm. RestHr 60bpm. Cycling Ftp 175w. Weight 70kg."
"2020-12-17","","","","","",,"",41.43,54.9,-20.91,"Optimal",""
"2020-12-18","","","","","",,"",40.46,47.59,-13.48,"Optimal",""
"2020-12-19","","","","","",,"",39.51,41.26,-7.14,"Neutral",""
"2020-12-20","VirtualRide","Watopia",39.92,60.46,"",,60.46,40,43.81,-1.76,"Neutral","MaxHr 160bpm. RestHr 60bpm. Cycling Ftp 175w. Weight 70kg."
"2020-12-21","VirtualRide; VirtualRide","Richmond; 3R London Loop Hilly Race - 2 Laps (29km/18mi 440m) (D)",113.43,120.01,"",,120.01,41.88,53.96,-3.82,"Neutral","MaxHr 160bpm. RestHr 60bpm. Cycling Ftp 175w. Weight 70kg."
"2020-12-22","VirtualRide","The HERD Tuesday Social (D)",54.46,86.57,"",,86.57,42.93,58.3,-12.08,"Optimal","MaxHr 160bpm. RestHr 60bpm. Cycling Ftp 175w. Weight 70kg."
"2020-12-23","","","","","",,"",41.92,50.54,-15.37,"Optimal",""
"2020-12-24","VirtualRide","Feel the burn 6 175% intervals",60.08,91.47,"",,91.47,43.09,55.99,-8.62,"Neutral","MaxHr 160bpm. RestHr 60bpm. Cycling Ftp 175w. Weight 70kg."
"2020-12-25","VirtualRide","Watopia",97.13,114.32,"",,114.32,44.76,63.75,-12.9,"Optimal","MaxHr 160bpm. RestHr 60bpm. Cycling Ftp 175w. Weight 70kg."
"2020-12-26","VirtualRide; VirtualRide","Watopia; ZHCC Sub 2.0 (D)",91.45,100.37,"",,100.37,46.07,68.63,-18.99,"Optimal","MaxHr 160bpm. RestHr 60bpm. Cycling Ftp 175w. Weight 70kg."
"2020-12-27","","","","","",,"",44.99,59.49,-22.56,"Optimal",""
"2020-12-28","VirtualRide","Watopia",37.05,59.24,"",,59.24,45.32,59.46,-14.51,"Optimal","MaxHr 160bpm. RestHr 60bpm. Cycling Ftp 175w. Weight 70kg."
"2020-12-29","","","","","",,"",44.26,51.54,-14.14,"Optimal",""
"2020-12-30","VirtualRide; VirtualRide","Watopia; Danmarks Cykle Union – December Fun  (D)",100.68,96.15,"",,96.15,45.48,57.48,-7.29,"Neutral","MaxHr 160bpm. RestHr 60bpm. Cycling Ftp 175w. Weight 70kg."
"2020-12-31","","","","","",,"",44.41,49.83,-12.01,"Optimal",""
"2021-01-01","","","","","",,"",43.36,43.19,-5.42,"Neutral",""
"2021-01-02","VirtualRide","FTP Test (shorter)",48.97,80.36,"",,80.36,44.23,48.14,0.17,"Neutral","MaxHr 160bpm. RestHr 60bpm. Cycling Ftp 175w. Weight 70kg."
"2021-01-03","","","","","",,"",43.19,41.73,-3.91,"Neutral",""
"2021-01-04","","","","","",,"",42.18,36.18,1.46,"Neutral",""
"2021-01-05","VirtualRide","Watopia - Alpe Du Zwift",168.5,160.83,"",,160.83,44.97,52.77,6,"Freshness","MaxHr 160bpm. RestHr 60bpm. Cycling Ftp 175w. Weight 70kg."
"2021-01-06","","","","","",,"",43.91,45.74,-7.81,"Neutral",""
"2021-01-07","","","","","",,"",42.88,39.65,-1.84,"Neutral",""
"2021-01-08","","","","","",,"",41.87,34.37,3.22,"Neutral",""
"2021-01-09","VirtualRide","Watopia",48.13,71.21,"",,71.21,42.56,39.28,7.49,"Freshness","MaxHr 160bpm. RestHr 60bpm. Cycling Ftp 175w. Weight 70kg."
"2021-01-10","VirtualRide","Watopia",46.25,68.73,"",,68.73,43.17,43.2,3.28,"Neutral","MaxHr 160bpm. RestHr 60bpm. Cycling Ftp 175w. Weight 70kg."
"2021-01-11","VirtualRide","6wk Beginner FTP Builder Week 6 Threshold Development",61.55,73.66,"",,73.66,43.89,47.25,-0.03,"Neutral","MaxHr 160bpm. RestHr 60bpm. Cycling Ftp 175w. Weight 70kg."
"2021-01-12","VirtualRide; VirtualRide","Watopia; WTRL Racing (D)",123.98,119.74,"",,119.74,45.68,56.9,-3.37,"Neutral","MaxHr 160bpm. RestHr 60bpm. Cycling Ftp 175w. Weight 70kg."
"2021-01-13","VirtualRide","Watopia",24.79,72.58,"",,72.58,46.31,58.99,-11.23,"Optimal","MaxHr 160bpm. RestHr 60bpm. Cycling Ftp 175w. Weight 70kg."
"2021-01-14","","","","","",,"",45.22,51.14,-12.69,"Optimal",""
"2021-01-15","","","","","",,"",44.16,44.33,-5.92,"Neutral",""
"2021-01-16","","","","","",,"",43.12,38.43,-0.18,"Neutral",""
"2021-01-17","VirtualRide","France",48.25,89.48,"",,89.48,44.21,45.22,4.68,"Neutral","MaxHr 160bpm. RestHr 60bpm. Cycling Ftp 175w. Weight 70kg."
"2021-01-18","","","","","",,"",43.17,39.2,-1.02,"Neutral",""
"2021-01-19","VirtualRide","WTRL Racing (D)",81.95,92.99,"",,92.99,44.34,46.36,3.96,"Neutral","MaxHr 160bpm. RestHr 60bpm. Cycling Ftp 175w. Weight 70kg."
"2021-01-20","VirtualRide","Watopia",48.57,82.31,"",,82.31,45.23,51.15,-2.03,"Neutral","MaxHr 160bpm. RestHr 60bpm. Cycling Ftp 175w. Weight 70kg."
"2021-01-21","","","","","",,"",44.17,44.34,-5.92,"Neutral",""
"2021-01-22","","","","","",,"",43.13,38.43,-0.17,"Neutral",""
"2021-01-23","VirtualRide; VirtualRide","Watopia; 3R Watopia Flat Route Race - 3 Laps (30.3km/18.8mi 162m) (D)",134.98,121.21,"",,121.21,44.97,49.45,4.69,"Neutral","MaxHr 160bpm. RestHr 60bpm. Cycling Ftp 175w. Weight 70kg."
"2021-01-24","VirtualRide","ZHCC SUB 2.0 (D)",46.91,49.58,"",,49.58,45.07,49.47,-4.49,"Neutral","MaxHr 160bpm. RestHr 60bpm. Cycling Ftp 175w. Weight 70kg."
"2021-01-25","","","","","",,"",44.01,42.88,-4.4,"Neutral",""
"2021-01-26","VirtualRide","Watopia",62.9,86.22,"",,86.22,45.01,48.65,1.12,"Neutral","MaxHr 160bpm. RestHr 60bpm. Cycling Ftp 175w. Weight 70kg."
"2021-01-27","","","","","",,"",43.95,42.17,-3.65,"Neutral",""
"2021-01-28","VirtualRide","Watopia",42.93,88.4,"",,88.4,44.99,48.33,1.77,"Neutral","MaxHr 160bpm. RestHr 60bpm. Cycling Ftp 175w. Weight 70kg."
"2021-01-29","","","","","",,"",43.93,41.89,-3.34,"Neutral",""
"2021-01-30","VirtualRide","Watopia",35.56,61.27,"",,61.27,44.34,44.47,2.04,"Neutral","MaxHr 160bpm. RestHr 60bpm. Cycling Ftp 175w. Weight 70kg."
"2021-01-31","","","","","",,"",43.3,38.55,-0.14,"Neutral",""
"2021-02-01","VirtualRide","GGCC Glasgow Green Cycle Club Race Series (D)",72.61,89.98,"",,89.98,44.4,45.4,4.74,"Neutral","MaxHr 160bpm. RestHr 60bpm. Cycling Ftp 175w. Weight 70kg."
"2021-02-02","","","","","",,"",43.35,39.35,-1.01,"Neutral",""
"2021-02-03","","","","","",,"",42.33,34.11,3.99,"Neutral",""
"2021-02-04","VirtualRide; VirtualRide","London; Renegade Race (D)",98.86,86.95,"",,86.95,43.38,41.15,8.21,"Freshness","MaxHr 160bpm. RestHr 60bpm. Cycling Ftp 175w. Weight 70kg."
"2021-02-05","VirtualRide; VirtualRide","Watopia; TDZ Stage 7: Standard Ride",95.93,120.09,"",,120.09,45.19,51.66,2.23,"Neutral","MaxHr 160bpm. RestHr 60bpm. Cycling Ftp 175w. Weight 70kg."
"2021-02-06","","","","","",,"",44.12,44.78,-6.47,"Neutral",""
"2021-02-07","","","","","",,"",43.09,38.82,-0.66,"Neutral",""
"2021-02-08","","","","","",,"",42.07,33.65,4.26,"Neutral",""
"2021-02-09","VirtualRide; VirtualRide","Watopia; Watopia",25.45,57.26,"",,57.26,42.43,36.79,8.42,"Freshness","MaxHr 160bpm. RestHr 60bpm. Cycling Ftp 175w. Weight 70kg."
"2021-02-10","VirtualRide","Watopia",53.73,72.67,"",,72.67,43.14,41.57,5.63,"Freshness","MaxHr 160bpm. RestHr 60bpm. Cycling Ftp 175w. Weight 70kg."
"2021-02-11","VirtualRide; VirtualRide; VirtualRide","RGT Cycling - Borrego Springs; RGT Cycling - Borrego Springs; RGT Cycling - Lakeshore",61.13,81.62,"",,81.62,44.05,46.9,1.57,"Neutral","MaxHr 160bpm. RestHr 60bpm. Cycling Ftp 175w. Weight 70kg."
"2021-02-12","","","","","",,"",43.01,40.66,-2.86,"Neutral",""
"2021-02-13","VirtualRide","Watopia",34.39,62.03,"",,62.03,43.46,43.5,2.35,"Neutral","MaxHr 160bpm. RestHr 60bpm. Cycling Ftp 175w. Weight 70kg."
"2021-02-14","VirtualRide","Watopia",55.35,76.45,"",,76.45,44.23,47.89,-0.05,"Neutral","MaxHr 160bpm. RestHr 60bpm. Cycling Ftp 175w. Weight 70kg."
"2021-02-15","VirtualRide","Watopia",54.9,90.11,"",,90.11,45.31,53.51,-3.66,"Neutral","MaxHr 160bpm. RestHr 60bpm. Cycling Ftp 175w. Weight 70kg."
"2021-02-16","VirtualRide","3R Classique Flat Race - 5 Laps (32.3km/20.1mi 95m) (D)",83.71,98.41,"",,98.41,46.56,59.48,-8.2,"Neutral","MaxHr 160bpm. RestHr 60bpm. Cycling Ftp 175w. Weight 70kg."
"2021-02-17","","","","","",,"",45.47,51.57,-12.93,"Optimal",""
"2021-02-18","","","","","",,"",44.4,44.7,-6.1,"Neutral",""
"2021-02-19","","","","","",,"",43.35,38.75,-0.31,"Neutral",""
"2021-02-20","VirtualRide; VirtualRide","Watopia; Lunch Activity",56.03,90.52,"",,90.52,44.46,45.64,4.6,"Neutral","MaxHr 160bpm. RestHr 60bpm. Cycling Ftp 175w. Weight 70kg."
"2021-02-21","VirtualRide","Watopia",22.11,52,"",,52,44.64,46.49,-1.19,"Neutral","MaxHr 160bpm. RestHr 60bpm. Cycling Ftp 175w. Weight 70kg."
"2021-02-22","VirtualRide; VirtualRide","Watopia; 3R Watopia Flat Route Race - 3 Laps (30.8km/19.1mi 162m) (D)",104.95,116.65,"",,116.65,46.33,55.83,-1.85,"Neutral","MaxHr 160bpm. RestHr 60bpm. Cycling Ftp 175w. Weight 70kg."
"2021-02-23","","","","","",,"",45.24,48.4,-9.5,"Neutral",""
"2021-02-24","","","","","",,"",44.18,41.95,-3.16,"Neutral",""
"2021-02-25","VirtualRide","Watopia",42.97,68.04,"",,68.04,44.74,45.43,2.22,"Neutral","MaxHr 160bpm. RestHr 60bpm. Cycling Ftp 175w. Weight 70kg."
"2021-02-26","","","","","",,"",43.69,39.38,-0.69,"Neutral",""
"2021-02-27","VirtualRide; VirtualRide","Watopia; 3R Watopia Flat Route Race - 3 Laps (30.3km/18.8mi 162m) (D)",92.15,113.04,"",,113.04,45.32,49.18,4.3,"Neutral","MaxHr 160bpm. RestHr 60bpm. Cycling Ftp 175w. Weight 70kg."
"2021-02-28","VirtualRide","Ken's Pain Chapter 5",31.63,49.65,"",,49.65,45.42,49.25,-3.87,"Neutral","MaxHr 160bpm. RestHr 60bpm. Cycling Ftp 175w. Weight 70kg."
"2021-03-01","VirtualRide","GGCC Glasgow Green Cycle Club Race Series (D)",55.42,89.47,"",,89.47,46.46,54.6,-3.83,"Neutral","MaxHr 160bpm. RestHr 60bpm. Cycling Ftp 175w. Weight 70kg."
"2021-03-02","","","","","",,"",45.36,47.33,-8.15,"Neutral",""
"2021-03-03","","","","","",,"",44.3,41.03,-1.97,"Neutral",""
"2021-03-04","VirtualRide","Watopia",47.71,73.55,"",,73.55,44.98,45.36,3.26,"Neutral","MaxHr 160bpm. RestHr 60bpm. Cycling Ftp 175w. Weight 70kg."
"2021-03-05","VirtualRide","Watopia",29.68,52.69,"",,52.69,45.17,46.33,-0.38,"Neutral","MaxHr 160bpm. RestHr 60bpm. Cycling Ftp 175w. Weight 70kg."
"2021-03-06","","","","","",,"",44.1,40.17,-1.17,"Neutral",""
"2021-03-07","VirtualRide; VirtualRide","Watopia; 3R Watopia Hilly Reverse Race - 4 Laps (36.7km/22.8mi 400m) (D)",121.88,133.43,"",,133.43,46.2,52.58,3.93,"Neutral","MaxHr 160bpm. RestHr 60bpm. Cycling Ftp 175w. Weight 70kg."
"2021-03-08","","","","","",,"",45.12,45.58,-6.38,"Neutral",""
"2021-03-09","VirtualRide","Watopia",49.18,64.91,"",,64.91,45.58,48.15,-0.47,"Neutral","MaxHr 160bpm. RestHr 60bpm. Cycling Ftp 175w. Weight 70kg."
"2021-03-10","VirtualRide","Zwift Riders Germany Gruppenfahrt (D)",100.8,98.02,"",,98.02,46.82,54.79,-2.58,"Neutral","MaxHr 160bpm. RestHr 60bpm. Cycling Ftp 175w. Weight 70kg."
"2021-03-11","","","","","",,"",45.72,47.5,-7.98,"Neutral",""
"2021-03-12","","","","","",,"",44.64,41.17,-1.79,"Neutral",""
"2021-03-13","","","","","",,"",43.59,35.69,3.46,"Neutral",""
"2021-03-14","VirtualRide","Watopia",9.71,27.4,"",,27.4,43.21,34.59,7.89,"Freshness","MaxHr 160bpm. RestHr 60bpm. Cycling Ftp 175w. Weight 70kg."
"2021-03-15","VirtualRide","Watopia",66.82,89.8,"",,89.8,44.3,41.94,8.62,"Freshness","MaxHr 160bpm. RestHr 60bpm. Cycling Ftp 175w. Weight 70kg."
"2021-03-16","","","","","",,"",43.26,36.35,2.36,"Neutral",""
"2021-03-17","VirtualRide","Watopia",102,107.77,"",,107.77,44.78,45.86,6.9,"Freshness","MaxHr 160bpm. RestHr 60bpm. Cycling Ftp 175w. Weight 70kg."
"2021-03-18","","","","","",,"",43.73,39.75,-1.09,"Neutral",""
"2021-03-19","VirtualRide; VirtualRide","Watopia; 3R LaGuardia Loop Flat Race - 8 Laps (22.9km/14.2mi 216m) (C)",95.64,94.16,"",,94.16,44.91,47,3.97,"Neutral","MaxHr 160bpm. RestHr 60bpm. Cycling Ftp 175w. Weight 70kg."
"2021-03-20","VirtualRide; VirtualRide","Zwift; Free Workout",28.78,35.45,"",,35.45,44.69,45.46,-2.09,"Neutral","MaxHr 160bpm. RestHr 60bpm. Cycling Ftp 175w. Weight 70kg."
"2021-03-21","VirtualRide; VirtualRide","Richmond; Crit City Race (D)",46.98,59.17,"",,59.17,45.03,47.28,-0.78,"Neutral","MaxHr 160bpm. RestHr 60bpm. Cycling Ftp 175w. Weight 70kg."
"2021-03-22","VirtualRide","Ken's Pain Chapter 5",60.73,83.22,"",,83.22,45.93,52.07,-2.26,"Neutral","MaxHr 160bpm. RestHr 60bpm. Cycling Ftp 175w. Weight 70kg."
"2021-03-23","VirtualRide; VirtualRide","Watopia; WKG - CRITTY CRITTY BANG BANG (D)",79.09,89.16,"",,89.16,46.95,57.01,-6.14,"Neutral","MaxHr 160bpm. RestHr 60bpm. Cycling Ftp 175w. Weight 70kg."
"2021-03-24","VirtualRide","Ramp Test",10.62,28.5,"",,28.5,46.51,53.21,-10.07,"Optimal","MaxHr 160bpm. RestHr 60bpm. Cycling Ftp 175w. Weight 70kg."
"2021-03-25","","","","","",,"",45.42,46.13,-6.7,"Neutral",""
"2021-03-26","","","","","",,"",44.35,39.99,-0.71,"Neutral",""
"2021-03-27","VirtualRide; VirtualRide","Watopia; ZHQ FutureWorks Crit City Race - Anti-sandbagging (D)",48.2,59.96,"",,59.96,44.72,42.65,4.36,"Neutral","MaxHr 160bpm. RestHr 60bpm. Cycling Ftp 175w. Weight 70kg."
"2021-03-28","VirtualRide","Watopia",33.51,46.21,"",,46.21,44.75,43.12,2.07,"Neutral","MaxHr 160bpm. RestHr 60bpm. Cycling Ftp 175w. Weight 70kg."
"2021-03-29","VirtualRide; VirtualRide","Watopia; TOW Stage 1: Shorter Ride",68.95,87.9,"",,87.9,45.77,49.08,1.63,"Neutral","MaxHr 160bpm. RestHr 60bpm. Cycling Ftp 175w. Weight 70kg."
"2021-03-30","","","","","",,"",44.69,42.55,-3.32,"Neutral",""
"2021-03-31","","","","","",,"",43.64,36.88,2.14,"Neutral",""
"2021-04-01","VirtualRide; VirtualRide","Watopia; TOW Stage 1: Longer Ride",76.6,98.55,"",,98.55,44.93,45.09,6.75,"Freshness","MaxHr 160bpm. RestHr 60bpm. Cycling Ftp 175w. Weight 70kg."
"2021-04-02","","","","","",,"",43.87,39.09,-0.17,"Neutral",""
"2021-04-03","VirtualRide; VirtualRide","Watopia; Watopia",31.18,70.45,"",,70.45,44.5,43.26,4.78,"Neutral","MaxHr 160bpm. RestHr 60bpm. Cycling Ftp 175w. Weight 70kg."
"2021-04-04","VirtualRide","France",26.54,60.15,"",,60.15,44.87,45.51,1.23,"Neutral","MaxHr 160bpm. RestHr 60bpm. Cycling Ftp 175w. Weight 70kg."
"2021-04-05","VirtualRide","Watopia",45.37,88.66,"",,88.66,45.9,51.26,-0.65,"Neutral","MaxHr 160bpm. RestHr 60bpm. Cycling Ftp 175w. Weight 70kg."
"2021-04-06","VirtualRide","Watopia",42.49,68.66,"",,68.66,46.43,53.57,-5.36,"Neutral","MaxHr 160bpm. RestHr 60bpm. Cycling Ftp 175w. Weight 70kg."
"2021-04-07","","","","","",,"",45.34,46.44,-7.15,"Neutral",""
"2021-04-08","","","","","",,"",44.27,40.26,-1.11,"Neutral",""
"2021-04-09","","","","","",,"",43.23,34.9,4.01,"Neutral",""
"2021-04-10","","","","","",,"",42.21,30.25,8.33,"Freshness",""
"2021-04-11","VirtualRide","Watopia",59.39,93.76,"",,93.76,43.43,38.71,11.96,"Freshness","MaxHr 160bpm. RestHr 60bpm. Cycling Ftp 175w. Weight 70kg."
"2021-04-12","","","","","",,"",42.4,33.55,4.72,"Neutral",""
"2021-04-13","","","","","",,"",41.41,29.09,8.85,"Freshness",""
"2021-04-14","VirtualRide; VirtualRide","Zwift; Watopia",104.25,109.88,"",,109.88,43.02,39.84,12.32,"Freshness","MaxHr 160bpm. RestHr 60bpm. Cycling Ftp 175w. Weight 70kg."
"2021-04-15","VirtualRide; VirtualRide","London; 3R Innsbruckring Flat Race - 2 Laps (17.6km/10.9m 154m) (D)",78.23,66.66,"",,66.66,43.57,43.41,3.17,"Neutral","MaxHr 160bpm. RestHr 60bpm. Cycling Ftp 175w. Weight 70kg."
"2021-04-16","","","","","",,"",42.55,37.63,0.16,"Neutral",""
"2021-04-17","VirtualRide; Walk","Watopia; Cut Grass",138.33,138.88,"",,138.88,44.82,51.11,4.91,"Neutral","MaxHr 160bpm. RestHr 60bpm. Cycling Ftp 175w. Weight 70kg."
"2021-04-18","VirtualRide","Watopia",46.25,55.56,"",,55.56,45.07,51.7,-6.3,"Neutral","MaxHr 160bpm. RestHr 60bpm. Cycling Ftp 175w. Weight 70kg."
"2021-04-19","","","","","",,"",44.01,44.82,-6.64,"Neutral",""
"2021-04-20","VirtualRide; VirtualRide","Watopia; 3R Volcano Circuit Flat Race - 8 Laps (35.2km/21.9mi 160m) (D)",115.29,104.63,"",,104.63,45.43,52.78,-0.82,"Neutral","MaxHr 160bpm. RestHr 60bpm. Cycling Ftp 175w. Weight 70kg."
"2021-04-21","","","","","",,"",44.36,45.75,-7.35,"Neutral",""
"2021-04-22","Ride; VirtualRide","Cyclemeter Lakeshore with pedal issue; Watopia",59.93,80.57,"",,71.9,45.01,49.24,-1.39,"Neutral","MaxHr 160bpm. RestHr 60bpm. Cycling Ftp 175w. Weight 70kg."
"2021-04-23","","","","","",,"",43.95,42.68,-4.23,"Neutral",""
"2021-04-24","","","","","",,"",42.92,37,1.27,"Neutral",""
"2021-04-25","VirtualRide","Watopia",56.51,86.35,"",,86.35,43.94,43.57,5.92,"Freshness","MaxHr 160bpm. RestHr 60bpm. Cycling Ftp 175w. Weight 70kg."
"2021-04-26","VirtualRide","Watopia",62.74,100.79,"",,100.79,45.28,51.19,0.37,"Neutral","MaxHr 160bpm. RestHr 60bpm. Cycling Ftp 175w. Weight 70kg."
"2021-04-27","","","","","",,"",44.21,44.37,-5.91,"Neutral",""
"2021-04-28","","","","","",,"",43.17,38.46,-0.16,"Neutral",""
"2021-04-29","VirtualRide","Watopia",16.73,24.53,"",,24.53,42.73,36.61,4.7,"Neutral","MaxHr 160bpm. RestHr 60bpm. Cycling Ftp 175w. Weight 70kg."
"2021-04-30","VirtualRide","Riverside_bestbikesplit",42.34,60.44,"",,60.44,43.15,39.78,6.12,"Freshness","MaxHr 160bpm. RestHr 60bpm. Cycling Ftp 175w. Weight 70kg."
"2021-05-01","VirtualRide; VirtualRide","Watopia; Crit City Race (D)",44.74,62.8,"",,62.8,43.61,42.85,3.36,"Neutral","MaxHr 160bpm. RestHr 60bpm. Cycling Ftp 175w. Weight 70kg."
"2021-05-02","VirtualRide","Watopia",19.06,33.2,"",,33.2,43.37,41.56,0.76,"Neutral","MaxHr 160bpm. RestHr 60bpm. Cycling Ftp 175w. Weight 70kg."
"2021-05-03","","","","","",,"",42.35,36.03,1.8,"Neutral",""
"2021-05-04","VirtualRide","RGT Cycling - Strava Lakeshore Route Quick Ride",52.26,67.2,"",,67.2,42.93,40.18,6.31,"Freshness","MaxHr 160bpm. RestHr 60bpm. Cycling Ftp 175w. Weight 70kg."
"2021-05-05","","","","","",,"",41.92,34.83,2.75,"Neutral",""
"2021-05-06","","","","","",,"",40.94,30.19,7.09,"Freshness",""
"2021-05-07","VirtualRide; VirtualRide","Watopia; RGT Cycling - Strava Lakeshore Route Quick Ride",79.93,80.81,"",,80.81,41.87,36.93,10.74,"Freshness","MaxHr 160bpm. RestHr 60bpm. Cycling Ftp 175w. Weight 70kg."
"2021-05-08","","","","","",,"",40.89,32.01,4.94,"Neutral",""
"2021-05-09","","","","","",,"",39.93,27.75,8.87,"Freshness",""
"2021-05-10","","","","","",,"",38.99,24.06,12.17,"Freshness",""
"2021-05-11","","","","","",,"",38.07,20.85,14.93,"Freshness",""
"2021-05-12","","","","","",,"",37.17,18.08,17.21,"Freshness",""
"2021-05-13","VirtualRide; VirtualRide; VirtualRide","Richmond; Giant Crit Crushers - Week 2 - Race 1 (D); Giant Crit Crushers - Week 2 - Race 2 (D)",69.99,87.67,"",,87.67,38.36,27.34,19.09,"Freshness","MaxHr 160bpm. RestHr 60bpm. Cycling Ftp 175w. Weight 70kg."
"2021-05-14","","","","","",,"",37.46,23.7,11.02,"Freshness",""
"2021-05-15","","","","","",,"",36.58,20.55,13.75,"Freshness",""
"2021-05-16","","","","","",,"",35.72,17.81,16.03,"Freshness",""
"2021-05-17","","","","","",,"",34.88,15.44,17.9,"Freshness",""
"2021-05-18","","","","","",,"",34.06,13.38,19.43,"Freshness",""
"2021-05-19","","","","","",,"",33.25,11.6,20.67,"Freshness",""
"2021-05-20","","","","","",,"",32.47,10.06,21.65,"Freshness",""
"2021-05-21","","","","","",,"",31.71,8.72,22.41,"Freshness",""
"2021-05-22","","","","","",,"",30.96,7.56,22.99,"Freshness",""
"2021-05-23","VirtualRide","Makuri Islands",39.74,52.78,"",,52.78,31.47,13.57,23.4,"Freshness","MaxHr 160bpm. RestHr 60bpm. Cycling Ftp 175w. Weight 70kg."
"2021-05-24","","","","","",,"",30.73,11.77,17.9,"Freshness",""
"2021-05-25","VirtualRide","Watopia",48.58,59.24,"",,59.24,31.4,18.09,18.96,"Freshness","MaxHr 160bpm. RestHr 60bpm. Cycling Ftp 175w. Weight 70kg."
"2021-05-26","VirtualRide","Makuri Islands",41.26,74.32,"",,74.32,32.41,25.57,13.31,"Freshness","MaxHr 160bpm. RestHr 60bpm. Cycling Ftp 175w. Weight 70kg."
"2021-05-27","VirtualRide; VirtualRide","Watopia; ZHR Masters TT Series (E)",60.07,62.84,"",,62.84,33.13,30.53,6.84,"Freshness","MaxHr 160bpm. RestHr 60bpm. Cycling Ftp 175w. Weight 70kg."
"2021-05-28","VirtualRide","Watopia",39.22,58.29,"",,58.29,33.72,34.23,2.59,"Neutral","MaxHr 160bpm. RestHr 60bpm. Cycling Ftp 175w. Weight 70kg."
"2021-05-29","","","","","",,"",32.93,29.67,-0.51,"Neutral",""
"2021-05-30","","","","","",,"",32.15,25.72,3.25,"Neutral",""
"2021-05-31","","","","","",,"",31.4,22.3,6.43,"Freshness",""
"2021-06-01","","","","","",,"",30.66,19.33,9.1,"Freshness",""
"2021-06-02","","","","","",,"",29.94,16.75,11.33,"Freshness",""
"2021-06-03","","","","","",,"",29.23,14.52,13.18,"Freshness",""
"2021-06-04","VirtualRide","Watopia",28,46.89,"",,46.89,29.65,18.83,14.71,"Freshness","MaxHr 160bpm. RestHr 60bpm. Cycling Ftp 175w. Weight 70kg."
"2021-06-05","VirtualRide; VirtualRide","NYC; EVO CC Sprint Race Series  (C)",64.85,71.47,"",,71.47,30.63,25.84,10.81,"Freshness","MaxHr 160bpm. RestHr 60bpm. Cycling Ftp 175w. Weight 70kg."
"2021-06-06","","","","","",,"",29.91,22.4,4.79,"Neutral",""
"2021-06-07","","","","","",,"",29.21,19.42,7.51,"Freshness",""
"2021-06-08","","","","","",,"",28.52,16.83,9.79,"Freshness",""
"2021-06-09","","","","","",,"",27.85,14.59,11.68,"Freshness",""
"2021-06-10","","","","","",,"",27.19,12.65,13.25,"Freshness",""
"2021-06-11","","","","","",,"",26.55,10.96,14.54,"Freshness",""
"2021-06-12","","","","","",,"",25.93,9.5,15.59,"Freshness",""
"2021-06-13","","","","","",,"",25.32,8.24,16.42,"Freshness",""
"2021-06-14","","","","","",,"",24.72,7.14,17.08,"Freshness",""
"2021-06-15","","","","","",,"",24.14,6.19,17.58,"Freshness",""
"2021-06-16","","","","","",,"",23.57,5.36,17.95,"Freshness",""
"2021-06-17","","","","","",,"",23.02,4.65,18.2,"Freshness",""
"2021-06-18","","","","","",,"",22.48,4.03,18.36,"Freshness",""
"2021-06-19","","","","","",,"",21.95,3.49,18.44,"Freshness",""
"2021-06-20","","","","","",,"",21.43,3.03,18.45,"Freshness",""
"2021-06-21","","","","","",,"",20.93,2.62,18.4,"Freshness",""
"2021-06-22","","","","","",,"",20.43,2.27,18.3,"Freshness",""
"2021-06-23","","","","","",,"",19.95,1.97,18.16,"Freshness",""
"2021-06-24","","","","","",,"",19.48,1.71,17.98,"Freshness",""
"2021-06-25","","","","","",,"",19.02,1.48,17.77,"Freshness",""
"2021-06-26","","","","","",,"",18.58,1.28,17.54,"Freshness",""
"2021-06-27","","","","","",,"",18.14,1.11,17.29,"Freshness",""
"2021-06-28","","","","","",,"",17.71,0.96,17.02,"Freshness",""
"2021-06-29","","","","","",,"",17.3,0.83,16.75,"Freshness",""
"2021-06-30","","","","","",,"",16.89,0.72,16.46,"Freshness",""
"2021-07-01","","","","","",,"",16.49,0.62,16.16,"Freshness",""
"2021-07-02","","","","","",,"",16.1,0.54,15.86,"Freshness",""
"2021-07-03","","","","","",,"",15.72,0.47,15.56,"Freshness",""
"2021-07-04","","","","","",,"",15.35,0.41,15.25,"Freshness",""
"2021-07-05","","","","","",,"",14.99,0.35,14.94,"Freshness",""
"2021-07-06","","","","","",,"",14.64,0.3,14.64,"Freshness",""
"2021-07-07","","","","","",,"",14.3,0.26,14.33,"Freshness",""
"2021-07-08","","","","","",,"",13.96,0.23,14.03,"Freshness",""
"2021-07-09","","","","","",,"",13.63,0.2,13.73,"Freshness",""
"2021-07-10","","","","","",,"",13.31,0.17,13.43,"Freshness",""
"2021-07-11","","","","","",,"",13,0.15,13.14,"Freshness",""
"2021-07-12","","","","","",,"",12.69,0.13,12.85,"Freshness",""
"2021-07-13","","","","","",,"",12.39,0.11,12.56,"Freshness",""
"2021-07-14","","","","","",,"",12.1,0.09,12.28,"Freshness",""
"2021-07-15","","","","","",,"",11.82,0.08,12,"Freshness",""
"2021-07-16","","","","","",,"",11.54,0.07,11.73,"Freshness",""
"2021-07-17","","","","","",,"",11.27,0.06,11.46,"Freshness",""
"2021-07-18","","","","","",,"",11,0.05,11.2,"Freshness",""
"2021-07-19","","","","","",,"",10.74,0.04,10.94,"Freshness",""
"2021-07-20","","","","","",,"",10.49,0.04,10.69,"Freshness",""
"2021-07-21","","","","","",,"",10.24,0.03,10.45,"Freshness",""
"2021-07-22","","","","","",,"",10,0.03,10.21,"Freshness",""
"2021-07-23","","","","","",,"",9.77,0.02,9.97,"Freshness",""
"2021-07-24","","","","","",,"",9.54,0.02,9.74,"Freshness",""
"2021-07-25","","","","","",,"",9.31,0.02,9.51,"Freshness",""
"2021-07-26","","","","","",,"",9.09,0.01,9.29,"Freshness",""
"2021-07-27","","","","","",,"",8.88,0.01,9.07,"Freshness",""
"2021-07-28","","","","","",,"",8.67,0.01,8.86,"Freshness",""
"2021-07-29","","","","","",,"",8.46,0.01,8.66,"Freshness",""
"2021-07-30","","","","","",,"",8.27,0.01,8.45,"Freshness",""
"2021-07-31","","","","","",,"",8.07,0,8.26,"Freshness",""
"2021-08-01","","","","","",,"",7.88,0,8.06,"Freshness",""
"2021-08-02","","","","","",,"",7.7,0,7.87,"Freshness",""
"2021-08-03","","","","","",,"",7.51,0,7.69,"Freshness",""
"2021-08-04","","","","","",,"",7.34,0,7.51,"Freshness",""
"2021-08-05","","","","","",,"",7.16,0,7.33,"Freshness",""
"2021-08-06","","","","","",,"",7,0,7.16,"Freshness",""
"2021-08-07","","","","","",,"",6.83,0,6.99,"Freshness",""
"2021-08-08","","","","","",,"",6.67,0,6.83,"Freshness",""
"2021-08-09","","","","","",,"",6.51,0,6.67,"Freshness",""
"2021-08-10","","","","","",,"",6.36,0,6.51,"Freshness",""
"2021-08-11","","","","","",,"",6.21,0,6.36,"Freshness",""
"2021-08-12","","","","","",,"",6.06,0,6.21,"Freshness",""
"2021-08-13","","","","","",,"",5.92,0,6.06,"Freshness",""
"2021-08-14","","","","","",,"",5.78,0,5.92,"Freshness",""
"2021-08-15","","","","","",,"",5.65,0,5.78,"Freshness",""
"2021-08-16","","","","","",,"",5.51,0,5.64,"Freshness",""
"2021-08-17","","","","","",,"",5.38,0,5.51,"Freshness",""
"2021-08-18","VirtualRide","Watopia",13.41,33.28,"",,33.28,6.04,4.43,5.38,"Freshness","MaxHr 160bpm. RestHr 60bpm. Cycling Ftp 175w. Weight 70kg."
"2021-08-19","VirtualRide","Watopia",52.82,24.63,"",,24.63,6.48,7.12,1.61,"Neutral","MaxHr 160bpm. RestHr 60bpm. Cycling Ftp 175w. Weight 70kg."
"2021-08-20","","","","","",,"",6.32,6.17,-0.64,"Neutral",""
"2021-08-21","VirtualRide","FTP Test (shorter)",51.6,35.68,"",,35.68,7.01,10.1,0.15,"Neutral","MaxHr 160bpm. RestHr 60bpm. Cycling Ftp 175w. Weight 70kg."
"2021-08-22","","","","","",,"",6.85,8.75,-3.09,"Neutral",""
"2021-08-23","","","","","",,"",6.69,7.59,-1.91,"Neutral",""
"2021-08-24","","","","","",,"",6.53,6.58,-0.9,"Neutral",""
"2021-08-25","","","","","",,"",6.38,5.7,-0.05,"Neutral",""
"2021-08-26","","","","","",,"",6.23,4.94,0.67,"Neutral",""
"2021-08-27","","","","","",,"",6.08,4.28,1.28,"Neutral",""
"2021-08-28","","","","","",,"",5.94,3.71,1.79,"Neutral",""
"2021-08-29","","","","","",,"",5.8,3.22,2.22,"Neutral",""
"2021-08-30","","","","","",,"",5.66,2.79,2.58,"Neutral",""
"2021-08-31","","","","","",,"",5.53,2.42,2.87,"Neutral",""
"2021-09-01","","","","","",,"",5.4,2.09,3.11,"Neutral",""
"2021-09-02","","","","","",,"",5.27,1.81,3.3,"Neutral",""
"2021-09-03","","","","","",,"",5.15,1.57,3.45,"Neutral",""
"2021-09-04","","","","","",,"",5.02,1.36,3.57,"Neutral",""
"2021-09-05","","","","","",,"",4.91,1.18,3.66,"Neutral",""
"2021-09-06","","","","","",,"",4.79,1.02,3.72,"Neutral",""
"2021-09-07","","","","","",,"",4.68,0.89,3.76,"Neutral",""
"2021-09-08","","","","","",,"",4.57,0.77,3.79,"Neutral",""
"2021-09-09","","","","","",,"",4.46,0.66,3.8,"Neutral",""
"2021-09-10","","","","","",,"",4.36,0.58,3.79,"Neutral",""
"2021-09-11","VirtualRide","Watopia",18.41,23.9,"",,23.9,4.82,3.68,3.78,"Neutral","MaxHr 160bpm. RestHr 60bpm. Cycling Ftp 175w. Weight 70kg."
"2021-09-12","VirtualRide","Watopia",52.79,34.54,"",,34.54,5.51,7.79,1.13,"Neutral","MaxHr 160bpm. RestHr 60bpm. Cycling Ftp 175w. Weight 70kg."
"2021-09-13","VirtualRide","Watopia",53.93,43.16,"",,43.16,6.4,12.5,-2.28,"Neutral","MaxHr 160bpm. RestHr 60bpm. Cycling Ftp 175w. Weight 70kg."
"2021-09-14","","","","","",,"",6.25,10.83,-6.1,"Neutral",""
"2021-09-15","","","","","",,"",6.1,9.39,-4.59,"Neutral",""
"2021-09-16","","","","","",,"",5.96,8.14,-3.29,"Neutral",""
"2021-09-17","VirtualRide","Watopia",26.13,27.5,"",,27.5,6.47,10.72,-2.19,"Neutral","MaxHr 160bpm. RestHr 60bpm. Cycling Ftp 175w. Weight 70kg."
"2021-09-18","VirtualRide","Watopia",62.5,47.93,"",,47.93,7.44,15.67,-4.26,"Neutral","MaxHr 160bpm. RestHr 60bpm. Cycling Ftp 175w. Weight 70kg."
"2021-09-19","","","","","",,"",7.27,13.58,-8.23,"Neutral",""
"2021-09-20","VirtualRide","Watopia",15.6,22.97,"",,22.97,7.64,14.83,-6.32,"Neutral","MaxHr 160bpm. RestHr 60bpm. Cycling Ftp 175w. Weight 70kg."
"2021-09-21","VirtualRide","Watopia",6.78,44.12,"",,44.12,8.49,18.73,-7.2,"Neutral","MaxHr 160bpm. RestHr 60bpm. Cycling Ftp 175w. Weight 70kg."
"2021-09-22","","","","","",,"",8.29,16.24,-10.24,"Optimal",""
"2021-09-23","","","","","",,"",8.1,14.08,-7.95,"Neutral",""
"2021-09-24","","","","","",,"",7.91,12.2,-5.98,"Neutral",""
"2021-09-25","VirtualRide","Watopia",61.7,50.21,"",,50.21,8.9,17.26,-4.3,"Neutral","MaxHr 160bpm. RestHr 60bpm. Cycling Ftp 175w. Weight 70kg."
"2021-09-26","","","","","",,"",8.69,14.96,-8.36,"Neutral",""
"2021-09-27","VirtualRide","Watopia",49.5,55.22,"",,55.22,9.79,20.32,-6.27,"Neutral","MaxHr 160bpm. RestHr 60bpm. Cycling Ftp 175w. Weight 70kg."
"2021-09-28","","","","","",,"",9.56,17.62,-10.54,"Optimal",""
"2021-09-29","","","","","",,"",9.33,15.27,-8.06,"Neutral",""
"2021-09-30","","","","","",,"",9.11,13.24,-5.94,"Neutral",""
"2021-10-01","VirtualRide","Watopia",43.07,49.6,"",,49.6,10.07,18.08,-4.13,"Neutral","MaxHr 160bpm. RestHr 60bpm. Cycling Ftp 175w. Weight 70kg."
"2021-10-02","","","","","",,"",9.83,15.67,-8.02,"Neutral",""
"2021-10-03","","","","","",,"",9.6,13.58,-5.85,"Neutral",""
"2021-10-04","","","","","",,"",9.37,11.77,-3.99,"Neutral",""
"2021-10-05","","","","","",,"",9.15,10.21,-2.41,"Neutral",""
"2021-10-06","","","","","",,"",8.94,8.85,-1.06,"Neutral",""
"2021-10-07","","","","","",,"",8.73,7.67,0.08,"Neutral",""
"2021-10-08","","","","","",,"",8.52,6.65,1.05,"Neutral",""
"2021-10-09","","","","","",,"",8.32,5.76,1.87,"Neutral",""
"2021-10-10","","","","","",,"",8.12,4.99,2.55,"Neutral",""
"2021-10-11","","","","","",,"",7.93,4.33,3.12,"Neutral",""
"2021-10-12","","","","","",,"",7.75,3.75,3.6,"Neutral",""
"2021-10-13","","","","","",,"",7.56,3.25,3.99,"Neutral",""
"2021-10-14","","","","","",,"",7.38,2.82,4.31,"Neutral",""
"2021-10-15","","","","","",,"",7.21,2.44,4.56,"Neutral",""
"2021-10-16","","","","","",,"",7.04,2.12,4.76,"Neutral",""
"2021-10-17","","","","","",,"",6.88,1.83,4.92,"Neutral",""
"2021-10-18","","","","","",,"",6.71,1.59,5.04,"Freshness",""
"2021-10-19","","","","","",,"",6.56,1.38,5.12,"Freshness",""
"2021-10-20","","","","","",,"",6.4,1.19,5.17,"Freshness",""
"2021-10-21","","","","","",,"",6.25,1.03,5.2,"Freshness",""
"2021-10-22","","","","","",,"",6.1,0.9,5.21,"Freshness",""
"2021-10-23","","","","","",,"",5.96,0.78,5.2,"Freshness",""
"2021-10-24","","","","","",,"",5.82,0.67,5.18,"Freshness",""
"2021-10-25","","","","","",,"",5.68,0.58,5.14,"Freshness",""
"2021-10-26","","","","","",,"",5.55,0.5,5.1,"Freshness",""
"2021-10-27","","","","","",,"",5.42,0.44,5.04,"Freshness",""
"2021-10-28","","","","","",,"",5.29,0.38,4.98,"Neutral",""
"2021-10-29","","","","","",,"",5.17,0.33,4.91,"Neutral",""
"2021-10-30","","","","","",,"",5.04,0.28,4.83,"Neutral",""
"2021-10-31","","","","","",,"",4.93,0.24,4.76,"Neutral",""
"2021-11-01","","","","","",,"",4.81,0.21,4.68,"Neutral",""
"2021-11-02","","","","","",,"",4.7,0.18,4.59,"Neutral",""
"2021-11-03","","","","","",,"",4.59,0.16,4.51,"Neutral",""
"2021-11-04","","","","","",,"",4.48,0.14,4.42,"Neutral",""
"2021-11-05","","","","","",,"",4.37,0.12,4.34,"Neutral",""
"2021-11-06","","","","","",,"",4.27,0.1,4.25,"Neutral",""
"2021-11-07","","","","","",,"",4.17,0.09,4.16,"Neutral",""
"2021-11-08","","","","","",,"",4.07,0.07,4.08,"Neutral",""
"2021-11-09","","","","","",,"",3.97,0.06,3.99,"Neutral",""
"2021-11-10","","","","","",,"",3.88,0.05,3.91,"Neutral",""
"2021-11-11","","","","","",,"",3.79,0.05,3.82,"Neutral",""
"2021-11-12","","","","","",,"",3.7,0.04,3.74,"Neutral",""
"2021-11-13","","","","","",,"",3.61,0.03,3.65,"Neutral",""
"2021-11-14","","","","","",,"",3.53,0.03,3.57,"Neutral",""
"2021-11-15","","","","","",,"",3.44,0.02,3.49,"Neutral",""
"2021-11-16","","","","","",,"",3.36,0.02,3.42,"Neutral",""
"2021-11-17","","","","","",,"",3.28,0.02,3.34,"Neutral",""
"2021-11-18","","","","","",,"",3.21,0.01,3.26,"Neutral",""
"2021-11-19","","","","","",,"",3.13,0.01,3.19,"Neutral",""
"2021-11-20","","","","","",,"",3.06,0.01,3.11,"Neutral",""
"2021-11-21","","","","","",,"",2.99,0.01,3.04,"Neutral",""
"2021-11-22","","","","","",,"",2.91,0.01,2.97,"Neutral",""
"2021-11-23","","","","","",,"",2.85,0,2.9,"Neutral",""
"2021-11-24","","","","","",,"",2.78,0,2.84,"Neutral",""
"2021-11-25","","","","","",,"",2.71,0,2.77,"Neutral",""
"2021-11-26","","","","","",,"",2.65,0,2.71,"Neutral",""
"2021-11-27","","","","","",,"",2.59,0,2.64,"Neutral",""
"2021-11-28","","","","","",,"",2.53,0,2.58,"Neutral",""
"2021-11-29","","","","","",,"",2.47,0,2.52,"Neutral",""
"2021-11-30","","","","","",,"",2.41,0,2.46,"Neutral",""
"2021-12-01","","","","","",,"",2.35,0,2.41,"Neutral",""
"2021-12-02","","","","","",,"",2.3,0,2.35,"Neutral",""
"2021-12-03","","","","","",,"",2.24,0,2.29,"Neutral",""
"2021-12-04","","","","","",,"",2.19,0,2.24,"Neutral",""
"2021-12-05","","","","","",,"",2.14,0,2.19,"Neutral",""
"2021-12-06","","","","","",,"",2.09,0,2.14,"Neutral",""
"2021-12-07","","","","","",,"",2.04,0,2.09,"Neutral",""
"2021-12-08","","","","","",,"",1.99,0,2.04,"Neutral",""
"2021-12-09","","","","","",,"",1.94,0,1.99,"Neutral",""
"2021-12-10","","","","","",,"",1.9,0,1.94,"Neutral",""
"2021-12-11","","","","","",,"",1.85,0,1.9,"Neutral",""
"2021-12-12","","","","","",,"",1.81,0,1.85,"Neutral",""
"2021-12-13","","","","","",,"",1.77,0,1.81,"Neutral",""
"2021-12-14","VirtualRide","Zwift - Watopia","",18.4,"",,18.4,2.16,2.45,1.77,"Neutral","Cycling Ftp 175w. Weight 70kg."
"2021-12-15","","","","","",,"",2.11,2.12,-0.29,"Neutral",""
"2021-12-16","","","","","",,"",2.06,1.84,-0.02,"Neutral",""
"2021-12-17","","","","","",,"",2.01,1.59,0.22,"Neutral",""
"2021-12-18","","","","","",,"",1.96,1.38,0.41,"Neutral",""
"2021-12-19","","","","","",,"",1.91,1.19,0.58,"Neutral",""
"2021-12-20","","","","","",,"",1.87,1.04,0.71,"Neutral",""
"2021-12-21","","","","","",,"",1.83,0.9,0.83,"Neutral",""
"2021-12-22","VirtualRide; VirtualRide","Zwift - Watopia; Zwift - Ramp Test",22.27,22.32,"",,22.32,2.31,3.75,0.92,"Neutral","MaxHr 160bpm. RestHr 60bpm. Cycling Ftp 175w. Weight 70kg."
"2021-12-23","VirtualRide","Zwift - Watopia",35.66,31.58,"",,31.58,3,7.45,-1.45,"Neutral","MaxHr 160bpm. RestHr 60bpm. Cycling Ftp 175w. Weight 70kg."
"2021-12-24","VirtualRide","Zwift - Watopia",64.73,43.03,"",,43.03,3.94,12.19,-4.46,"Neutral","MaxHr 160bpm. RestHr 60bpm. Cycling Ftp 175w. Weight 70kg."
"2021-12-25","","","","","",,"",3.85,10.57,-8.26,"Neutral",""
"2021-12-26","VirtualRide; VirtualRide","Zwift - Watopia; Zwift - EVO CC Sprint Race Series  (D)",53.15,31.9,"",,31.9,4.51,13.41,-6.73,"Neutral","MaxHr 160bpm. RestHr 60bpm. Cycling Ftp 175w. Weight 70kg."
"2021-12-27","VirtualRide","Zwift - Ken's Pain Chapter 1",58.96,56.18,"",,56.18,5.72,19.1,-8.91,"Neutral","MaxHr 160bpm. RestHr 60bpm. Cycling Ftp 175w. Weight 70kg."
"2021-12-28","","","","","",,"",5.59,16.56,-13.38,"Optimal",""
"2021-12-29","","","","","",,"",5.46,14.35,-10.97,"Optimal",""
"2021-12-30","VirtualRide","Zwift - Watopia",81.25,62.36,"",,62.36,6.79,20.74,-8.9,"Neutral","MaxHr 160bpm. RestHr 60bpm. Cycling Ftp 175w. Weight 70kg."
"2021-12-31","VirtualRide","Zwift - Watopia",57.01,57.9,"",,57.9,8,25.69,-13.95,"Optimal","MaxHr 160bpm. RestHr 60bpm. Cycling Ftp 175w. Weight 70kg."
"2022-01-01","","","","","",,"",7.81,22.27,-17.7,"Optimal",""
"2022-01-02","VirtualRide; VirtualRide","Zwift - Watopia; Zwift - Watopia",52.72,54.63,"",,54.63,8.91,26.58,-14.47,"Optimal","MaxHr 160bpm. RestHr 60bpm. Cycling Ftp 175w. Weight 70kg."
"2022-01-03","VirtualRide","Zwift - Watopia",52.49,58.55,"",,58.55,10.08,30.83,-17.67,"Optimal","MaxHr 160bpm. RestHr 60bpm. Cycling Ftp 175w. Weight 70kg."
"2022-01-04","","","","","",,"",9.84,26.73,-20.76,"Optimal",""
"2022-01-05","VirtualRide; VirtualRide","Zwift - Watopia; Zwift - FFWD Race Series Cat D - Stage 1 (D)",76.48,52.57,"",,52.57,10.85,30.17,-16.89,"Optimal","MaxHr 160bpm. RestHr 60bpm. Cycling Ftp 175w. Weight 70kg."
"2022-01-06","","","","","",,"",10.59,26.15,-19.33,"Optimal",""
"2022-01-07","","","","","",,"",10.34,22.67,-15.57,"Optimal",""
"2022-01-08","","","","","",,"",10.1,19.65,-12.33,"Optimal",""
"2022-01-09","","","","","",,"",9.86,17.03,-9.56,"Neutral",""
"2022-01-10","VirtualRide","Zwift - John Berman's Meetup - Jungle Circuit",24.66,34.26,"",,34.26,10.43,19.33,-7.18,"Neutral","MaxHr 160bpm. RestHr 60bpm. Cycling Ftp 175w. Weight 70kg."
"2022-01-11","VirtualRide","Zwift - Watopia",59,62.74,"",,62.74,11.66,25.11,-8.9,"Neutral","MaxHr 160bpm. RestHr 60bpm. Cycling Ftp 175w. Weight 70kg."
"2022-01-12","VirtualRide; VirtualRide","Zwift - London; Zwift - TdZ Stage 1: Standard Ride ",75.7,74.07,"",,74.07,13.13,31.63,-13.45,"Optimal","MaxHr 160bpm. RestHr 60bpm. Cycling Ftp 175w. Weight 70kg."
"2022-01-13","","","","","",,"",12.82,27.41,-18.5,"Optimal",""
"2022-01-14","","","","","",,"",12.52,23.76,-14.6,"Optimal",""
"2022-01-15","","","","","",,"",12.23,20.6,-11.25,"Optimal",""
"2022-01-16","VirtualRide","Zwift - Watopia",53.99,58.57,"",,58.57,13.32,25.66,-8.38,"Neutral","MaxHr 160bpm. RestHr 60bpm. Cycling Ftp 175w. Weight 70kg."
"2022-01-17","","","","","",,"",13,22.24,-12.34,"Optimal",""
"2022-01-18","","","","","",,"",12.7,19.28,-9.24,"Neutral",""
"2022-01-19","VirtualRide","Zwift - Watopia",65.28,55.77,"",,55.77,13.71,24.14,-6.58,"Neutral","MaxHr 160bpm. RestHr 60bpm. Cycling Ftp 175w. Weight 70kg."
"2022-01-20","","","","","",,"",13.39,20.92,-10.43,"Optimal",""
"2022-01-21","","","","","",,"",13.07,18.14,-7.54,"Neutral",""
"2022-01-22","","","","","",,"",12.77,15.72,-5.07,"Neutral",""
"2022-01-23","","","","","",,"",12.47,13.63,-2.96,"Neutral",""
"2022-01-24","VirtualRide","Zwift - Watopia",62.01,68.74,"",,68.74,13.79,20.96,-1.17,"Neutral","MaxHr 160bpm. RestHr 60bpm. Cycling Ftp 175w. Weight 70kg."
"2022-01-25","","","","","",,"",13.47,18.17,-7.18,"Neutral",""
"2022-01-26","VirtualRide; VirtualRide","Zwift - London; Zwift - Cycling Weekly Club 10 (D)",74.77,56.64,"",,56.64,14.48,23.29,-4.71,"Neutral","MaxHr 160bpm. RestHr 60bpm. Cycling Ftp 175w. Weight 70kg."
"2022-01-27","VirtualRide","Zwift - Watopia",65.62,63.27,"",,63.27,15.63,28.61,-8.82,"Neutral","MaxHr 160bpm. RestHr 60bpm. Cycling Ftp 175w. Weight 70kg."
"2022-01-28","","","","","",,"",15.26,24.8,-12.99,"Optimal",""
"2022-01-29","VirtualRide","Zwift - ZHQ FutureWorks Circuit Race - Anti-sandbagging (D)",52.85,52.14,"",,52.14,16.13,28.44,-9.55,"Neutral","MaxHr 160bpm. RestHr 60bpm. Cycling Ftp 175w. Weight 70kg."
"2022-01-30","","","","","",,"",15.75,24.66,-12.32,"Optimal",""
"2022-01-31","","","","","",,"",15.38,21.37,-8.91,"Neutral",""
"2022-02-01","VirtualRide","Zwift - Watopia",48.21,58.46,"",,58.46,16.39,26.31,-6,"Neutral","MaxHr 160bpm. RestHr 60bpm. Cycling Ftp 175w. Weight 70kg."
"2022-02-02","","","","","",,"",16.01,22.81,-9.92,"Neutral",""
"2022-02-03","VirtualRide","Zwift - Renegade Race (D)",75.99,65.91,"",,65.91,17.18,28.55,-6.81,"Neutral","MaxHr 160bpm. RestHr 60bpm. Cycling Ftp 175w. Weight 70kg."
"2022-02-04","","","","","",,"",16.78,24.74,-11.37,"Optimal",""
"2022-02-05","","","","","",,"",16.38,21.45,-7.97,"Neutral",""
"2022-02-06","","","","","",,"",16,18.59,-5.07,"Neutral",""
"2022-02-07","","","","","",,"",15.62,16.12,-2.6,"Neutral",""
"2022-02-08","VirtualRide","Zwift - Watopia",26.87,58.3,"",,58.3,16.62,21.73,-0.5,"Neutral","MaxHr 160bpm. RestHr 60bpm. Cycling Ftp 175w. Weight 70kg."
"2022-02-09","","","","","",,"",16.23,18.84,-5.11,"Neutral",""
"2022-02-10","VirtualRide","Zwift - Watopia",29.82,62.08,"",,62.08,17.31,24.6,-2.61,"Neutral","MaxHr 160bpm. RestHr 60bpm. Cycling Ftp 175w. Weight 70kg."
"2022-02-11","VirtualRide","Zwift - Watopia",68.68,70.26,"",,70.26,18.56,30.67,-7.29,"Neutral","MaxHr 160bpm. RestHr 60bpm. Cycling Ftp 175w. Weight 70kg."
"2022-02-12","VirtualRide; VirtualRide; VirtualRide","Zwift - Watopia; Zwift - Ramp Test Lite; Zwift - Watopia",44.79,69.72,"",,69.72,19.76,35.87,-12.12,"Optimal","MaxHr 160bpm. RestHr 60bpm. Cycling Ftp 175w. Weight 70kg."
"2022-02-13","VirtualRide","Zwift - Watopia","",3.74,"",,3.74,19.38,31.59,-16.12,"Optimal","Cycling Ftp 175w. Weight 70kg."
"2022-02-14","VirtualRide","Zwift - Watopia",48.51,75.3,"",,75.3,20.7,37.41,-12.22,"Optimal","MaxHr 160bpm. RestHr 60bpm. Cycling Ftp 175w. Weight 70kg."
"2022-02-15","","","","","",,"",20.21,32.43,-16.72,"Optimal",""
"2022-02-16","","","","","",,"",19.74,28.11,-12.22,"Optimal",""
"2022-02-17","VirtualRide; VirtualRide","Zwift - Ramp Test; Zwift - Watopia",12.88,29.58,"",,29.58,19.97,28.31,-8.38,"Neutral","MaxHr 160bpm. RestHr 60bpm. Cycling Ftp 175w. Weight 70kg."
"2022-02-18","","","","","",,"",19.5,24.54,-8.35,"Neutral",""
"2022-02-19","","","","","",,"",19.04,21.27,-5.05,"Neutral",""
"2022-02-20","","","","","",,"",18.59,18.44,-2.24,"Neutral",""
"2022-02-21","VirtualRide; VirtualRide; VirtualRide","Zwift - Tempus Fugit in Watopia; Zwift - Tempus Fugit in Watopia; Zwift - Sand And Sequoias in Watopia",59.78,72.52,"",,72.52,19.86,25.64,0.15,"Neutral","MaxHr 160bpm. RestHr 60bpm. Cycling Ftp 175w. Weight 70kg."
"2022-02-22","","","","","",,"",19.39,22.23,-5.78,"Neutral",""
"2022-02-23","","","","","",,"",18.94,19.27,-2.84,"Neutral",""
"2022-02-24","","","","","",,"",18.49,16.7,-0.33,"Neutral",""
"2022-02-25","VirtualRide","Watopia Sand and Seq",62.25,66.71,"",,66.71,19.63,23.36,1.78,"Neutral","MaxHr 160bpm. RestHr 60bpm. Cycling Ftp 175w. Weight 70kg."
"2022-02-26","VirtualRide","Watopia Sand and Seq",58.47,64.6,"",,64.6,20.68,28.85,-3.74,"Neutral","MaxHr 160bpm. RestHr 60bpm. Cycling Ftp 175w. Weight 70kg."
"2022-02-27","","","","","",,"",20.2,25.01,-8.17,"Neutral",""
"2022-02-28","VirtualRide","Zwift - Sand And Sequoias in Watopia",28.23,43.99,"",,43.99,20.76,27.53,-4.82,"Neutral","MaxHr 160bpm. RestHr 60bpm. Cycling Ftp 175w. Weight 70kg."
"2022-03-01","","","","","",,"",20.27,23.87,-6.78,"Neutral",""
"2022-03-02","VirtualRide","Zwift - Free Workout in Watopia",48.66,45.8,"",,45.8,20.87,26.79,-3.61,"Neutral","MaxHr 160bpm. RestHr 60bpm. Cycling Ftp 175w. Weight 70kg."
"2022-03-03","VirtualRide; VirtualRide","Zwift - Watopia; Zwift - Race: 3R Racing (D) on Innsbruckring in Innsbruck",74.75,70.98,"",,70.98,22.05,32.67,-5.92,"Neutral","MaxHr 160bpm. RestHr 60bpm. Cycling Ftp 175w. Weight 70kg."
"2022-03-04","","","","","",,"",21.53,28.32,-10.63,"Optimal",""
"2022-03-05","VirtualRide; VirtualRide","Zwift - Watopia; Zwift - Ramp Test on Sand And Sequoias in Watopia",46.14,53.7,"",,53.7,22.29,31.7,-6.8,"Neutral","MaxHr 160bpm. RestHr 60bpm. Cycling Ftp 175w. Weight 70kg."
"2022-03-06","VirtualRide; VirtualRide","Zwift - Watopia; Zwift - Race: EVO CC ZRL Course Recce on Greater London Flat in London",81.69,84.54,"",,84.54,23.75,38.73,-9.42,"Neutral","MaxHr 160bpm. RestHr 60bpm. Cycling Ftp 175w. Weight 70kg."
"2022-03-07","VirtualRide","Zwift - Ken's Pain Chapter 5 in Watopia",33.02,40.32,"",,40.32,24.14,38.94,-14.99,"Optimal","MaxHr 160bpm. RestHr 60bpm. Cycling Ftp 175w. Weight 70kg."
"2022-03-08","","","","","",,"",23.57,33.76,-14.81,"Optimal",""
"2022-03-09","","","","","",,"",23.02,29.26,-10.19,"Optimal",""
"2022-03-10","VirtualRide","Zwift - Group Ride: Watopia - Figure 8 on Figure 8 in Watopia",74.82,90.79,"",,90.79,24.61,37.46,-6.25,"Neutral","MaxHr 160bpm. RestHr 60bpm. Cycling Ftp 175w. Weight 70kg."
"2022-03-11","VirtualRide; VirtualRide","Zwift - Figure 8 in Watopia; Zwift - Group Ride: Tour of Watopia Stage 1: Standard Ride on Figure 8 in Watopia",86.51,76.98,"",,76.98,25.84,42.72,-12.85,"Optimal","MaxHr 160bpm. RestHr 60bpm. Cycling Ftp 175w. Weight 70kg."
"2022-03-12","","","","","",,"",25.24,37.03,-16.88,"Optimal",""
"2022-03-13","","","","","",,"",24.64,32.1,-11.8,"Optimal",""
"2022-03-14","VirtualRide","Zwift - Sand And Sequoias in Watopia",46.28,56.48,"",,56.48,25.39,35.35,-7.46,"Neutral","MaxHr 160bpm. RestHr 60bpm. Cycling Ftp 175w. Weight 70kg."
"2022-03-15","","","","","",,"",24.79,30.64,-9.96,"Neutral",""
"2022-03-16","","","","","",,"",24.21,26.56,-5.85,"Neutral",""
"2022-03-17","","","","","",,"",23.64,23.02,-2.35,"Neutral",""
"2022-03-18","VirtualRide; VirtualRide","Zwift - Sand And Sequoias in Watopia; Zwift - 15.9 in Watopia",48.22,52.93,"",,52.93,24.33,27,0.61,"Neutral","MaxHr 160bpm. RestHr 60bpm. Cycling Ftp 175w. Weight 70kg."
"2022-03-19","","","","","",,"",23.76,23.41,-2.68,"Neutral",""
"2022-03-20","","","","","",,"",23.2,20.29,0.34,"Neutral",""
"2022-03-21","VirtualRide","Zwift - Sand And Sequoias in Watopia",66.25,67.5,"",,67.5,24.24,26.58,2.9,"Neutral","MaxHr 160bpm. RestHr 60bpm. Cycling Ftp 175w. Weight 70kg."
"2022-03-22","","","","","",,"",23.67,23.04,-2.34,"Neutral",""
"2022-03-23","VirtualRide; VirtualRide","Zwift - Classique in London; Zwift - Race: 3R Racing (D) on Classique in London",102.09,101.44,"",,101.44,25.5,33.48,0.63,"Neutral","MaxHr 160bpm. RestHr 60bpm. Cycling Ftp 175w. Weight 70kg."
"2022-03-24","","","","","",,"",24.9,29.02,-7.98,"Neutral",""
"2022-03-25","","","","","",,"",24.31,25.15,-4.12,"Neutral",""
"2022-03-26","","","","","",,"",23.74,21.81,-0.85,"Neutral",""
"2022-03-27","VirtualRide","Zwift - Sand And Sequoias in Watopia",85.65,99.57,"",,99.57,25.53,32.16,1.93,"Neutral","MaxHr 160bpm. RestHr 60bpm. Cycling Ftp 175w. Weight 70kg."
"2022-03-28","","","","","",,"",24.92,27.88,-6.64,"Neutral",""
"2022-03-29","","","","","",,"",24.34,24.16,-2.96,"Neutral",""
"2022-03-30","","","","","",,"",23.77,20.95,0.17,"Neutral",""
"2022-03-31","VirtualRide","Zwift - Sand And Sequoias in Watopia",48.28,64.88,"",,64.88,24.73,26.8,2.81,"Neutral","MaxHr 160bpm. RestHr 60bpm. Cycling Ftp 175w. Weight 70kg."
"2022-04-01","","","","","",,"",24.15,23.23,-2.07,"Neutral",""
"2022-04-02","","","","","",,"",23.58,20.13,0.92,"Neutral",""
"2022-04-03","VirtualRide","Zwift - Sand And Sequoias in Watopia",46.7,75.39,"",,75.39,24.8,27.49,3.44,"Neutral","MaxHr 160bpm. RestHr 60bpm. Cycling Ftp 175w. Weight 70kg."
"2022-04-04","","","","","",,"",24.22,23.83,-2.69,"Neutral",""
"2022-04-05","VirtualRide; VirtualRide; VirtualRide","Zwift - Sand And Sequoias in Watopia; Zwift - Ramp Test Lite in Watopia; Zwift - Ramp Test in Watopia",22.86,40.27,"",,40.27,24.6,26.02,0.38,"Neutral","MaxHr 160bpm. RestHr 60bpm. Cycling Ftp 175w. Weight 70kg."
"2022-04-06","VirtualRide; VirtualRide","Zwift - Watopia; Zwift - Race: EVO CC Race Series / Le Col on Wandering Flats in Makuri Islands",70.7,73.67,"",,73.67,25.75,32.36,-1.43,"Neutral","MaxHr 160bpm. RestHr 60bpm. Cycling Ftp 175w. Weight 70kg."
"2022-04-07","","","","","",,"",25.14,28.05,-6.62,"Neutral",""
"2022-04-08","VirtualRide","Zwift - Race: 3R Volcano Flat Race - 3 Laps (36.6km/22.7mi 138m) (C) on Volcano Flat in Watopia",94.46,114.35,"",,114.35,27.24,39.54,-2.91,"Neutral","MaxHr 160bpm. RestHr 60bpm. Cycling Ftp 175w. Weight 70kg."
"2022-04-09","","","","","",,"",26.6,34.28,-12.3,"Optimal",""
"2022-04-10","VirtualRide","Zwift - Race: Crit City Race (Category Enforcement) (C) on Downtown Dolphin in Crit City",57.23,72.63,"",,72.63,27.68,39.38,-7.68,"Neutral","MaxHr 160bpm. RestHr 60bpm. Cycling Ftp 175w. Weight 70kg."
"2022-04-11","","","","","",,"",27.03,34.14,-11.7,"Optimal",""
"2022-04-12","VirtualRide","Zwift - Pace Partner Ride: Flatland Loop in Makuri Islands with C. Cadence",73.07,101.37,"",,101.37,28.78,43.09,-7.11,"Neutral","MaxHr 160bpm. RestHr 60bpm. Cycling Ftp 175w. Weight 70kg."
"2022-04-13","VirtualRide","Zwift - Tempus Fugit in Watopia",38.12,61.42,"",,61.42,29.55,45.53,-14.31,"Optimal","MaxHr 160bpm. RestHr 60bpm. Cycling Ftp 175w. Weight 70kg."
"2022-04-14","","","","","",,"",28.85,39.47,-15.98,"Optimal",""
"2022-04-15","","","","","",,"",28.18,34.21,-10.62,"Optimal",""
"2022-04-16","VirtualRide","Zwift - Race: EVR Winter Series (C) on Greater London Flat in London",97.87,120.56,"",,120.56,30.35,45.71,-6.04,"Neutral","MaxHr 160bpm. RestHr 60bpm. Cycling Ftp 175w. Weight 70kg."
"2022-04-17","","","","","",,"",29.64,39.62,-15.36,"Optimal",""
"2022-04-18","","","","","",,"",28.94,34.35,-9.99,"Neutral",""
"2022-04-19","VirtualRide","Zwift - Race: 3R Racing (C) on Libby Hill After Party in Richmond",97.1,107.44,"",,107.44,30.78,44.08,-5.41,"Neutral","MaxHr 160bpm. RestHr 60bpm. Cycling Ftp 175w. Weight 70kg."
"2022-04-20","VirtualRide","Zwift - Castle to Castle in Makuri Islands",49.24,74.81,"",,74.81,31.82,48.17,-13.3,"Optimal","MaxHr 160bpm. RestHr 60bpm. Cycling Ftp 175w. Weight 70kg."
"2022-04-21","","","","","",,"",31.07,41.75,-16.35,"Optimal",""
"2022-04-22","VirtualRide; VirtualRide","Zwift - Beach Island Loop in Watopia; Zwift - Race: Crit City Race with Category Enforcement  (C) on The Bell Lap in Crit City",46.17,55.25,"",,55.25,31.64,43.55,-10.69,"Optimal","MaxHr 160bpm. RestHr 60bpm. Cycling Ftp 175w. Weight 70kg."
"2022-04-23","","","","","",,"",30.9,37.75,-11.92,"Optimal",""
"2022-04-24","","","","","",,"",30.17,32.73,-6.86,"Neutral",""
"2022-04-25","","","","","",,"",29.46,28.37,-2.56,"Neutral",""
"2022-04-26","Ride","Afternoon Ride","","","",,"",28.77,24.59,1.08,"Neutral","Weight 70kg."
"2022-04-27","","","","","",,"",28.09,21.32,4.17,"Neutral",""
"2022-04-28","","","","","",,"",27.43,18.48,6.77,"Freshness",""
"2022-04-29","VirtualRide","Zwift - Pace Partner Ride: Flatland Loop in Makuri Islands with C. Cadence",74.73,94.13,"",,94.13,29,28.55,8.94,"Freshness","MaxHr 160bpm. RestHr 60bpm. Cycling Ftp 175w. Weight 70kg."
"2022-04-30","","","","","",,"",28.31,24.75,0.44,"Neutral",""
"2022-05-01","VirtualRide","Zwift - Pace Partner Ride: Wandering Flats in Makuri Islands with C. Cadence",77.82,95.96,"",,95.96,29.91,34.23,3.56,"Neutral","MaxHr 160bpm. RestHr 60bpm. Cycling Ftp 175w. Weight 70kg."
"2022-05-02","","","","","",,"",29.2,29.67,-4.33,"Neutral",""
"2022-05-03","VirtualRide","Zwift - Race: 3R iTT Race (C) on Casse-Pattes in France",81.99,83.89,"",,83.89,30.49,36.89,-0.47,"Neutral","MaxHr 160bpm. RestHr 60bpm. Cycling Ftp 175w. Weight 70kg."
"2022-05-04","","","","","",,"",29.77,31.98,-6.4,"Neutral",""
"2022-05-05","","","","","",,"",29.07,27.72,-2.21,"Neutral",""
"2022-05-06","","","","","",,"",28.39,24.03,1.35,"Neutral",""
"2022-05-07","VirtualRide","Zwift - Race: EVO CC Race Series on Twilight Harbor in Makuri Islands",82.71,99.74,"",,99.74,30.07,34.11,4.35,"Neutral","MaxHr 160bpm. RestHr 60bpm. Cycling Ftp 175w. Weight 70kg."
"2022-05-08","","","","","",,"",29.36,29.57,-4.05,"Neutral",""
"2022-05-09","","","","","",,"",28.67,25.63,-0.21,"Neutral",""
"2022-05-10","VirtualRide","Zwift - Race: 3R Racing (C) on Libby Hill After Party in Richmond",100.85,115.81,"",,115.81,30.72,37.63,3.03,"Neutral","MaxHr 160bpm. RestHr 60bpm. Cycling Ftp 175w. Weight 70kg."
"2022-05-11","","","","","",,"",29.99,32.62,-6.92,"Neutral",""
"2022-05-12","VirtualRide","Zwift - Sand And Sequoias in Watopia",69.46,82.95,"",,82.95,31.24,39.32,-2.63,"Neutral","MaxHr 160bpm. RestHr 60bpm. Cycling Ftp 175w. Weight 70kg."
"2022-05-13","","","","","",,"",30.51,34.09,-8.09,"Neutral",""
"2022-05-14","","","","","",,"",29.79,29.55,-3.59,"Neutral",""
"2022-05-15","VirtualRide","Zwift - Race: KISS Racing - Category Enforcement (C) on Triple Flat Loops in Watopia",84.8,117.44,"",,117.44,31.85,41.25,0.23,"Neutral","MaxHr 160bpm. RestHr 60bpm. Cycling Ftp 175w. Weight 70kg."
"2022-05-16","","","","","",,"",31.1,35.76,-9.4,"Neutral",""
"2022-05-17","VirtualRide","Zwift - Sand And Sequoias in Watopia",35.18,63.66,"",,63.66,31.87,39.47,-4.66,"Neutral","MaxHr 160bpm. RestHr 60bpm. Cycling Ftp 175w. Weight 70kg."
"2022-05-18","VirtualRide","Zwift - Ken's Pain Chapter 5 in Watopia",29.46,48.9,"",,48.9,32.27,40.73,-7.61,"Neutral","MaxHr 160bpm. RestHr 60bpm. Cycling Ftp 175w. Weight 70kg."
"2022-05-19","","","","","",,"",31.51,35.3,-8.46,"Neutral",""
"2022-05-20","VirtualRide","Zwift - Out And Back Again in Watopia",66.9,109.64,"",,109.64,33.35,45.2,-3.8,"Neutral","MaxHr 160bpm. RestHr 60bpm. Cycling Ftp 175w. Weight 70kg."
"2022-05-21","","","","","",,"",32.56,39.18,-11.86,"Optimal",""
"2022-05-22","VirtualRide","Zwift - Race: 3R Racing (C) on Flat Route in Watopia",53.28,72.51,"",,72.51,33.5,43.62,-6.63,"Neutral","MaxHr 160bpm. RestHr 60bpm. Cycling Ftp 175w. Weight 70kg."
"2022-05-23","","","","","",,"",32.71,37.81,-10.12,"Optimal",""
"2022-05-24","","","","","",,"",31.94,32.78,-5.1,"Neutral",""
"2022-05-25","","","","","",,"",31.19,28.41,-0.84,"Neutral",""
"2022-05-26","","","","","",,"",30.46,24.63,2.77,"Neutral",""
"2022-05-27","VirtualRide","Zwift - Race: MEC Bikes NZ - Ride / Race (D) on Watopia's Waistband in Watopia",90.18,109,"",,109,32.31,35.86,5.82,"Freshness","MaxHr 160bpm. RestHr 60bpm. Cycling Ftp 175w. Weight 70kg."
"2022-05-28","","","","","",,"",31.55,31.09,-3.56,"Neutral",""
"2022-05-29","VirtualRide","Zwift - Pace Partner Ride: Neon Flats in Makuri Islands with D. Drops",115.93,95.4,"",,95.4,33.05,39.65,0.45,"Neutral","MaxHr 160bpm. RestHr 60bpm. Cycling Ftp 175w. Weight 70kg."
"2022-05-30","VirtualRide","Zwift - Race: 3R presents the Wheelers' Weekly Smashfest (D) on The Magnificent 8 in Watopia",103.31,97.62,"",,97.62,34.57,47.37,-6.61,"Neutral","MaxHr 160bpm. RestHr 60bpm. Cycling Ftp 175w. Weight 70kg."
"2022-05-31","","","","","",,"",33.75,41.06,-12.8,"Optimal",""
"2022-06-01","","","","","",,"",32.96,35.59,-7.31,"Neutral",""
"2022-06-02","VirtualRide","Zwift - Pace Partner Ride: Watopia's Waistband in Watopia with C. Cadence",133.29,146.5,"",,146.5,35.63,50.36,-2.64,"Neutral","MaxHr 160bpm. RestHr 60bpm. Cycling Ftp 175w. Weight 70kg."
"2022-06-03","","","","","",,"",34.79,43.65,-14.73,"Optimal",""
"2022-06-04","VirtualRide","Zwift - Race: Zwift Insider Rebel Race on Triple Flat Loops in Watopia",103.59,122.54,"",,122.54,36.86,54.15,-8.87,"Neutral","MaxHr 160bpm. RestHr 60bpm. Cycling Ftp 175w. Weight 70kg."
"2022-06-05","","","","","",,"",35.99,46.94,-17.3,"Optimal",""
"2022-06-06","","","","","",,"",35.14,40.69,-10.96,"Optimal",""
"2022-06-07","","","","","",,"",34.32,35.28,-5.56,"Neutral",""
"2022-06-08","VirtualRide","Zwift - Group Ride: 69 minute climb on Road to Sky in Watopia",97.94,98.33,"",,98.33,35.82,43.67,-0.97,"Neutral","MaxHr 160bpm. RestHr 60bpm. Cycling Ftp 175w. Weight 70kg."
"2022-06-09","VirtualRide; VirtualRide","Zwift - Pace Partner Ride: Flat Route in Watopia with C. Cadence; Zwift - Pace Partner Ride: Wandering Flats in Makuri Islands with D. Drops",54.76,59.94,"",,59.94,36.39,45.84,-7.85,"Neutral","MaxHr 160bpm. RestHr 60bpm. Cycling Ftp 175w. Weight 70kg."
"2022-06-10","VirtualRide","Zwift - Race: 3R Volcano Flat Race - 3 Laps (36.6km/22.7mi 138m) (C) on Volcano Flat in Watopia",116.37,105.32,"",,105.32,38.01,53.75,-9.45,"Neutral","MaxHr 160bpm. RestHr 60bpm. Cycling Ftp 175w. Weight 70kg."
"2022-06-11","","","","","",,"",37.12,46.6,-15.75,"Optimal",""
"2022-06-12","VirtualRide","Zwift - Race: 3R Watopia Flat Route Reverse Race - 2 Laps (20.5km/12.7mi 108m) (C) on Flat Route in Watopia",66.12,86.06,"",,86.06,38.27,51.85,-9.49,"Neutral","MaxHr 160bpm. RestHr 60bpm. Cycling Ftp 175w. Weight 70kg."
"2022-06-13","","","","","",,"",37.37,44.95,-13.59,"Optimal",""
"2022-06-14","","","","","",,"",36.49,38.96,-7.59,"Neutral",""
"2022-06-15","VirtualRide","Zwift - Race: 3R Racing (C) on Tick Tock in Watopia",100.01,115.66,"",,115.66,38.35,49.17,-2.48,"Neutral","MaxHr 160bpm. RestHr 60bpm. Cycling Ftp 175w. Weight 70kg."
"2022-06-16","","","","","",,"",37.45,42.63,-10.83,"Optimal",""
"2022-06-17","VirtualRide","Zwift - Road to Sky in Watopia",121.64,167.85,"",,167.85,40.52,59.3,-5.18,"Neutral","MaxHr 160bpm. RestHr 60bpm. Cycling Ftp 175w. Weight 70kg."
"2022-06-18","","","","","",,"",39.56,51.4,-18.78,"Optimal",""
"2022-06-19","VirtualRide","Zwift - Race: Crit Races on Rooftop Rendezvous in Makuri Islands",52.68,74.71,"",,74.71,40.39,54.51,-11.84,"Optimal","MaxHr 160bpm. RestHr 60bpm. Cycling Ftp 175w. Weight 70kg."
"2022-06-20","","","","","",,"",39.44,47.25,-14.12,"Optimal",""
"2022-06-21","VirtualRide","Zwift - Pace Partner Ride: Flat Route in Watopia with D. Draft",56.84,97.58,"",,97.58,40.81,53.95,-7.81,"Neutral","MaxHr 160bpm. RestHr 60bpm. Cycling Ftp 175w. Weight 70kg."
"2022-06-22","","","","","",,"",39.85,46.77,-13.15,"Optimal",""
"2022-06-23","VirtualRide; VirtualRide","Zwift - Pace Partner Ride: Triple Flat Loops in Watopia with C. Cadence; Zwift - Hilly Route in Watopia",31.37,57.3,"",,57.3,40.26,48.17,-6.92,"Neutral","MaxHr 160bpm. RestHr 60bpm. Cycling Ftp 175w. Weight 70kg."
"2022-06-24","","","","","",,"",39.31,41.76,-7.92,"Neutral",""
"2022-06-25","","","","","",,"",38.39,36.2,-2.45,"Neutral",""
"2022-06-26","VirtualRide","Zwift - Race: 3R Racing (C) on Flat Route in Watopia",61.78,79.27,"",,79.27,39.35,41.93,2.18,"Neutral","MaxHr 160bpm. RestHr 60bpm. Cycling Ftp 175w. Weight 70kg."
"2022-06-27","","","","","",,"",38.42,36.35,-2.59,"Neutral",""
"2022-06-28","VirtualRide","Zwift - Pace Partner Ride: Big Foot Hills in Watopia with D. Draft",55.49,91.89,"",,91.89,39.68,43.74,2.07,"Neutral","MaxHr 160bpm. RestHr 60bpm. Cycling Ftp 175w. Weight 70kg."
"2022-06-29","","","","","",,"",38.75,37.92,-4.07,"Neutral",""
"2022-06-30","VirtualRide","Zwift - Flat Route in Watopia",30.18,61.79,"",,61.79,39.29,41.1,0.82,"Neutral","MaxHr 160bpm. RestHr 60bpm. Cycling Ftp 175w. Weight 70kg."
"2022-07-01","","","","","",,"",38.36,35.62,-1.81,"Neutral",""
"2022-07-02","VirtualRide","Zwift - Race: Crit Races on Neokyo Crit Course! (C) on Neokyo Crit Course in Makuri Islands",49.49,73.33,"",,73.33,39.19,40.64,2.73,"Neutral","MaxHr 160bpm. RestHr 60bpm. Cycling Ftp 175w. Weight 70kg."
"2022-07-03","VirtualRide","Zwift - Sand And Sequoias in Watopia",57.67,81.29,"",,81.29,40.18,46.06,-1.46,"Neutral","MaxHr 160bpm. RestHr 60bpm. Cycling Ftp 175w. Weight 70kg."
"2022-07-04","","","","","",,"",39.23,39.92,-5.88,"Neutral",""
"2022-07-05","","","","","",,"",38.31,34.61,-0.7,"Neutral",""
"2022-07-06","VirtualRide","Zwift - Pace Partner Ride: Tempus Fugit in Watopia with D. Draft",119.74,150.88,"",,150.88,40.96,50.09,3.7,"Neutral","MaxHr 160bpm. RestHr 60bpm. Cycling Ftp 175w. Weight 70kg."
"2022-07-07","","","","","",,"",39.99,43.42,-9.13,"Neutral",""
"2022-07-08","","","","","",,"",39.05,37.64,-3.43,"Neutral",""
"2022-07-09","VirtualRide","Zwift - Sand And Sequoias in Watopia",58.21,77.94,"",,77.94,39.97,43,1.41,"Neutral","MaxHr 160bpm. RestHr 60bpm. Cycling Ftp 175w. Weight 70kg."
"2022-07-10","","","","","",,"",39.03,37.28,-3.04,"Neutral",""
"2022-07-11","","","","","",,"",38.11,32.31,1.74,"Neutral",""
"2022-07-12","VirtualRide; VirtualRide","Zwift - Classique in London; Zwift - Race: 3R Racing (C) on Classique in London",75.18,104.97,"",,104.97,39.68,41.99,5.79,"Freshness","MaxHr 160bpm. RestHr 60bpm. Cycling Ftp 175w. Weight 70kg."
"2022-07-13","","","","","",,"",38.75,36.4,-2.31,"Neutral",""
"2022-07-14","","","","","",,"",37.84,31.55,2.35,"Neutral",""
"2022-07-15","VirtualRide","Zwift - Triple Flat Loops in Watopia",30.22,38.59,"",,38.59,37.85,32.49,6.28,"Freshness","MaxHr 160bpm. RestHr 60bpm. Cycling Ftp 175w. Weight 70kg."
"2022-07-16","","","","","",,"",36.96,28.16,5.36,"Freshness",""
"2022-07-17","","","","","",,"",36.09,24.41,8.8,"Freshness",""
"2022-07-18","Run","Night Run",34.86,"","",,34.86,36.06,25.8,11.68,"Freshness","MaxHr 160bpm. RestHr 60bpm. Weight 70kg."
"2022-07-19","Run","Run along Menomonee river","","","",,"",35.22,22.37,10.26,"Freshness","Weight 70kg."
"2022-07-20","","","","","",,"",34.39,19.39,12.84,"Freshness",""
"2022-07-21","","","","","",,"",33.58,16.81,14.99,"Freshness",""
"2022-07-22","","","","","",,"",32.79,14.57,16.77,"Freshness",""
"2022-07-23","","","","","",,"",32.02,12.63,18.21,"Freshness",""
"2022-07-24","","","","","",,"",31.26,10.95,19.38,"Freshness",""
"2022-07-25","VirtualRide","Zwift - Tempus Fugit in Watopia",34.31,38.88,"",,38.88,31.44,14.67,20.31,"Freshness","MaxHr 160bpm. RestHr 60bpm. Cycling Ftp 175w. Weight 70kg."
"2022-07-26","VirtualRide; VirtualRide","Zwift - Pace Partner Ride: Roule Ma Poule in France with D. Drops; Zwift - Pace Partner Ride: Watopia's Waistband in Watopia with D. Diesel",75.95,94.45,"",,94.45,32.92,25.29,16.77,"Freshness","MaxHr 160bpm. RestHr 60bpm. Cycling Ftp 175w. Weight 70kg."
"2022-07-27","","","","","",,"",32.15,21.92,7.63,"Freshness",""
"2022-07-28","","","","","",,"",31.39,19,10.22,"Freshness",""
"2022-07-29","","","","","",,"",30.65,16.47,12.39,"Freshness",""
"2022-07-30","VirtualRide","Zwift - Pace Partner Ride: Tick Tock in Watopia with D. Disc",63.97,91.61,"",,91.61,32.09,26.47,14.18,"Freshness","MaxHr 160bpm. RestHr 60bpm. Cycling Ftp 175w. Weight 70kg."
"2022-07-31","","","","","",,"",31.33,22.95,5.61,"Freshness",""
"2022-08-01","VirtualRide","Lunch Ride",98.23,111.61,"",,111.61,33.22,34.75,8.38,"Freshness","MaxHr 160bpm. RestHr 60bpm. Cycling Ftp 175w. Weight 70kg."
"2022-08-02","","","","","",,"",32.44,30.12,-1.53,"Neutral",""
"2022-08-03","","","","","",,"",31.68,26.11,2.31,"Neutral",""
"2022-08-04","VirtualRide","Zwift - Pace Partner Ride: Big Foot Hills in Watopia with D. Draft",48.19,65.98,"",,65.98,32.48,31.42,5.56,"Freshness","MaxHr 160bpm. RestHr 60bpm. Cycling Ftp 175w. Weight 70kg."
"2022-08-05","","","","","",,"",31.72,27.24,1.06,"Neutral",""
"2022-08-06","VirtualRide","Zwift - Pace Partner Ride: Neon Flats in Makuri Islands with D. Drops",114.3,142.99,"",,142.99,34.34,42.65,4.48,"Neutral","MaxHr 160bpm. RestHr 60bpm. Cycling Ftp 175w. Weight 70kg."
"2022-08-07","","","","","",,"",33.53,36.97,-8.31,"Neutral",""
"2022-08-08","VirtualRide","Zwift - Sand And Sequoias in Watopia",53.74,79.84,"",,79.84,34.62,42.68,-3.44,"Neutral","MaxHr 160bpm. RestHr 60bpm. Cycling Ftp 175w. Weight 70kg."
"2022-08-09","","","","","",,"",33.8,36.99,-8.06,"Neutral",""
"2022-08-10","VirtualRide","Zwift - Race: ZHQ FutureWorks Circuit Race - Anti-sandbagging (C) on Champs-Élysées in Paris",11.61,61.06,"",,61.06,34.45,40.2,-3.19,"Neutral","MaxHr 160bpm. RestHr 60bpm. Cycling Ftp 175w. Weight 70kg."
"2022-08-11","","","","","",,"",33.64,34.85,-5.76,"Neutral",""
"2022-08-12","","","","","",,"",32.84,30.21,-1.22,"Neutral",""
"2022-08-13","","","","","",,"",32.07,26.18,2.63,"Neutral",""
"2022-08-14","","","","","",,"",31.32,22.7,5.88,"Freshness",""
"2022-08-15","","","","","",,"",30.58,19.68,8.61,"Freshness",""
"2022-08-16","","","","","",,"",29.86,17.06,10.9,"Freshness",""
"2022-08-17","","","","","",,"",29.16,14.78,12.8,"Freshness",""
"2022-08-18","","","","","",,"",28.47,12.82,14.37,"Freshness",""
"2022-08-19","","","","","",,"",27.8,11.11,15.65,"Freshness",""
"2022-08-20","","","","","",,"",27.15,9.63,16.69,"Freshness",""
"2022-08-21","","","","","",,"",26.51,8.35,17.51,"Freshness",""
"2022-08-22","","","","","",,"",25.88,7.24,18.16,"Freshness",""
"2022-08-23","VirtualRide","Zwift - Pace Partner Ride: Volcano Circuit in Watopia with Disc",22.84,28.72,"",,28.72,25.95,10.09,18.64,"Freshness","MaxHr 160bpm. RestHr 60bpm. Cycling Ftp 175w. Weight 70kg."
"2022-08-24","VirtualRide","Zwift - Pace Partner Ride: Volcano Flat in Watopia with Draft",86.72,82.03,"",,82.03,27.27,19.67,15.85,"Freshness","MaxHr 160bpm. RestHr 60bpm. Cycling Ftp 175w. Weight 70kg."
"2022-08-25","VirtualRide","Zwift - Pace Partner Ride: Neokyo All-Nighter in Makuri Islands with Drops",62.01,73.19,"",,73.19,28.35,26.79,7.59,"Freshness","MaxHr 160bpm. RestHr 60bpm. Cycling Ftp 175w. Weight 70kg."
"2022-08-26","","","","","",,"",27.68,23.23,1.55,"Neutral",""
"2022-08-27","","","","","",,"",27.03,20.13,4.45,"Neutral",""
"2022-08-28","VirtualRide; VirtualRide","Zwift - Pace Partner Ride: Volcano Flat in Watopia with Draft; Zwift - Race: DIRT feat. Beastmode p/b ROSE - #BeastmodeON (C) on Park Perimeter Loop in New York",68.75,82.14,"",,82.14,28.33,28.39,6.89,"Freshness","MaxHr 160bpm. RestHr 60bpm. Cycling Ftp 175w. Weight 70kg."
"2022-08-29","","","","","",,"",27.66,24.61,-0.07,"Neutral",""
"2022-08-30","","","","","",,"",27.01,21.33,3.05,"Neutral",""
"2022-08-31","VirtualRide","Zwift - Pace Partner Ride: Volcano Flat in Watopia with Disc",26.65,27.27,"",,27.27,27.02,22.12,5.67,"Freshness","MaxHr 160bpm. RestHr 60bpm. Cycling Ftp 175w. Weight 70kg."
"2022-09-01","VirtualRide","Zwift - Pace Partner Ride: Volcano Flat in Watopia with Disc",76.28,120.14,"",,120.14,29.21,35.17,4.89,"Neutral","MaxHr 160bpm. RestHr 60bpm. Cycling Ftp 175w. Weight 70kg."
"2022-09-02","","","","","",,"",28.52,30.49,-5.97,"Neutral",""
"2022-09-03","","","","","",,"",27.85,26.43,-1.97,"Neutral",""
"2022-09-04","VirtualRide","Zwift - Sand And Sequoias in Watopia",72.41,83.97,"",,83.97,29.17,34.09,1.42,"Neutral","MaxHr 160bpm. RestHr 60bpm. Cycling Ftp 175w. Weight 70kg."
"2022-09-05","","","","","",,"",28.48,29.55,-4.92,"Neutral",""
"2022-09-06","","","","","",,"",27.81,25.62,-1.07,"Neutral",""
"2022-09-07","","","","","",,"",27.16,22.21,2.19,"Neutral",""
"2022-09-08","","","","","",,"",26.52,19.25,4.95,"Neutral",""
"2022-09-09","","","","","",,"",25.9,16.69,7.27,"Freshness",""
"2022-09-10","","","","","",,"",25.29,14.46,9.2,"Freshness",""
"2022-09-11","VirtualRide","Zwift - Sand And Sequoias in Watopia",36.49,46.65,"",,46.65,25.79,18.75,10.82,"Freshness","MaxHr 160bpm. RestHr 60bpm. Cycling Ftp 175w. Weight 70kg."
"2022-09-12","","","","","",,"",25.18,16.25,7.04,"Freshness",""
"2022-09-13","","","","","",,"",24.59,14.09,8.92,"Freshness",""
"2022-09-14","","","","","",,"",24.01,12.21,10.5,"Freshness",""
"2022-09-15","","","","","",,"",23.45,10.59,11.79,"Freshness",""
"2022-09-16","","","","","",,"",22.89,9.18,12.85,"Freshness",""
"2022-09-17","","","","","",,"",22.35,7.95,13.71,"Freshness",""
"2022-09-18","","","","","",,"",21.83,6.89,14.4,"Freshness",""
"2022-09-19","","","","","",,"",21.32,5.98,14.93,"Freshness",""
"2022-09-20","","","","","",,"",20.81,5.18,15.33,"Freshness",""
"2022-09-21","","","","","",,"",20.32,4.49,15.63,"Freshness",""
"2022-09-22","","","","","",,"",19.85,3.89,15.83,"Freshness",""
"2022-09-23","","","","","",,"",19.38,3.37,15.95,"Freshness",""
"2022-09-24","","","","","",,"",18.92,2.92,16,"Freshness",""
"2022-09-25","","","","","",,"",18.48,2.53,15.99,"Freshness",""
"2022-09-26","","","","","",,"",18.04,2.2,15.94,"Freshness",""
"2022-09-27","","","","","",,"",17.62,1.9,15.84,"Freshness",""
"2022-09-28","","","","","",,"",17.2,1.65,15.71,"Freshness",""
"2022-09-29","","","","","",,"",16.8,1.43,15.55,"Freshness",""
"2022-09-30","","","","","",,"",16.4,1.24,15.36,"Freshness",""
"2022-10-01","","","","","",,"",16.02,1.07,15.16,"Freshness",""
"2022-10-02","","","","","",,"",15.64,0.93,14.94,"Freshness",""
"2022-10-03","","","","","",,"",15.27,0.8,14.71,"Freshness",""
"2022-10-04","","","","","",,"",14.91,0.7,14.46,"Freshness",""
"2022-10-05","","","","","",,"",14.56,0.6,14.21,"Freshness",""
"2022-10-06","","","","","",,"",14.22,0.52,13.95,"Freshness",""
"2022-10-07","","","","","",,"",13.88,0.45,13.69,"Freshness",""
"2022-10-08","","","","","",,"",13.56,0.39,13.43,"Freshness",""
"2022-10-09","","","","","",,"",13.24,0.34,13.16,"Freshness",""
"2022-10-10","","","","","",,"",12.93,0.29,12.89,"Freshness",""
"2022-10-11","","","","","",,"",12.62,0.25,12.63,"Freshness",""
"2022-10-12","","","","","",,"",12.32,0.22,12.36,"Freshness",""
"2022-10-13","","","","","",,"",12.03,0.19,12.1,"Freshness",""
"2022-10-14","","","","","",,"",11.75,0.16,11.84,"Freshness",""
"2022-10-15","","","","","",,"",11.47,0.14,11.58,"Freshness",""
"2022-10-16","","","","","",,"",11.2,0.12,11.33,"Freshness",""
"2022-10-17","","","","","",,"",10.94,0.1,11.08,"Freshness",""
"2022-10-18","","","","","",,"",10.68,0.09,10.83,"Freshness",""
"2022-10-19","","","","","",,"",10.43,0.08,10.59,"Freshness",""
"2022-10-20","","","","","",,"",10.19,0.07,10.35,"Freshness",""
"2022-10-21","","","","","",,"",9.95,0.06,10.12,"Freshness",""
"2022-10-22","","","","","",,"",9.71,0.05,9.88,"Freshness",""
"2022-10-23","VirtualRide","Zwift - Tempus Fugit in Watopia",23.9,23.87,"",,23.87,10.05,3.22,9.66,"Freshness","MaxHr 160bpm. RestHr 60bpm. Cycling Ftp 175w. Weight 70kg."
"2022-10-24","VirtualRide","Zwift - Tempus Fugit in Watopia",28.83,29.04,"",,29.04,10.49,6.66,6.82,"Freshness","MaxHr 160bpm. RestHr 60bpm. Cycling Ftp 175w. Weight 70kg."
"2022-10-25","","","","","",,"",10.25,5.77,3.83,"Neutral",""
"2022-10-26","","","","","",,"",10,5,4.47,"Neutral",""
"2022-10-27","","","","","",,"",9.77,4.33,5,"Freshness",""
"2022-10-28","","","","","",,"",9.54,3.76,5.43,"Freshness",""
"2022-10-29","","","","","",,"",9.31,3.26,5.78,"Freshness",""
"2022-10-30","VirtualRide; VirtualRide","Zwift - Pace Partner Ride: Volcano Flat in Watopia with Miguel; Zwift - Pace Partner Ride: Eastern Eight in Watopia with Masher",42.76,41.61,"",,41.61,10.07,8.36,6.05,"Freshness","MaxHr 160bpm. RestHr 60bpm. Cycling Ftp 175w. Weight 70kg."
"2022-10-31","VirtualRide","Zwift - Pace Partner Ride: Tick Tock in Watopia with Maria",40.95,37.88,"",,37.88,10.73,12.29,1.71,"Neutral","MaxHr 160bpm. RestHr 60bpm. Cycling Ftp 175w. Weight 70kg."
"2022-11-01","","","","","",,"",10.48,10.65,-1.57,"Neutral",""
"2022-11-02","","","","","",,"",10.23,9.24,-0.18,"Neutral",""
"2022-11-03","","","","","",,"",9.99,8.01,0.99,"Neutral",""
"2022-11-04","","","","","",,"",9.75,6.94,1.98,"Neutral",""
"2022-11-05","","","","","",,"",9.52,6.01,2.81,"Neutral",""
"2022-11-06","","","","","",,"",9.3,5.21,3.5,"Neutral",""
"2022-11-07","","","","","",,"",9.08,4.52,4.08,"Neutral",""
"2022-11-08","","","","","",,"",8.87,3.92,4.56,"Neutral",""
"2022-11-09","","","","","",,"",8.66,3.39,4.95,"Neutral",""
"2022-11-10","","","","","",,"",8.45,2.94,5.26,"Freshness",""
"2022-11-11","VirtualRide","Zwift - Tempus Fugit in Watopia",45.2,48.04,"",,48.04,9.39,8.95,5.51,"Freshness","MaxHr 160bpm. RestHr 60bpm. Cycling Ftp 175w. Weight 70kg."
"2022-11-12","","","","","",,"",9.16,7.75,0.44,"Neutral",""
"2022-11-13","","","","","",,"",8.95,6.72,1.41,"Neutral",""
"2022-11-14","","","","","",,"",8.74,5.83,2.22,"Neutral",""
"2022-11-15","VirtualRide","Zwift - Tempus Fugit in Watopia",61.49,49.06,"",,49.06,9.69,11.58,2.91,"Neutral","MaxHr 160bpm. RestHr 60bpm. Cycling Ftp 175w. Weight 70kg."
"2022-11-16","VirtualRide","Zwift - Pace Partner Ride: Watopia's Waistband in Watopia with Maria",60.81,40.87,"",,40.87,10.42,15.48,-1.9,"Neutral","MaxHr 160bpm. RestHr 60bpm. Cycling Ftp 175w. Weight 70kg."
"2022-11-17","","","","","",,"",10.18,13.42,-5.06,"Neutral",""
"2022-11-18","VirtualRide","Zwift - Race: EVO CC Sprint Race Series  (D) on Three Village Loop in Makuri Islands",53.57,42.56,"",,42.56,10.94,17.3,-3.25,"Neutral","MaxHr 160bpm. RestHr 60bpm. Cycling Ftp 175w. Weight 70kg."
"2022-11-19","","","","","",,"",10.68,14.99,-6.37,"Neutral",""
"2022-11-20","VirtualRide","Zwift - Sand And Sequoias in Watopia",62.89,57.28,"",,57.28,11.78,20.62,-4.32,"Neutral","MaxHr 160bpm. RestHr 60bpm. Cycling Ftp 175w. Weight 70kg."
"2022-11-21","","","","","",,"",11.5,17.88,-8.85,"Neutral",""
"2022-11-22","VirtualRide; VirtualRide","Zwift - Pace Partner Ride: Country to Coastal in Makuri Islands with Miguel; Zwift - Race: EVO CC Race Series (C) on Bridges and Boardwalks in Makuri Islands",89.3,90.11,"",,90.11,13.35,27.49,-6.38,"Neutral","MaxHr 160bpm. RestHr 60bpm. Cycling Ftp 175w. Weight 70kg."
"2022-11-23","","","","","",,"",13.03,23.83,-14.15,"Optimal",""
"2022-11-24","VirtualRide","Zwift - Race: F365 Race League on Neokyo Crit Course in Makuri Islands",63.65,61.9,"",,61.9,14.18,28.9,-10.8,"Optimal","MaxHr 160bpm. RestHr 60bpm. Cycling Ftp 175w. Weight 70kg."
"2022-11-25","","","","","",,"",13.85,25.05,-14.72,"Optimal",""
"2022-11-26","VirtualRide","Zwift - Sand And Sequoias in Watopia",61.53,80.91,"",,80.91,15.43,32.49,-11.21,"Optimal","MaxHr 160bpm. RestHr 60bpm. Cycling Ftp 175w. Weight 70kg."
"2022-11-27","","","","","",,"",15.07,28.16,-17.07,"Optimal",""
"2022-11-28","","","","","",,"",14.71,24.41,-13.1,"Optimal",""
"2022-11-29","VirtualRide; VirtualRide","Zwift - Pace Partner Ride: Sprinter's Playground in Makuri Islands with Bernie; Zwift - Race: EVO CC Race Series (D) on Bridges and Boardwalks in Makuri Islands",7.15,20.71,"",,20.71,14.85,23.92,-9.71,"Neutral","MaxHr 160bpm. RestHr 60bpm. Cycling Ftp 175w. Weight 70kg."
"2022-11-30","","","","","",,"",14.5,20.73,-9.07,"Neutral",""
"2022-12-01","","","","","",,"",14.16,17.97,-6.24,"Neutral",""
"2022-12-02","","","","","",,"",13.83,15.58,-3.82,"Neutral",""
"2022-12-03","","","","","",,"",13.5,13.51,-1.76,"Neutral",""
"2022-12-04","VirtualRide","Zwift - Tempus Fugit in Watopia",13.68,31.68,"",,31.68,13.93,15.92,-0.01,"Neutral","MaxHr 160bpm. RestHr 60bpm. Cycling Ftp 175w. Weight 70kg."
"2022-12-05","","","","","",,"",13.6,13.8,-2,"Neutral",""
"2022-12-06","VirtualRide","Zwift - Volcano Circuit in Watopia","",2.39,"",,2.39,13.34,12.29,-0.21,"Neutral","Cycling Ftp 175w. Weight 70kg."
"2022-12-07","VirtualRide","Zwift - Sand And Sequoias in Watopia",44.98,58.42,"",,58.42,14.4,18.43,1.05,"Neutral","MaxHr 160bpm. RestHr 60bpm. Cycling Ftp 175w. Weight 70kg."
"2022-12-08","VirtualRide","Zwift - Race: 3R iTT Race - Watopia Tick Tock - 1 Lap (D) on Tick Tock in Watopia",70.07,75.38,"",,75.38,15.83,26.01,-4.03,"Neutral","MaxHr 160bpm. RestHr 60bpm. Cycling Ftp 175w. Weight 70kg."
"2022-12-09","","","","","",,"",15.46,22.55,-10.18,"Optimal",""
"2022-12-10","","","","","",,"",15.1,19.54,-7.09,"Neutral",""
"2022-12-11","","","","","",,"",14.74,16.94,-4.45,"Neutral",""
"2022-12-12","","","","","",,"",14.39,14.69,-2.2,"Neutral",""
"2022-12-13","VirtualRide","Zwift - Race: UK Armed Forces Cycling Community Race Night (D) on Volcano Flat Reverse in Watopia",97.49,100.45,"",,100.45,16.42,26.1,-0.3,"Neutral","MaxHr 160bpm. RestHr 60bpm. Cycling Ftp 175w. Weight 70kg."
"2022-12-14","VirtualRide","Zwift - Race: 3R Racing (D) on Innsbruckring in Innsbruck",99.13,71.64,"",,71.64,17.72,32.16,-9.69,"Neutral","MaxHr 160bpm. RestHr 60bpm. Cycling Ftp 175w. Weight 70kg."
"2022-12-15","","","","","",,"",17.3,27.88,-14.45,"Optimal",""
"2022-12-16","VirtualRide","Zwift - Race: EVR Americas (D) on The Fan Flats in Richmond",126.15,110.42,"",,110.42,19.49,38.87,-10.59,"Optimal","MaxHr 160bpm. RestHr 60bpm. Cycling Ftp 175w. Weight 70kg."
"2022-12-17","VirtualRide","Zwift - Beach Island Loop in Watopia","",19.34,"",,19.34,19.49,36.27,-19.38,"Optimal","Cycling Ftp 175w. Weight 70kg."
"2022-12-18","","","","","",,"",19.03,31.44,-16.79,"Optimal",""
"2022-12-19","VirtualRide","Zwift - Race: 3R presents the Wheelers' Weekly Smashfest (D) on The Magnificent 8 in Watopia",93.1,91.09,"",,91.09,20.73,39.38,-12.42,"Optimal","MaxHr 160bpm. RestHr 60bpm. Cycling Ftp 175w. Weight 70kg."
"2022-12-20","","","","","",,"",20.24,34.14,-18.66,"Optimal",""
"2022-12-21","VirtualRide","Zwift - Race: MIDWEEK Winter Series by SZR (D) on Downtown Dolphin in Crit City",98.31,91.11,"",,91.11,21.91,41.72,-13.91,"Optimal","MaxHr 160bpm. RestHr 60bpm. Cycling Ftp 175w. Weight 70kg."
"2022-12-22","VirtualRide","Zwift - Pace Partner Ride: Triple Flat Loops in Watopia with Miguel",15.22,26.41,"",,26.41,22.01,39.68,-19.82,"Optimal","MaxHr 160bpm. RestHr 60bpm. Cycling Ftp 175w. Weight 70kg."
"2022-12-23","","","","","",,"",21.49,34.4,-17.68,"Optimal",""
"2022-12-24","VirtualRide","Zwift - Sand And Sequoias in Watopia",75.35,70.01,"",,70.01,22.64,39.14,-12.91,"Optimal","MaxHr 160bpm. RestHr 60bpm. Cycling Ftp 175w. Weight 70kg."
"2022-12-25","","","","","",,"",22.1,33.93,-16.51,"Optimal",""
"2022-12-26","","","","","",,"",21.58,29.41,-11.83,"Optimal",""
"2022-12-27","VirtualRide","Zwift - Ramp Test in Watopia",12.12,24.47,"",,24.47,21.65,28.76,-7.84,"Neutral","MaxHr 160bpm. RestHr 60bpm. Cycling Ftp 175w. Weight 70kg."
"2022-12-28","VirtualRide","Zwift - Race: ART Jersey Unlock Double Draft Race (D) on Electric Loop in Makuri Islands",101.19,91.74,"",,91.74,23.3,37.14,-7.11,"Neutral","MaxHr 160bpm. RestHr 60bpm. Cycling Ftp 175w. Weight 70kg."
"2022-12-29","VirtualRide","Zwift - Serpentine 8 in Watopia",33.26,39.92,"",,39.92,23.69,37.51,-13.85,"Optimal","MaxHr 160bpm. RestHr 60bpm. Cycling Ftp 175w. Weight 70kg."
"2022-12-30","VirtualRide","Zwift - Two Bridges Loop in Watopia",32.72,43.45,"",,43.45,24.16,38.3,-13.82,"Optimal","MaxHr 160bpm. RestHr 60bpm. Cycling Ftp 175w. Weight 70kg."
"2022-12-31","VirtualRide; VirtualRide","Zwift - Beach Island Loop in Watopia; Zwift - Group Ride: Bambino Fondo on 2022 Bambino Fondo in Watopia",128.85,146.33,"",,146.33,27.03,52.68,-14.15,"Optimal","MaxHr 160bpm. RestHr 60bpm. Cycling Ftp 175w. Weight 70kg."
"2023-01-01","","","","","",,"",26.39,45.67,-25.66,"Optimal",""
"2023-01-02","","","","","",,"",25.77,39.59,-19.28,"Optimal",""
"2023-01-03","VirtualRide","Zwift - Race: STAGE 1: FLAT IS FAST—Tick Tock (D) on Tick Tock in Watopia",90.66,100.87,"",,100.87,27.54,47.75,-13.82,"Optimal","MaxHr 160bpm. RestHr 60bpm. Cycling Ftp 175w. Weight 70kg."
"2023-01-04","VirtualRide","Zwift - Pace Partner Ride: Tick Tock in Watopia with Maria",36.73,52.63,"",,52.63,28.13,48.4,-20.21,"Optimal","MaxHr 160bpm. RestHr 60bpm. Cycling Ftp 175w. Weight 70kg."
"2023-01-05","VirtualRide","Zwift - Pace Partner Ride: Triple Flat Loops in Watopia with Taylor",47.2,87.94,"",,87.94,29.54,53.66,-20.27,"Optimal","MaxHr 160bpm. RestHr 60bpm. Cycling Ftp 175w. Weight 70kg."
"2023-01-06","","","","","",,"",28.84,46.52,-24.13,"Optimal",""
"2023-01-07","VirtualRide; VirtualRide","Zwift - Pace Partner Ride: Tick Tock in Watopia with Maria; Zwift - Pace Partner Ride: Tempus Fugit in Watopia with Coco",57.66,68.99,"",,68.99,29.79,49.51,-17.68,"Optimal","MaxHr 160bpm. RestHr 60bpm. Cycling Ftp 175w. Weight 70kg."
"2023-01-08","","","","","",,"",29.09,42.92,-19.73,"Optimal",""
"2023-01-09","VirtualRide; VirtualRide","Zwift - Tick Tock in Watopia; Zwift - Group Ride: Tour de Zwift 2023 | Stage 1 | Ride, Short on Harrogate Circuit Reverse in Yorkshire",60.4,74.41,"",,74.41,30.15,47.11,-13.84,"Optimal","MaxHr 160bpm. RestHr 60bpm. Cycling Ftp 175w. Weight 70kg."
"2023-01-10","VirtualRide","Zwift - Race: WKG - CRITTY CRITTY BANG BANG (D) on Downtown Dolphin in Crit City",90.43,104.84,"",,104.84,31.91,54.8,-16.96,"Optimal","MaxHr 160bpm. RestHr 60bpm. Cycling Ftp 175w. Weight 70kg."
"2023-01-11","VirtualRide","Zwift - Volcano Climb in Watopia",9.04,28.26,"",,28.26,31.82,51.26,-22.89,"Optimal","MaxHr 160bpm. RestHr 60bpm. Cycling Ftp 175w. Weight 70kg."
"2023-01-12","","","","","",,"",31.07,44.44,-19.44,"Optimal",""
"2023-01-13","VirtualRide; VirtualRide","Zwift - Two Bridges Loop in Watopia; Zwift - Race: STAGE 2: FLAT IS FAST—The Fan Flats (C) on The Fan Flats in Richmond",40.46,65.55,"",,65.55,31.89,47.25,-13.37,"Optimal","MaxHr 160bpm. RestHr 60bpm. Cycling Ftp 175w. Weight 70kg."
"2023-01-14","","","","","",,"",31.14,40.96,-15.37,"Optimal",""
"2023-01-15","","","","","",,"",30.4,35.5,-9.83,"Neutral",""
"2023-01-16","VirtualRide","Zwift - Race: TeamPTz - ""Bota Lume"" Race Series (D) on Volcano Flat Reverse in Watopia",63.59,76.15,"",,76.15,31.48,40.92,-5.11,"Neutral","MaxHr 160bpm. RestHr 60bpm. Cycling Ftp 175w. Weight 70kg."
"2023-01-17","VirtualRide","Zwift - Group Ride: Tour de Zwift 2023 | Stage 3 | Ride, Standard on Douce France in France",67.5,91.75,"",,91.75,32.9,47.68,-9.44,"Neutral","MaxHr 160bpm. RestHr 60bpm. Cycling Ftp 175w. Weight 70kg."
"2023-01-18","","","","","",,"",32.12,41.33,-14.79,"Optimal",""
"2023-01-19","VirtualRide","Zwift - Watopia's Waistband in Watopia",37.41,56.71,"",,56.71,32.7,43.38,-9.22,"Neutral","MaxHr 160bpm. RestHr 60bpm. Cycling Ftp 175w. Weight 70kg."
"2023-01-20","VirtualRide","Zwift - Race: SZR After Work Party (C) on The Bell Lap in Crit City",63.03,73.12,"",,73.12,33.65,47.34,-10.68,"Optimal","MaxHr 160bpm. RestHr 60bpm. Cycling Ftp 175w. Weight 70kg."
"2023-01-21","","","","","",,"",32.86,41.04,-13.69,"Optimal",""
"2023-01-22","VirtualRide","Zwift - Group Ride: Tour de Zwift 2023 | Stage 4 | Ride, Standard on Greatest London Loop Reverse in London",87.48,113.21,"",,113.21,34.75,50.64,-8.18,"Neutral","MaxHr 160bpm. RestHr 60bpm. Cycling Ftp 175w. Weight 70kg."
"2023-01-23","","","","","",,"",33.93,43.9,-15.9,"Optimal",""
"2023-01-24","VirtualRide; VirtualRide","Zwift - Group Ride: Tour de Zwift 2023 | Stage 5 | Ride, Standard on Knickerbocker Reverse in New York; Zwift - Two Bridges Loop in Watopia",79.64,108.73,"",,108.73,35.69,52.53,-9.97,"Neutral","MaxHr 160bpm. RestHr 60bpm. Cycling Ftp 175w. Weight 70kg."
"2023-01-25","VirtualRide","Zwift - Watopia's Waistband in Watopia",65.71,94.01,"",,94.01,37.07,58.05,-16.84,"Optimal","MaxHr 160bpm. RestHr 60bpm. Cycling Ftp 175w. Weight 70kg."
"2023-01-26","","","","","",,"",36.19,50.32,-20.99,"Optimal",""
"2023-01-27","VirtualRide","Zwift - Group Ride: Tour de Zwift 2023 | Stage 6 | Ride, Short on Watopia's Waistband in Watopia",65.35,75.41,"",,75.41,37.12,53.66,-14.14,"Optimal","MaxHr 160bpm. RestHr 60bpm. Cycling Ftp 175w. Weight 70kg."
"2023-01-28","","","","","",,"",36.24,46.52,-16.55,"Optimal",""
"2023-01-29","","","","","",,"",35.39,40.33,-10.28,"Optimal",""
"2023-01-30","","","","","",,"",34.56,34.96,-4.94,"Neutral",""
"2023-01-31","VirtualRide","Zwift - Pacer Group Ride: Flat Route in Watopia with Miguel",19.12,27.15,"",,27.15,34.38,33.92,-0.41,"Neutral","MaxHr 160bpm. RestHr 60bpm. Cycling Ftp 175w. Weight 70kg."
"2023-02-01","","","","","",,"",33.57,29.4,0.46,"Neutral",""
"2023-02-02","","","","","",,"",32.78,25.49,4.17,"Neutral",""
"2023-02-03","","","","","",,"",32.01,22.09,7.29,"Freshness",""
"2023-02-04","VirtualRide","Zwift - Group Ride: Tour de Zwift 2023 | Stage 8 | Ride, Long on Rolling Highlands in ",59.07,69.95,"",,69.95,32.9,28.46,9.91,"Freshness","MaxHr 160bpm. RestHr 60bpm. Cycling Ftp 175w. Weight 70kg."
"2023-02-05","VirtualRide","Zwift - SST (Med) in Watopia",71.93,82.99,"",,82.99,34.08,35.72,4.44,"Neutral","MaxHr 160bpm. RestHr 60bpm. Cycling Ftp 175w. Weight 70kg."
"2023-02-06","VirtualRide","Zwift - Group Ride: Tour de Zwift 2023 | Stage 2 | Ride | Short on The Fan Flats in Richmond",35.4,38.49,"",,38.49,34.19,36.09,-1.65,"Neutral","MaxHr 160bpm. RestHr 60bpm. Cycling Ftp 175w. Weight 70kg."
"2023-02-07","VirtualRide","Zwift - Group Ride: Tour de Zwift 2023 | Stage 7 | Ride | Standard on Island Outskirts in Makuri Islands",97.5,109.22,"",,109.22,35.95,45.83,-1.91,"Neutral","MaxHr 160bpm. RestHr 60bpm. Cycling Ftp 175w. Weight 70kg."
"2023-02-08","","","","","",,"",35.11,39.73,-9.88,"Neutral",""
"2023-02-09","VirtualRide","Zwift - Race: Flanders De BZR Ronde  (C) on Makuri 40 in Makuri Islands",122.42,126.02,"",,126.02,37.25,51.21,-4.62,"Neutral","MaxHr 160bpm. RestHr 60bpm. Cycling Ftp 175w. Weight 70kg."
"2023-02-10","","","","","",,"",36.37,44.4,-13.97,"Optimal",""
"2023-02-11","VirtualRide; VirtualRide","Zwift - SST (Med) in Watopia; Zwift - Tempus Fugit in Watopia",67.81,87.63,"",,87.63,37.57,50.15,-8.03,"Neutral","MaxHr 160bpm. RestHr 60bpm. Cycling Ftp 175w. Weight 70kg."
"2023-02-12","VirtualRide","Zwift - Tempus Fugit in Watopia",47.38,70.74,"",,70.74,38.36,52.89,-12.58,"Optimal","MaxHr 160bpm. RestHr 60bpm. Cycling Ftp 175w. Weight 70kg."
"2023-02-13","","","","","",,"",37.45,45.85,-14.54,"Optimal",""
"2023-02-14","VirtualRide; VirtualRide; VirtualRide","Zwift - Group Ride: Cocorico Banana - Group Ride - Bikes France (E) on The Magnificent 8 in Watopia; Zwift - Ramp Test in Watopia; Zwift - 2 by 2 in Watopia",30.21,52.48,"",,52.48,37.81,46.73,-8.4,"Neutral","MaxHr 160bpm. RestHr 60bpm. Cycling Ftp 175w. Weight 70kg."
"2023-02-15","","","","","",,"",36.92,40.51,-8.93,"Neutral",""
"2023-02-16","VirtualRide","Zwift - Race: WattFabrik CE Point Race  on Three Little Sisters in Watopia",96.16,108.53,"",,108.53,38.6,49.57,-3.6,"Neutral","MaxHr 160bpm. RestHr 60bpm. Cycling Ftp 175w. Weight 70kg."
"2023-02-17","","","","","",,"",37.69,42.97,-10.97,"Optimal",""
"2023-02-18","VirtualRide; VirtualRide","Zwift - Pacer Group Ride: Neokyo All-Nighter in Makuri Islands with Bernie; Zwift - Race: Wobble Sprint Series (WSS) (C) on Hilly Route in Watopia",70.75,69.58,"",,69.58,38.44,46.51,-5.28,"Neutral","MaxHr 160bpm. RestHr 60bpm. Cycling Ftp 175w. Weight 70kg."
"2023-02-19","","","","","",,"",37.54,40.32,-8.07,"Neutral",""
"2023-02-20","","","","","",,"",36.66,34.95,-2.78,"Neutral",""
"2023-02-21","VirtualRide","Zwift - Race: Frenchy Fuzion Race (C) on R.G.V. in France",76.45,70.43,"",,70.43,37.45,39.67,1.7,"Neutral","MaxHr 160bpm. RestHr 60bpm. Cycling Ftp 175w. Weight 70kg."
"2023-02-22","VirtualRide","Zwift - Tick Tock in Watopia",10.35,16.31,"",,16.31,36.95,36.56,-2.23,"Neutral","MaxHr 160bpm. RestHr 60bpm. Cycling Ftp 175w. Weight 70kg."
"2023-02-23","VirtualRide","Zwift - Tempus Fugit in Watopia",24.91,35.08,"",,35.08,36.91,36.37,0.38,"Neutral","MaxHr 160bpm. RestHr 60bpm. Cycling Ftp 175w. Weight 70kg."
"2023-02-24","","","","","",,"",36.04,31.52,0.54,"Neutral",""
"2023-02-25","VirtualRide; VirtualRide","Zwift - Tick Tock in Watopia; Zwift - Race: EVO CC Race Series (C) on Innsbruckring in Innsbruck",87.87,91.11,"",,91.11,37.34,39.46,4.51,"Neutral","MaxHr 160bpm. RestHr 60bpm. Cycling Ftp 175w. Weight 70kg."
"2023-02-26","","","","","",,"",36.46,34.2,-2.12,"Neutral",""
"2023-02-27","VirtualRide","Zwift - Race: 3R Racing (C) on Innsbruckring in Innsbruck",82.73,96.37,"",,96.37,37.87,42.48,2.25,"Neutral","MaxHr 160bpm. RestHr 60bpm. Cycling Ftp 175w. Weight 70kg."
"2023-02-28","","","","","",,"",36.98,36.82,-4.62,"Neutral",""
"2023-03-01","VirtualRide","Zwift - Race: Frenchy Fuzion Criterium League (C) on Neokyo All-Nighter in Makuri Islands",94.2,79.28,"",,79.28,37.97,42.47,0.15,"Neutral","MaxHr 160bpm. RestHr 60bpm. Cycling Ftp 175w. Weight 70kg."
"2023-03-02","","","","","",,"",37.08,36.82,-4.51,"Neutral",""
"2023-03-03","","","","","",,"",36.21,31.92,0.25,"Neutral",""
"2023-03-04","VirtualRide","Zwift - Race: 3R Flat Race (C) on Classique in London",97.59,96.6,"",,96.6,37.63,40.53,4.28,"Neutral","MaxHr 160bpm. RestHr 60bpm. Cycling Ftp 175w. Weight 70kg."
"2023-03-05","VirtualRide","Zwift - Group Ride: Bambino Fondo on 2022 Bambino Fondo in Watopia",143.35,126.9,"",,126.9,39.73,52.03,-2.91,"Neutral","MaxHr 160bpm. RestHr 60bpm. Cycling Ftp 175w. Weight 70kg."
"2023-03-06","","","","","",,"",38.79,45.1,-12.3,"Optimal",""
"2023-03-07","VirtualRide","Zwift - Beach Island Loop in Watopia",6.86,15.95,"",,15.95,38.25,41.22,-6.31,"Neutral","MaxHr 160bpm. RestHr 60bpm. Cycling Ftp 175w. Weight 70kg."
"2023-03-08","","","","","",,"",37.35,35.73,-2.97,"Neutral",""
"2023-03-09","","","","","",,"",36.48,30.97,1.62,"Neutral",""
"2023-03-10","","","","","",,"",35.62,26.85,5.5,"Freshness",""
"2023-03-11","VirtualRide","Zwift - Pacer Group Ride: Tick Tock in Watopia with Maria",62.23,70.88,"",,70.88,36.45,32.71,8.76,"Freshness","MaxHr 160bpm. RestHr 60bpm. Cycling Ftp 175w. Weight 70kg."
"2023-03-12","","","","","",,"",35.59,28.36,3.73,"Neutral",""
"2023-03-13","","","","","",,"",34.75,24.58,7.23,"Freshness",""
"2023-03-14","VirtualRide","Zwift - Pacer Group Ride: Castle to Castle in Makuri Islands with Maria",87.6,86.78,"",,86.78,35.98,32.86,10.17,"Freshness","MaxHr 160bpm. RestHr 60bpm. Cycling Ftp 175w. Weight 70kg."
"2023-03-15","VirtualRide","Zwift - Pacer Group Ride: Tick Tock in Watopia with Miguel",74.38,79.98,"",,79.98,37.01,39.13,3.11,"Neutral","MaxHr 160bpm. RestHr 60bpm. Cycling Ftp 175w. Weight 70kg."
"2023-03-16","VirtualRide","Zwift - Race: Team Italy Specialissima Race (C) on Astoria Line 8 in New York",78.27,82.83,"",,82.83,38.09,44.95,-2.13,"Neutral","MaxHr 160bpm. RestHr 60bpm. Cycling Ftp 175w. Weight 70kg."
"2023-03-17","","","","","",,"",37.19,38.97,-6.87,"Neutral",""
"2023-03-18","","","","","",,"",36.32,33.78,-1.78,"Neutral",""
"2023-03-19","VirtualRide","Zwift - Race: STAGE 2: RACE LONDON— London Loop (C) on London Loop in London",94.42,97.87,"",,97.87,37.77,42.31,2.53,"Neutral","MaxHr 160bpm. RestHr 60bpm. Cycling Ftp 175w. Weight 70kg."
"2023-03-20","","","","","",,"",36.88,36.68,-4.55,"Neutral",""
"2023-03-21","","","","","",,"",36.01,31.79,0.19,"Neutral",""
"2023-03-22","","","","","",,"",35.16,27.56,4.21,"Neutral",""
"2023-03-23","","","","","",,"",34.33,23.89,7.6,"Freshness",""
"2023-03-24","","","","","",,"",33.53,20.71,10.44,"Freshness",""
"2023-03-25","VirtualRide; VirtualRide","Zwift - Pacer Group Ride: Watopia's Waistband in Watopia with Maria; Zwift - Pacer Group Ride: Tempus Fugit in Watopia with Miguel",49.92,58.08,"",,58.08,34.1,25.69,12.81,"Freshness","MaxHr 160bpm. RestHr 60bpm. Cycling Ftp 175w. Weight 70kg."
"2023-03-26","VirtualRide","Zwift - Tick Tock in Watopia",48.64,72.54,"",,72.54,35.01,31.92,8.41,"Freshness","MaxHr 160bpm. RestHr 60bpm. Cycling Ftp 175w. Weight 70kg."
"2023-03-27","VirtualRide","Zwift - Short but sweat! in Watopia",18.91,37.13,"",,37.13,35.06,32.62,3.08,"Neutral","MaxHr 160bpm. RestHr 60bpm. Cycling Ftp 175w. Weight 70kg."
"2023-03-28","VirtualRide","Zwift - Race: ZESP ""Hamsters"" Sprints (C) on Classique in London",75.41,71.94,"",,71.94,35.93,37.85,2.44,"Neutral","MaxHr 160bpm. RestHr 60bpm. Cycling Ftp 175w. Weight 70kg."
"2023-03-29","","","","","",,"",35.08,32.81,-1.93,"Neutral",""
"2023-03-30","VirtualRide","Zwift - 18 x 126% x 40 sec x 1:10 sec Low Cadence in France",48.5,80.24,"",,80.24,36.14,39.13,2.26,"Neutral","MaxHr 160bpm. RestHr 60bpm. Cycling Ftp 175w. Weight 70kg."
"2023-03-31","","","","","",,"",35.29,33.92,-2.99,"Neutral",""
"2023-04-01","VirtualRide; VirtualRide","Zwift - Pacer Group Ride: Flat Route in Watopia with Maria; Zwift - Ramp Test Lite in Watopia",28.47,51.14,"",,51.14,35.67,36.21,1.37,"Neutral","MaxHr 160bpm. RestHr 60bpm. Cycling Ftp 175w. Weight 70kg."
"2023-04-02","","","","","",,"",34.83,31.39,-0.55,"Neutral",""
"2023-04-03","","","","","",,"",34.01,27.21,3.43,"Neutral",""
"2023-04-04","","","","","",,"",33.21,23.59,6.79,"Freshness",""
"2023-04-05","","","","","",,"",32.43,20.45,9.62,"Freshness",""
"2023-04-06","","","","","",,"",31.66,17.72,11.97,"Freshness",""
"2023-04-07","","","","","",,"",30.92,15.36,13.93,"Freshness",""
"2023-04-08","","","","","",,"",30.19,13.32,15.55,"Freshness",""
"2023-04-09","VirtualRide","Zwift - Pacer Group Ride: Wandering Flats in Makuri Islands with Miguel",65,72.12,"",,72.12,31.18,21.15,16.87,"Freshness","MaxHr 160bpm. RestHr 60bpm. Cycling Ftp 175w. Weight 70kg."
"2023-04-10","","","","","",,"",30.44,18.33,10.03,"Freshness",""
"2023-04-11","","","","","",,"",29.73,15.89,12.11,"Freshness",""
"2023-04-12","","","","","",,"",29.03,13.77,13.83,"Freshness",""
"2023-04-13","VirtualRide","Zwift - Pacer Group Ride: Big Foot Hills in Watopia with Miguel",76.88,81.45,"",,81.45,30.26,22.78,15.25,"Freshness","MaxHr 160bpm. RestHr 60bpm. Cycling Ftp 175w. Weight 70kg."
"2023-04-14","","","","","",,"",29.55,19.75,7.47,"Freshness",""
"2023-04-15","","","","","",,"",28.85,17.12,9.79,"Freshness",""
"2023-04-16","","","","","",,"",28.17,14.84,11.73,"Freshness",""
"2023-04-17","","","","","",,"",27.51,12.86,13.33,"Freshness",""
"2023-04-18","","","","","",,"",26.86,11.15,14.64,"Freshness",""
"2023-04-19","","","","","",,"",26.23,9.67,15.71,"Freshness",""
"2023-04-20","VirtualRide","Zwift - Pacer Group Ride: Volcano Circuit in Watopia with Miguel",52.34,48.78,"",,48.78,26.76,14.87,16.56,"Freshness","MaxHr 160bpm. RestHr 60bpm. Cycling Ftp 175w. Weight 70kg."
"2023-04-21","","","","","",,"",26.13,12.89,11.88,"Freshness",""
"2023-04-22","","","","","",,"",25.52,11.18,13.23,"Freshness",""
"2023-04-23","VirtualRide","Zwift - Race: 3R Super Six Sunday Race (D) on Downtown Dolphin in Crit City",80.32,78.63,"",,78.63,26.77,20.15,14.34,"Freshness","MaxHr 160bpm. RestHr 60bpm. Cycling Ftp 175w. Weight 70kg."
"2023-04-24","","","","","",,"",26.14,17.47,6.61,"Freshness",""
"2023-04-25","VirtualRide","Zwift - Pacer Group Ride: Volcano Flat in Watopia with Maria",52.09,43.83,"",,43.83,26.55,20.98,8.66,"Freshness","MaxHr 160bpm. RestHr 60bpm. Cycling Ftp 175w. Weight 70kg."
"2023-04-26","Run","Afternoon Run",74.75,"","",,74.75,27.69,28.14,5.57,"Freshness","MaxHr 160bpm. RestHr 60bpm. Weight 70kg."
"2023-04-27","","","","","",,"",27.04,24.39,-0.46,"Neutral",""
"2023-04-28","","","","","",,"",26.4,21.14,2.64,"Neutral",""
"2023-04-29","","","","","",,"",25.78,18.33,5.25,"Freshness",""
"2023-04-30","Run","Evening Run",32.24,"","",,32.24,25.93,20.18,7.44,"Freshness","MaxHr 160bpm. RestHr 60bpm. Weight 70kg."
"2023-05-01","","","","","",,"",25.32,17.49,5.74,"Freshness",""
"2023-05-02","","","","","",,"",24.72,15.16,7.82,"Freshness",""
"2023-05-03","","","","","",,"",24.14,13.14,9.56,"Freshness",""
"2023-05-04","","","","","",,"",23.57,11.39,10.99,"Freshness",""
"2023-05-05","","","","","",,"",23.02,9.88,12.17,"Freshness",""
"2023-05-06","","","","","",,"",22.48,8.56,13.14,"Freshness",""
"2023-05-07","","","","","",,"",21.95,7.42,13.91,"Freshness",""
"2023-05-08","","","","","",,"",21.43,6.43,14.52,"Freshness",""
"2023-05-09","","","","","",,"",20.93,5.58,14.99,"Freshness",""
"2023-05-10","","","","","",,"",20.44,4.83,15.35,"Freshness",""
"2023-05-11","","","","","",,"",19.95,4.19,15.6,"Freshness",""
"2023-05-12","","","","","",,"",19.48,3.63,15.76,"Freshness",""
"2023-05-13","","","","","",,"",19.03,3.15,15.85,"Freshness",""
"2023-05-14","","","","","",,"",18.58,2.73,15.87,"Freshness",""
"2023-05-15","","","","","",,"",18.14,2.36,15.85,"Freshness",""
"2023-05-16","","","","","",,"",17.71,2.05,15.77,"Freshness",""
"2023-05-17","","","","","",,"",17.3,1.77,15.66,"Freshness",""
"2023-05-18","","","","","",,"",16.89,1.54,15.52,"Freshness",""
"2023-05-19","","","","","",,"",16.49,1.33,15.35,"Freshness",""
"2023-05-20","","","","","",,"",16.1,1.15,15.16,"Freshness",""
"2023-05-21","","","","","",,"",15.73,1,14.95,"Freshness",""
"2023-05-22","","","","","",,"",15.36,0.87,14.72,"Freshness",""
"2023-05-23","","","","","",,"",14.99,0.75,14.48,"Freshness",""
"2023-05-24","","","","","",,"",14.64,0.65,14.24,"Freshness",""
"2023-05-25","","","","","",,"",14.3,0.56,13.99,"Freshness",""
"2023-05-26","","","","","",,"",13.96,0.49,13.73,"Freshness",""
"2023-05-27","","","","","",,"",13.63,0.42,13.47,"Freshness",""
"2023-05-28","","","","","",,"",13.31,0.36,13.2,"Freshness",""
"2023-05-29","","","","","",,"",13,0.32,12.94,"Freshness",""
"2023-05-30","","","","","",,"",12.69,0.27,12.68,"Freshness",""
"2023-05-31","","","","","",,"",12.39,0.24,12.41,"Freshness",""
"2023-06-01","","","","","",,"",12.1,0.2,12.15,"Freshness",""
"2023-06-02","","","","","",,"",11.82,0.18,11.89,"Freshness",""
"2023-06-03","","","","","",,"",11.54,0.15,11.64,"Freshness",""
"2023-06-04","","","","","",,"",11.27,0.13,11.38,"Freshness",""
"2023-06-05","","","","","",,"",11,0.11,11.13,"Freshness",""
"2023-06-06","","","","","",,"",10.74,0.1,10.88,"Freshness",""
"2023-06-07","","","","","",,"",10.49,0.08,10.64,"Freshness",""
"2023-06-08","","","","","",,"",10.24,0.07,10.4,"Freshness",""
"2023-06-09","","","","","",,"",10,0.06,10.17,"Freshness",""
"2023-06-10","","","","","",,"",9.77,0.05,9.93,"Freshness",""
"2023-06-11","","","","","",,"",9.54,0.05,9.71,"Freshness",""
"2023-06-12","","","","","",,"",9.31,0.04,9.49,"Freshness",""
"2023-06-13","","","","","",,"",9.09,0.03,9.27,"Freshness",""
"2023-06-14","","","","","",,"",8.88,0.03,9.05,"Freshness",""
"2023-06-15","","","","","",,"",8.67,0.02,8.85,"Freshness",""
"2023-06-16","","","","","",,"",8.47,0.02,8.64,"Freshness",""
"2023-06-17","","","","","",,"",8.27,0.02,8.44,"Freshness",""
"2023-06-18","","","","","",,"",8.07,0.01,8.24,"Freshness",""
"2023-06-19","","","","","",,"",7.88,0.01,8.05,"Freshness",""
"2023-06-20","","","","","",,"",7.7,0.01,7.87,"Freshness",""
"2023-06-21","","","","","",,"",7.51,0.01,7.68,"Freshness",""
"2023-06-22","","","","","",,"",7.34,0.01,7.5,"Freshness",""
"2023-06-23","","","","","",,"",7.16,0,7.33,"Freshness",""
"2023-06-24","","","","","",,"",7,0,7.16,"Freshness",""
"2023-06-25","","","","","",,"",6.83,0,6.99,"Freshness",""
"2023-06-26","","","","","",,"",6.67,0,6.82,"Freshness",""
"2023-06-27","","","","","",,"",6.51,0,6.66,"Freshness",""
"2023-06-28","","","","","",,"",6.36,0,6.51,"Freshness",""
"2023-06-29","","","","","",,"",6.21,0,6.36,"Freshness",""
"2023-06-30","","","","","",,"",6.06,0,6.21,"Freshness",""
"2023-07-01","","","","","",,"",5.92,0,6.06,"Freshness",""
"2023-07-02","","","","","",,"",5.78,0,5.92,"Freshness",""
"2023-07-03","","","","","",,"",5.65,0,5.78,"Freshness",""
"2023-07-04","","","","","",,"",5.51,0,5.64,"Freshness",""
"2023-07-05","","","","","",,"",5.38,0,5.51,"Freshness",""
"2023-07-06","","","","","",,"",5.26,0,5.38,"Freshness",""
"2023-07-07","","","","","",,"",5.13,0,5.25,"Freshness",""
"2023-07-08","","","","","",,"",5.01,0,5.13,"Freshness",""
"2023-07-09","","","","","",,"",4.89,0,5.01,"Freshness",""
"2023-07-10","","","","","",,"",4.78,0,4.89,"Neutral",""
"2023-07-11","","","","","",,"",4.67,0,4.78,"Neutral",""
"2023-07-12","","","","","",,"",4.56,0,4.66,"Neutral",""
"2023-07-13","","","","","",,"",4.45,0,4.56,"Neutral",""
"2023-07-14","","","","","",,"",4.34,0,4.45,"Neutral",""
"2023-07-15","","","","","",,"",4.24,0,4.34,"Neutral",""
"2023-07-16","","","","","",,"",4.14,0,4.24,"Neutral",""
"2023-07-17","","","","","",,"",4.04,0,4.14,"Neutral",""
"2023-07-18","","","","","",,"",3.95,0,4.04,"Neutral",""
"2023-07-19","","","","","",,"",3.86,0,3.95,"Neutral",""
"2023-07-20","","","","","",,"",3.76,0,3.86,"Neutral",""
"2023-07-21","","","","","",,"",3.68,0,3.76,"Neutral",""
"2023-07-22","","","","","",,"",3.59,0,3.68,"Neutral",""
"2023-07-23","","","","","",,"",3.5,0,3.59,"Neutral",""
"2023-07-24","","","","","",,"",3.42,0,3.5,"Neutral",""
"2023-07-25","","","","","",,"",3.34,0,3.42,"Neutral",""
"2023-07-26","","","","","",,"",3.26,0,3.34,"Neutral",""
"2023-07-27","","","","","",,"",3.19,0,3.26,"Neutral",""
"2023-07-28","","","","","",,"",3.11,0,3.19,"Neutral",""
"2023-07-29","","","","","",,"",3.04,0,3.11,"Neutral",""
"2023-07-30","","","","","",,"",2.97,0,3.04,"Neutral",""
"2023-07-31","","","","","",,"",2.9,0,2.97,"Neutral",""
"2023-08-01","","","","","",,"",2.83,0,2.9,"Neutral",""
"2023-08-02","VirtualRide","Zwift - Pacer Group Ride: Tempus Fugit in Watopia with Bernie",15.9,13.52,"",,13.52,3.08,1.79,2.83,"Neutral","MaxHr 160bpm. RestHr 60bpm. Cycling Ftp 175w. Weight 70kg."
"2023-08-03","","","","","",,"",3.01,1.56,1.28,"Neutral",""
"2023-08-04","","","","","",,"",2.94,1.35,1.45,"Neutral",""
"2023-08-05","","","","","",,"",2.87,1.17,1.58,"Neutral",""
"2023-08-06","","","","","",,"",2.8,1.01,1.69,"Neutral",""
"2023-08-07","","","","","",,"",2.73,0.88,1.78,"Neutral",""
"2023-08-08","","","","","",,"",2.67,0.76,1.85,"Neutral",""
"2023-08-09","","","","","",,"",2.61,0.66,1.9,"Neutral",""
"2023-08-10","","","","","",,"",2.54,0.57,1.94,"Neutral",""
"2023-08-11","","","","","",,"",2.48,0.49,1.97,"Neutral",""
"2023-08-12","","","","","",,"",2.43,0.43,1.99,"Neutral",""
"2023-08-13","","","","","",,"",2.37,0.37,1.99,"Neutral",""
"2023-08-14","","","","","",,"",2.31,0.32,1.99,"Neutral",""
"2023-08-15","","","","","",,"",2.26,0.28,1.99,"Neutral",""
"2023-08-16","","","","","",,"",2.21,0.24,1.98,"Neutral",""
"2023-08-17","","","","","",,"",2.15,0.21,1.96,"Neutral",""
"2023-08-18","","","","","",,"",2.1,0.18,1.94,"Neutral",""
"2023-08-19","","","","","",,"",2.05,0.15,1.92,"Neutral",""
"2023-08-20","","","","","",,"",2,0.13,1.89,"Neutral",""
"2023-08-21","","","","","",,"",1.96,0.11,1.87,"Neutral",""
"2023-08-22","","","","","",,"",1.91,0.1,1.84,"Neutral",""
"2023-08-23","","","","","",,"",1.87,0.08,1.81,"Neutral",""
"2023-08-24","","","","","",,"",1.82,0.07,1.78,"Neutral",""
"2023-08-25","","","","","",,"",1.78,0.06,1.74,"Neutral",""
"2023-08-26","","","","","",,"",1.74,0.05,1.71,"Neutral",""
"2023-08-27","","","","","",,"",1.7,0.05,1.68,"Neutral",""
"2023-08-28","","","","","",,"",1.66,0.04,1.65,"Neutral",""
"2023-08-29","","","","","",,"",1.62,0.03,1.61,"Neutral",""
"2023-08-30","","","","","",,"",1.58,0.03,1.58,"Neutral",""
"2023-08-31","","","","","",,"",1.54,0.02,1.55,"Neutral",""
"2023-09-01","","","","","",,"",1.5,0.02,1.51,"Neutral",""
"2023-09-02","","","","","",,"",1.47,0.02,1.48,"Neutral",""
"2023-09-03","","","","","",,"",1.43,0.01,1.45,"Neutral",""
"2023-09-04","","","","","",,"",1.4,0.01,1.42,"Neutral",""
"2023-09-05","","","","","",,"",1.37,0.01,1.38,"Neutral",""
"2023-09-06","","","","","",,"",1.34,0.01,1.35,"Neutral",""
"2023-09-07","","","","","",,"",1.3,0.01,1.32,"Neutral",""
"2023-09-08","","","","","",,"",1.27,0,1.29,"Neutral",""
"2023-09-09","","","","","",,"",1.24,0,1.26,"Neutral",""
"2023-09-10","","","","","",,"",1.21,0,1.24,"Neutral",""
"2023-09-11","","","","","",,"",1.19,0,1.21,"Neutral",""
"2023-09-12","","","","","",,"",1.16,0,1.18,"Neutral",""
"2023-09-13","","","","","",,"",1.13,0,1.15,"Neutral",""
"2023-09-14","","","","","",,"",1.1,0,1.13,"Neutral",""
"2023-09-15","VirtualRide","Zwift - Pacer Group Ride: Volcano Flat in Watopia with Bernie",17.86,16.89,"",,16.89,1.47,2.25,1.1,"Neutral","MaxHr 160bpm. RestHr 60bpm. Cycling Ftp 175w. Weight 70kg."
"2023-09-16","VirtualRide","Zwift - Pacer Group Ride: Island Hopper in Makuri Islands with Bernie",41.57,28.93,"",,28.93,2.12,5.8,-0.78,"Neutral","MaxHr 160bpm. RestHr 60bpm. Cycling Ftp 175w. Weight 70kg."
"2023-09-17","VirtualRide","Zwift - Pacer Group Ride: Volcano Flat in Watopia with Bernie",41.73,38.05,"",,38.05,2.97,10.09,-3.68,"Neutral","MaxHr 160bpm. RestHr 60bpm. Cycling Ftp 175w. Weight 70kg."
"2023-09-18","VirtualRide","Zwift - Pacer Group Ride: Tick Tock in Watopia with Miguel",57.67,46.76,"",,46.76,4,14.97,-7.13,"Neutral","MaxHr 160bpm. RestHr 60bpm. Cycling Ftp 175w. Weight 70kg."
"2023-09-19","VirtualRide","Zwift - Pacer Group Ride: Tick Tock in Watopia with Miguel",65.45,51.45,"",,51.45,5.11,19.83,-10.98,"Optimal","MaxHr 160bpm. RestHr 60bpm. Cycling Ftp 175w. Weight 70kg."
"2023-09-20","","","","","",,"",4.99,17.19,-14.72,"Optimal",""
"2023-09-21","VirtualRide","Zwift - Race: EVO CC Race Series (D) on Figure 8 Reverse in Watopia",105.17,63.62,"",,63.62,6.37,23.37,-12.2,"Optimal","MaxHr 160bpm. RestHr 60bpm. Cycling Ftp 175w. Weight 70kg."
"2023-09-22","VirtualRide","Zwift - Pacer Group Ride: Tick Tock in Watopia with Miguel",37.82,28.87,"",,28.87,6.9,24.1,-17,"Optimal","MaxHr 160bpm. RestHr 60bpm. Cycling Ftp 175w. Weight 70kg."
"2023-09-23","","","","","",,"",6.74,20.89,-17.21,"Optimal",""
"2023-09-24","","","","","",,"",6.58,18.11,-14.16,"Optimal",""
"2023-09-25","VirtualRide","Zwift - Pacer Group Ride: Tempus Fugit in Watopia with Miguel",67.03,52.88,"",,52.88,7.67,22.74,-11.54,"Optimal","MaxHr 160bpm. RestHr 60bpm. Cycling Ftp 175w. Weight 70kg."
"2023-09-26","VirtualRide","Zwift - Workout of the Week | VO2 Blast in Watopia",36.07,40.64,"",,40.64,8.45,25.12,-15.08,"Optimal","MaxHr 160bpm. RestHr 60bpm. Cycling Ftp 175w. Weight 70kg."
"2023-09-27","","","","","",,"",8.25,21.78,-16.68,"Optimal",""
"2023-09-28","VirtualRide","Zwift - Pacer Group Ride: Tempus Fugit in Watopia with Miguel",88.91,63.56,"",,63.56,9.55,27.34,-13.54,"Optimal","MaxHr 160bpm. RestHr 60bpm. Cycling Ftp 175w. Weight 70kg."
"2023-09-29","VirtualRide","Zwift - Climb Portal: Coll d'Ordino in Watopia",76.37,83.4,"",,83.4,11.29,34.8,-17.8,"Optimal","MaxHr 160bpm. RestHr 60bpm. Cycling Ftp 175w. Weight 70kg."
"2023-09-30","","","","","",,"",11.02,30.17,-23.52,"Optimal",""
"2023-10-01","VirtualRide","Zwift - Race: Stage 4: Get Rolling - R.G.V. (D) on R.G.V. in France",59.63,67.37,"",,67.37,12.35,35.12,-19.15,"Optimal","MaxHr 160bpm. RestHr 60bpm. Cycling Ftp 175w. Weight 70kg."
"2023-10-02","","","","","",,"",12.05,30.44,-22.78,"Optimal",""
"2023-10-03","VirtualRide","Zwift - Race: Team Italy & Frenchy Fuzion Race (D) on Volcano Flat in Watopia",102.54,93.04,"",,93.04,13.96,38.78,-18.39,"Optimal","MaxHr 160bpm. RestHr 60bpm. Cycling Ftp 175w. Weight 70kg."
"2023-10-04","VirtualRide","Zwift - Pacer Group Ride: Watopia's Waistband in Watopia with Miguel",9.44,18.95,"",,18.95,14.08,36.14,-24.82,"Optimal","MaxHr 160bpm. RestHr 60bpm. Cycling Ftp 175w. Weight 70kg."
"2023-10-05","VirtualRide","Zwift - Race: Zwift Crit Racing Club - The Bell Lap (D) on The Bell Lap in Crit City",53.4,56.2,"",,56.2,15.07,38.81,-22.07,"Optimal","MaxHr 160bpm. RestHr 60bpm. Cycling Ftp 175w. Weight 70kg."
"2023-10-06","VirtualRide","Zwift - Sand And Sequoias in Watopia",44.74,66.86,"",,66.86,16.29,42.54,-23.74,"Optimal","MaxHr 160bpm. RestHr 60bpm. Cycling Ftp 175w. Weight 70kg."
"2023-10-07","VirtualRide","Zwift - Zwift Academy 2019 Semi-Finals Workout #1: Anaerobic Capacity Into VO2 in Watopia","",50.17,"",,50.17,17.08,43.56,-26.26,"Optimal","Cycling Ftp 175w. Weight 70kg."
"2023-10-08","VirtualRide; VirtualRide","Zwift - Pacer Group Ride: Tempus Fugit in Watopia with Bernie; Zwift - Group Ride: Tour of Watopia Ride 2023 | Stage 1 | Long on Three Little Sisters in Watopia",79,103.56,"",,103.56,19.12,51.55,-26.48,"Optimal","MaxHr 160bpm. RestHr 60bpm. Cycling Ftp 175w. Weight 70kg."
"2023-10-09","","","","","",,"",18.67,44.68,-32.43,"Overload",""
"2023-10-10","VirtualRide","Zwift - Race: Stage 2: Race Watopia - Watopia Flat Route (D) on Flat Route in Watopia",60.93,62.69,"",,62.69,19.7,47.08,-26.02,"Optimal","MaxHr 160bpm. RestHr 60bpm. Cycling Ftp 175w. Weight 70kg."
"2023-10-11","VirtualRide","Zwift - Pacer Group Ride: Flat Route in Watopia with Miguel",81.09,108.08,"",,108.08,21.78,55.2,-27.38,"Optimal","MaxHr 160bpm. RestHr 60bpm. Cycling Ftp 175w. Weight 70kg."
"2023-10-12","","","","","",,"",21.27,47.85,-33.42,"Overload",""
"2023-10-13","VirtualRide; VirtualRide","Zwift - Race: Stage 2: Race Watopia - Watopia Flat Route (D) on Flat Route in Watopia; Zwift - Pacer Group Ride: Flat Route in Watopia with Miguel",44.2,64.63,"",,64.63,22.29,50.09,-26.58,"Optimal","MaxHr 160bpm. RestHr 60bpm. Cycling Ftp 175w. Weight 70kg."
"2023-10-14","","","","","",,"",21.77,43.42,-27.8,"Optimal",""
"2023-10-15","VirtualRide","Zwift - Pacer Group Ride: Watopia's Waistband in Watopia with Bernie",54.69,65.96,"",,65.96,22.81,46.42,-21.66,"Optimal","MaxHr 160bpm. RestHr 60bpm. Cycling Ftp 175w. Weight 70kg."
"2023-10-16","","","","","",,"",22.27,40.24,-23.62,"Optimal",""
"2023-10-17","VirtualRide","Zwift - Race: 3R Racing (D) on Flat Route in Watopia",84.25,121.07,"",,121.07,24.59,51,-17.97,"Optimal","MaxHr 160bpm. RestHr 60bpm. Cycling Ftp 175w. Weight 70kg."
"2023-10-18","","","","","",,"",24.02,44.21,-26.41,"Optimal",""
"2023-10-19","VirtualRide","Zwift - Race: Stage 3: Race Watopia - Two Bridges Loop (D) on Two Bridges Loop in Watopia",47.9,65.05,"",,65.05,24.98,46.98,-20.2,"Optimal","MaxHr 160bpm. RestHr 60bpm. Cycling Ftp 175w. Weight 70kg."
"2023-10-20","VirtualRide; VirtualRide","Zwift - Pacer Group Ride: Railways and Rooftops in Makuri Islands with Miguel; Zwift - Pacer Group Ride: Volcano Circuit in Watopia with Maria",69.06,89.66,"",,89.66,26.5,52.66,-22.01,"Optimal","MaxHr 160bpm. RestHr 60bpm. Cycling Ftp 175w. Weight 70kg."
"2023-10-21","","","","","",,"",25.88,45.65,-26.17,"Optimal",""
"2023-10-22","","","","","",,"",25.27,39.57,-19.78,"Optimal",""
"2023-10-23","","","","","",,"",24.68,34.31,-14.31,"Optimal",""
"2023-10-24","VirtualRide","Zwift - Pacer Group Ride: Castle to Castle in Makuri Islands with Miguel",138.63,153.61,"",,153.61,27.71,50.19,-9.63,"Neutral","MaxHr 160bpm. RestHr 60bpm. Cycling Ftp 175w. Weight 70kg."
"2023-10-25","","","","","",,"",27.06,43.51,-22.48,"Optimal",""
"2023-10-26","VirtualRide; VirtualRide","Zwift - Pacer Group Ride: Castle to Castle in Makuri Islands with Miguel; Zwift - Race: Stage 4: Race Watopia - Volcano Circuit CCW (D) on Volcano Circuit CCW in Watopia",101.28,120.17,"",,120.17,29.25,53.71,-16.45,"Optimal","MaxHr 160bpm. RestHr 60bpm. Cycling Ftp 175w. Weight 70kg."
"2023-10-27","","","","","",,"",28.56,46.56,-24.47,"Optimal",""
"2023-10-28","","","","","",,"",27.89,40.36,-18.01,"Optimal",""
"2023-10-29","","","","","",,"",27.23,34.99,-12.48,"Optimal",""
"2023-10-30","","","","","",,"",26.59,30.33,-7.76,"Neutral",""
"2023-10-31","VirtualRide","Zwift - Race: Stage 5: Race Watopia - Going Coastal (D) on Going Coastal in Watopia",46.82,56.53,"",,56.53,27.29,33.82,-3.74,"Neutral","MaxHr 160bpm. RestHr 60bpm. Cycling Ftp 175w. Weight 70kg."
"2023-11-01","VirtualRide","Zwift - Watopia",15.2,25,"",,25,27.24,32.64,-6.53,"Neutral","MaxHr 160bpm. RestHr 60bpm. Cycling Ftp 175w. Weight 70kg."
"2023-11-02","VirtualRide","Zwift - Going Coastal in Watopia",42.58,49.45,"",,49.45,27.76,34.88,-5.41,"Neutral","MaxHr 160bpm. RestHr 60bpm. Cycling Ftp 175w. Weight 70kg."
"2023-11-03","","","","","",,"",27.11,30.24,-7.12,"Neutral",""
"2023-11-04","VirtualRide","Zwift - Group Ride: Tour of Watopia Ride 2023 | Stage 5 | Long on The Big Ring in Watopia",98,110.12,"",,110.12,29.06,40.87,-3.13,"Neutral","MaxHr 160bpm. RestHr 60bpm. Cycling Ftp 175w. Weight 70kg."
"2023-11-05","VirtualRide","Zwift - Triple Flat Loops in Watopia",44.5,56.41,"",,56.41,29.71,42.94,-11.81,"Optimal","MaxHr 160bpm. RestHr 60bpm. Cycling Ftp 175w. Weight 70kg."
"2023-11-06","","","","","",,"",29.01,37.22,-13.24,"Optimal",""
"2023-11-07","VirtualRide","Zwift - Race: Stage 1: Neokyo Nights - Sleepless City (C) on Sleepless City in Makuri Islands",61.36,60.98,"",,60.98,29.76,40.38,-8.22,"Neutral","MaxHr 160bpm. RestHr 60bpm. Cycling Ftp 175w. Weight 70kg."
"2023-11-08","","","","","",,"",29.06,35.01,-10.63,"Optimal",""
"2023-11-09","","","","","",,"",28.38,30.35,-5.95,"Neutral",""
"2023-11-10","VirtualRide","Zwift - Pacer Group Ride: Volcano Flat in Watopia with Miguel",30.92,46.22,"",,46.22,28.8,32.46,-1.98,"Neutral","MaxHr 160bpm. RestHr 60bpm. Cycling Ftp 175w. Weight 70kg."
"2023-11-11","","","","","",,"",28.12,28.14,-3.67,"Neutral",""
"2023-11-12","VirtualRide","Zwift - Makuri Islands",90.9,110.97,"",,110.97,30.07,39.16,-0.03,"Neutral","MaxHr 160bpm. RestHr 60bpm. Cycling Ftp 175w. Weight 70kg."
"2023-11-13","VirtualRide","Zwift - Pacer Group Ride: Wandering Flats in Makuri Islands with Miguel",62.31,87.46,"",,87.46,31.42,45.59,-9.1,"Neutral","MaxHr 160bpm. RestHr 60bpm. Cycling Ftp 175w. Weight 70kg."
"2023-11-14","VirtualRide","Zwift - Pacer Group Ride: Tempus Fugit in Watopia with Coco",42.84,63.1,"",,63.1,32.16,47.92,-14.18,"Optimal","MaxHr 160bpm. RestHr 60bpm. Cycling Ftp 175w. Weight 70kg."
"2023-11-15","","","","","",,"",31.41,41.54,-15.77,"Optimal",""
"2023-11-16","VirtualRide","Zwift - Pacer Group Ride: Volcano Flat in Watopia with Bernie",55.38,73.17,"",,73.17,32.39,45.75,-10.14,"Optimal","MaxHr 160bpm. RestHr 60bpm. Cycling Ftp 175w. Weight 70kg."
"2023-11-17","","","","","",,"",31.63,39.66,-13.37,"Optimal",""
"2023-11-18","VirtualRide","Zwift - Race: Herd Winter Racing (E) on Richmond Rollercoaster in Richmond",54.44,68.89,"",,68.89,32.5,43.55,-8.04,"Neutral","MaxHr 160bpm. RestHr 60bpm. Cycling Ftp 175w. Weight 70kg."
"2023-11-19","","","","","",,"",31.74,37.75,-11.05,"Optimal",""
"2023-11-20","","","","","",,"",30.99,32.73,-6.02,"Neutral",""
"2023-11-21","VirtualRide","Zwift - Race: Race #1 | Rolling Highlands | ZA 2023 (C) on Rolling Highlands in Scotland",42.52,64.97,"",,64.97,31.79,37.02,-1.74,"Neutral","MaxHr 160bpm. RestHr 60bpm. Cycling Ftp 175w. Weight 70kg."
"2023-11-22","","","","","",,"",31.04,32.09,-5.23,"Neutral",""
"2023-11-23","","","","","",,"",30.31,27.82,-1.05,"Neutral",""
"2023-11-24","","","","","",,"",29.6,24.11,2.49,"Neutral",""
"2023-11-25","","","","","",,"",28.9,20.9,5.48,"Freshness",""
"2023-11-26","VirtualRide","Zwift - Pacer Group Ride: Tick Tock in Watopia with Miguel",37.74,67.24,"",,67.24,29.8,27.07,7.99,"Freshness","MaxHr 160bpm. RestHr 60bpm. Cycling Ftp 175w. Weight 70kg."
"2023-11-27","","","","","",,"",29.1,23.47,2.73,"Neutral",""
"2023-11-28","VirtualRide","Zwift - Pacer Group Ride: Watopia's Waistband in Watopia with Miguel",46.43,63.22,"",,63.22,29.91,28.76,5.63,"Freshness","MaxHr 160bpm. RestHr 60bpm. Cycling Ftp 175w. Weight 70kg."
"2023-11-29","","","","","",,"",29.2,24.93,1.14,"Neutral",""
"2023-11-30","VirtualRide","Zwift - Race: Stage 4: Neokyo Nights - Sprinter's Playground (D) on Sprinter's Playground in Makuri Islands",83.64,101.43,"",,101.43,30.9,35.11,4.27,"Neutral","MaxHr 160bpm. RestHr 60bpm. Cycling Ftp 175w. Weight 70kg."
"2023-12-01","","","","","",,"",30.17,30.44,-4.22,"Neutral",""
"2023-12-02","","","","","",,"",29.46,26.39,-0.27,"Neutral",""
"2023-12-03","","","","","",,"",28.77,22.87,3.07,"Neutral",""
"2023-12-04","","","","","",,"",28.09,19.83,5.89,"Freshness",""
"2023-12-05","","","","","",,"",27.43,17.19,8.26,"Freshness",""
"2023-12-06","","","","","",,"",26.79,14.9,10.24,"Freshness",""
"2023-12-07","","","","","",,"",26.16,12.91,11.88,"Freshness",""
"2023-12-08","","","","","",,"",25.54,11.19,13.24,"Freshness",""
"2023-12-09","","","","","",,"",24.94,9.7,14.34,"Freshness",""
"2023-12-10","","","","","",,"",24.35,8.41,15.23,"Freshness",""
"2023-12-11","","","","","",,"",23.78,7.29,15.94,"Freshness",""
"2023-12-12","","","","","",,"",23.22,6.32,16.48,"Freshness",""
"2023-12-13","","","","","",,"",22.67,5.48,16.9,"Freshness",""
"2023-12-14","","","","","",,"",22.14,4.75,17.19,"Freshness",""
"2023-12-15","","","","","",,"",21.62,4.12,17.39,"Freshness",""
"2023-12-16","VirtualRide","Zwift - Pacer Group Ride: Flat Route in Watopia with Bernie",48.7,41.91,"",,41.91,22.1,9.15,17.5,"Freshness","MaxHr 160bpm. RestHr 60bpm. Cycling Ftp 175w. Weight 70kg."
"2023-12-17","","","","","",,"",21.58,7.93,12.95,"Freshness",""
"2023-12-18","","","","","",,"",21.07,6.87,13.64,"Freshness",""
"2023-12-19","VirtualRide","Zwift - Pacer Group Ride: Makuri 40 in Makuri Islands with Miguel",70.55,60.91,"",,60.91,22.01,14.06,14.19,"Freshness","MaxHr 160bpm. RestHr 60bpm. Cycling Ftp 175w. Weight 70kg."
"2023-12-20","","","","","",,"",21.49,12.19,7.94,"Freshness",""
"2023-12-21","VirtualRide; VirtualRide","Zwift - Pacer Group Ride: Flat Route in Watopia with Miguel; Zwift - Tempus Fugit in Watopia",133.5,100.67,"",,100.67,23.35,23.97,9.29,"Freshness","MaxHr 160bpm. RestHr 60bpm. Cycling Ftp 175w. Weight 70kg."
"2023-12-22","","","","","",,"",22.8,20.78,-0.62,"Neutral",""
"2023-12-23","VirtualRide","Zwift - Pacer Group Ride: Sugar Cookie in Watopia with Maria",99.89,90.75,"",,90.75,24.4,30.09,2.02,"Neutral","MaxHr 160bpm. RestHr 60bpm. Cycling Ftp 175w. Weight 70kg."
"2023-12-24","","","","","",,"",23.83,26.09,-5.7,"Neutral",""
"2023-12-25","","","","","",,"",23.27,22.61,-2.27,"Neutral",""
"2023-12-26","VirtualRide","Zwift - Pacer Group Ride: Flat Route in Watopia with Maria",93.42,85.14,"",,85.14,24.72,30.94,0.65,"Neutral","MaxHr 160bpm. RestHr 60bpm. Cycling Ftp 175w. Weight 70kg."
"2023-12-27","","","","","",,"",24.14,26.82,-6.22,"Neutral",""
"2023-12-28","","","","","",,"",23.57,23.25,-2.68,"Neutral",""
"2023-12-29","","","","","",,"",23.02,20.15,0.32,"Neutral",""
"2023-12-30","","","","","",,"",22.48,17.47,2.86,"Neutral",""
"2023-12-31","","","","","",,"",21.95,15.14,5,"Freshness",""
"2024-01-01","","","","","",,"",21.43,13.13,6.8,"Freshness",""
"2024-01-02","","","","","",,"",20.93,11.38,8.3,"Freshness",""
"2024-01-03","","","","","",,"",20.43,9.86,9.54,"Freshness",""
"2024-01-04","","","","","",,"",19.95,8.55,10.57,"Freshness",""
"2024-01-05","","","","","",,"",19.48,7.41,11.4,"Freshness",""
"2024-01-06","","","","","",,"",19.02,6.42,12.07,"Freshness",""
"2024-01-07","","","","","",,"",18.58,5.57,12.6,"Freshness",""
"2024-01-08","VirtualRide","Zwift - Pacer Group Ride: Tempus Fugit in Watopia with Bernie",58.12,38.99,"",,38.99,19.06,10.02,13,"Freshness","MaxHr 160bpm. RestHr 60bpm. Cycling Ftp 175w. Weight 70kg."
"2024-01-09","VirtualRide","Zwift - Pacer Group Ride: Triple Flat Loops in Watopia with Miguel",85.3,66.07,"",,66.07,20.16,17.48,9.04,"Freshness","MaxHr 160bpm. RestHr 60bpm. Cycling Ftp 175w. Weight 70kg."
"2024-01-10","VirtualRide","Zwift - Race: The Driveway Wednesday Night Crit Worlds on Neokyo Crit Course in Makuri Islands",64.61,62.38,"",,62.38,21.16,23.46,2.68,"Neutral","MaxHr 160bpm. RestHr 60bpm. Cycling Ftp 175w. Weight 70kg."
"2024-01-11","","","","","",,"",20.66,20.33,-2.3,"Neutral",""
"2024-01-12","VirtualRide","Zwift - Pacer Group Ride: Triple Flat Loops in Watopia with Miguel",132.52,99.02,"",,99.02,22.5,30.81,0.32,"Neutral","MaxHr 160bpm. RestHr 60bpm. Cycling Ftp 175w. Weight 70kg."
"2024-01-13","","","","","",,"",21.97,26.71,-8.31,"Neutral",""
"2024-01-14","VirtualRide","Zwift - Group Ride: Stage 3 | Ride | Tour de Zwift 2024 (B) on Turf N Surf in Makuri Islands",72.79,65.71,"",,65.71,23,31.9,-4.74,"Neutral","MaxHr 160bpm. RestHr 60bpm. Cycling Ftp 175w. Weight 70kg."
"2024-01-15","","","","","",,"",22.46,27.65,-8.9,"Neutral",""
"2024-01-16","VirtualRide; VirtualRide","Zwift - Sand And Sequoias in Watopia; Zwift - Race: Stage 3: Flat is Fast - Volcano Flat (D) on Volcano Flat in Watopia",90.24,78.98,"",,78.98,23.79,34.48,-5.2,"Neutral","MaxHr 160bpm. RestHr 60bpm. Cycling Ftp 175w. Weight 70kg."
"2024-01-17","VirtualRide","Zwift - The Wringer in France",50.4,80.01,"",,80.01,25.11,40.55,-10.7,"Optimal","MaxHr 160bpm. RestHr 60bpm. Cycling Ftp 175w. Weight 70kg."
"2024-01-18","VirtualRide; VirtualRide","Zwift - Volcano Circuit in Watopia; Zwift - Race: Stage 3: Flat is Fast - Volcano Flat (D) on Volcano Flat in Watopia",74.17,77.3,"",,77.3,26.34,45.44,-15.44,"Optimal","MaxHr 160bpm. RestHr 60bpm. Cycling Ftp 175w. Weight 70kg."
"2024-01-19","","","","","",,"",25.72,39.39,-19.1,"Optimal",""
"2024-01-20","VirtualRide","Zwift - Group Ride: Stage 4 | Ride | Tour de Zwift 2024  (B) on Roule Ma Poule in France",47.33,67.15,"",,67.15,26.7,43.08,-13.67,"Optimal","MaxHr 160bpm. RestHr 60bpm. Cycling Ftp 175w. Weight 70kg."
"2024-01-21","VirtualRide","ROUVY - Lago di Garda | Italy",52.9,68.57,"",,68.57,27.68,46.48,-16.39,"Optimal","MaxHr 160bpm. RestHr 60bpm. Cycling Ftp 175w. Weight 70kg."
"2024-01-22","VirtualRide; VirtualRide","ROUVY - FTP Test 5 minute warmup; ROUVY - Easy ride 1",34.12,49.25,"",,49.25,28.19,46.85,-18.8,"Optimal","MaxHr 160bpm. RestHr 60bpm. Cycling Ftp 175w. Weight 70kg."
"2024-01-23","VirtualRide; VirtualRide","ROUVY - Paris - The City of Love; Zwift - Pacer Group Ride: The Big Ring in Watopia with Maria",67.43,76.36,"",,76.36,29.32,50.78,-18.66,"Optimal","MaxHr 160bpm. RestHr 60bpm. Cycling Ftp 175w. Weight 70kg."
"2024-01-24","","","","","",,"",28.63,44.02,-21.46,"Optimal",""
"2024-01-25","VirtualRide","ROUVY - Challenge Shepparton | Australia 45 Km",102.34,106,"",,106,30.45,52.27,-15.39,"Optimal","MaxHr 160bpm. RestHr 60bpm. Cycling Ftp 175w. Weight 70kg."
"2024-01-26","","","","","",,"",29.74,45.31,-21.82,"Optimal",""
"2024-01-27","VirtualRide","ROUVY - Colorado River | UTAH | USA",62.31,70.54,"",,70.54,30.7,48.67,-15.58,"Optimal","MaxHr 160bpm. RestHr 60bpm. Cycling Ftp 175w. Weight 70kg."
"2024-01-28","VirtualRide","ROUVY - Race: The beautiful Bucegi Natural Park in Romania",67.62,86.35,"",,86.35,32,53.68,-17.98,"Optimal","MaxHr 160bpm. RestHr 60bpm. Cycling Ftp 175w. Weight 70kg."
"2024-01-29","","","","","",,"",31.25,46.54,-21.68,"Optimal",""
"2024-01-30","","","","","",,"",30.52,40.34,-15.29,"Optimal",""
"2024-01-31","VirtualRide; VirtualRide","Zwift - Ramp Test in Watopia; Zwift - 2 by 2 in Watopia",54.83,67.16,"",,67.16,31.38,43.91,-9.83,"Neutral","MaxHr 160bpm. RestHr 60bpm. Cycling Ftp 175w. Weight 70kg."
"2024-02-01","VirtualRide","ROUVY - Learn To Ride With Less Oxygen",43.24,47.16,"",,47.16,31.75,44.34,-12.54,"Optimal","MaxHr 160bpm. RestHr 60bpm. Cycling Ftp 175w. Weight 70kg."
"2024-02-02","VirtualRide; VirtualRide; VirtualRide; VirtualRide","ROUVY - Cap de Formentor | Mallorca; ROUVY - Garden of the Gods | Colorado | USA; ROUVY - San Giovanni Rotondo | Italy; Zwift - Pacer Group Ride: Triple Flat Loops in Watopia with Bernie",57.47,84.94,"",,84.94,33,49.75,-12.6,"Optimal","MaxHr 160bpm. RestHr 60bpm. Cycling Ftp 175w. Weight 70kg."
"2024-02-03","","","","","",,"",32.22,43.12,-16.75,"Optimal",""
"2024-02-04","VirtualRide; VirtualRide; VirtualRide","ROUVY - FTP Test 5 minute warmup; ROUVY - La Vuelta 2023 | Stage 1 - Barcelona; ROUVY - La Vuelta 2023 | Stage 21 - Final Loop",82.66,90.3,"",,90.3,33.59,49.4,-10.9,"Optimal","MaxHr 160bpm. RestHr 60bpm. Cycling Ftp 175w. Weight 70kg."
"2024-02-05","VirtualRide","ROUVY - Cheddar Gorge | Babble Ride Across Britain",56.1,89.94,"",,89.94,34.92,54.8,-15.82,"Optimal","MaxHr 160bpm. RestHr 60bpm. Cycling Ftp 175w. Weight 70kg."
"2024-02-06","","","","","",,"",34.09,47.5,-19.89,"Optimal",""
"2024-02-07","","","","","",,"",33.29,41.18,-13.41,"Optimal",""
"2024-02-08","","","","","",,"",32.51,35.7,-7.89,"Neutral",""
"2024-02-09","","","","","",,"",31.74,30.94,-3.19,"Neutral",""
"2024-02-10","","","","","",,"",31,26.82,0.79,"Neutral",""
"2024-02-11","","","","","",,"",30.27,23.25,4.17,"Neutral",""
"2024-02-12","","","","","",,"",29.56,20.16,7.01,"Freshness",""
"2024-02-13","","","","","",,"",28.86,17.47,9.39,"Freshness",""
"2024-02-14","","","","","",,"",28.18,15.15,11.38,"Freshness",""
"2024-02-15","","","","","",,"",27.52,13.13,13.03,"Freshness",""
"2024-02-16","VirtualRide","ROUVY - Ladd's Addition - Council Crest: Portland, Oregon",42.93,58.28,"",,58.28,28.24,19.14,14.38,"Freshness","MaxHr 160bpm. RestHr 60bpm. Cycling Ftp 175w. Weight 70kg."
"2024-02-17","","","","","",,"",27.58,16.59,9.1,"Freshness",""
"2024-02-18","","","","","",,"",26.93,14.38,10.98,"Freshness",""
"2024-02-19","VirtualRide","ROUVY - Kalo Chorio to Plaka Beach | Crete",60.65,68.62,"",,68.62,27.91,21.6,12.54,"Freshness","MaxHr 160bpm. RestHr 60bpm. Cycling Ftp 175w. Weight 70kg."
"2024-02-20","VirtualRide; VirtualRide","ROUVY - Lake Washington loop; ROUVY - Mount Olympus | Greece",77.9,117.38,"",,117.38,30.01,34.35,6.3,"Freshness","MaxHr 160bpm. RestHr 60bpm. Cycling Ftp 175w. Weight 70kg."
"2024-02-21","VirtualRide; VirtualRide","ROUVY - Quick 110% FTP Short Sprints; ROUVY - London - The capital of the United Kingdom",35.11,38.29,"",,38.29,30.21,34.88,-4.34,"Neutral","MaxHr 160bpm. RestHr 60bpm. Cycling Ftp 175w. Weight 70kg."
"2024-02-22","","","","","",,"",29.5,30.23,-4.67,"Neutral",""
"2024-02-23","VirtualRide","ROUVY - GFNY Cozumel",57.37,74.78,"",,74.78,30.56,36.16,-0.74,"Neutral","MaxHr 160bpm. RestHr 60bpm. Cycling Ftp 172w. Weight 70kg."
"2024-02-24","","","","","",,"",29.84,31.35,-5.6,"Neutral",""
"2024-02-25","VirtualRide; VirtualRide","ROUVY - Budapest - Capital of Hungary; Zwift - Sand And Sequoias in Watopia",10.45,40.55,"",,40.55,30.1,32.57,-1.51,"Neutral","MaxHr 160bpm. RestHr 60bpm. Cycling Ftp 172w. Weight 70kg."
"2024-02-26","","","","","",,"",29.39,28.24,-2.48,"Neutral",""
"2024-02-27","VirtualRide","ROUVY - Vai Beach to Zakros | Crete",110.58,116.47,"",,116.47,31.44,39.98,1.15,"Neutral","MaxHr 160bpm. RestHr 60bpm. Cycling Ftp 172w. Weight 70kg."
"2024-02-28","","","","","",,"",30.7,34.66,-8.55,"Neutral",""
"2024-02-29","","","","","",,"",29.97,30.04,-3.97,"Neutral",""
"2024-03-01","","","","","",,"",29.27,26.04,-0.07,"Neutral",""
"2024-03-02","VirtualRide; VirtualRide; VirtualRide; VirtualRide","ROUVY - ROUVY Tutorial ride; ROUVY - Atlantic Road | Norway; ROUVY - L'Etape Czech Republic 2023 - Virtual | Stage 5; Zwift - FTP Test (shorter) in Watopia",58.87,77.89,"",,77.89,30.41,32.95,3.22,"Neutral","MaxHr 160bpm. RestHr 60bpm. Cycling Ftp 172w. Weight 70kg."
"2024-03-03","","","","","",,"",29.7,28.56,-2.54,"Neutral",""
"2024-03-04","VirtualRide","ROUVY - 10 x 1 Min Intervals @ 125% FTP",40.99,67.34,"",,67.34,30.58,33.72,1.13,"Neutral","MaxHr 160bpm. RestHr 60bpm. Cycling Ftp 172w. Weight 70kg."
"2024-03-05","VirtualRide","ROUVY - Sprint Drills | Lidl-Trek",30.51,41.92,"",,41.92,30.85,34.81,-3.14,"Neutral","MaxHr 160bpm. RestHr 60bpm. Cycling Ftp 172w. Weight 70kg."
"2024-03-06","VirtualRide","MyWhoosh - Kluisbergen",72.39,80.43,"",,80.43,32.02,40.88,-3.97,"Neutral","MaxHr 160bpm. RestHr 60bpm. Cycling Ftp 172w. Weight 70kg."
"2024-03-07","","","","","",,"",31.26,35.44,-8.87,"Neutral",""
"2024-03-08","VirtualRide; VirtualRide","ROUVY - Ramp Test; ROUVY - Sprint Drills | Lidl-Trek",38.61,46.72,"",,46.72,31.63,36.94,-4.18,"Neutral","MaxHr 160bpm. RestHr 60bpm. Cycling Ftp 172w. Weight 70kg."
"2024-03-09","VirtualRide","ROUVY - Sprint Drills | 10 @ 165% for 20 Sec",43.64,50.25,"",,50.25,32.06,38.71,-5.32,"Neutral","MaxHr 160bpm. RestHr 60bpm. Cycling Ftp 172w. Weight 70kg."
"2024-03-10","VirtualRide","ROUVY - Ken's 1 min. X 5 X 3 Intervals",74.87,91.43,"",,91.43,33.46,45.73,-6.65,"Neutral","MaxHr 160bpm. RestHr 60bpm. Cycling Ftp 172w. Weight 70kg."
"2024-03-11","","","","","",,"",32.67,39.64,-12.28,"Optimal",""
"2024-03-12","VirtualRide","ROUVY - 2 hours with 3 int at 100%",69.09,83.96,"",,83.96,33.88,45.54,-6.97,"Neutral","MaxHr 160bpm. RestHr 60bpm. Cycling Ftp 172w. Weight 70kg."
"2024-03-13","VirtualRide","ROUVY - Short Sprints | 13@165% for 22s",40.14,56.04,"",,56.04,34.4,46.94,-11.67,"Optimal","MaxHr 160bpm. RestHr 60bpm. Cycling Ftp 172w. Weight 70kg."
"2024-03-14","","","","","",,"",33.59,40.69,-12.54,"Optimal",""
"2024-03-15","VirtualRide; VirtualRide","ROUVY - Ramp Test; ROUVY - Biggesee | Germany",46.23,70.24,"",,70.24,34.45,44.62,-7.1,"Neutral","MaxHr 160bpm. RestHr 60bpm. Cycling Ftp 172w. Weight 70kg."
"2024-03-16","VirtualRide","ROUVY - 200 Power - Hold it!",21.81,35.11,"",,35.11,34.47,43.36,-10.17,"Optimal","MaxHr 160bpm. RestHr 60bpm. Cycling Ftp 172w. Weight 70kg."
"2024-03-17","VirtualRide","ROUVY - 180W and hold it!",51.65,55.87,"",,55.87,34.97,45.02,-8.89,"Neutral","MaxHr 160bpm. RestHr 60bpm. Cycling Ftp 172w. Weight 70kg."
"2024-03-18","VirtualRide","ROUVY - Dongshi to Beimen | Taiwan",62.16,84.89,"",,84.89,36.15,50.33,-10.05,"Optimal","MaxHr 160bpm. RestHr 60bpm. Cycling Ftp 172w. Weight 70kg."
"2024-03-19","VirtualRide","ROUVY - 200W and hold it!",53.52,69.93,"",,69.93,36.94,52.94,-14.19,"Optimal","MaxHr 160bpm. RestHr 60bpm. Cycling Ftp 172w. Weight 70kg."
"2024-03-20","VirtualRide","ROUVY - Ken's 1 min. X 5 X 3 Intervals",59.68,90.95,"",,90.95,38.21,58,-16,"Optimal","MaxHr 160bpm. RestHr 60bpm. Cycling Ftp 172w. Weight 70kg."
"2024-03-21","","","","","",,"",37.31,50.28,-19.79,"Optimal",""
"2024-03-22","VirtualRide","ROUVY - Lets increase your FTP!",17.83,26.28,"",,26.28,37.05,47.08,-12.97,"Optimal","MaxHr 160bpm. RestHr 60bpm. Cycling Ftp 172w. Weight 70kg."
"2024-03-23","VirtualRide","ROUVY - Lets increase your FTP!",80.09,73.29,"",,73.29,37.91,50.57,-10.03,"Optimal","MaxHr 160bpm. RestHr 60bpm. Cycling Ftp 172w. Weight 70kg."
"2024-03-24","VirtualRide","ROUVY - Lets increase your FTP!",64.88,75.31,"",,75.31,38.79,53.87,-12.67,"Optimal","MaxHr 160bpm. RestHr 60bpm. Cycling Ftp 172w. Weight 70kg."
"2024-03-25","","","","","",,"",37.87,46.69,-15.08,"Optimal",""
"2024-03-26","","","","","",,"",36.98,40.48,-8.82,"Neutral",""
"2024-03-27","","","","","",,"",36.11,35.09,-3.5,"Neutral",""
"2024-03-28","VirtualRide","ROUVY - Lets increase your FTP!",44.27,55.24,"",,55.24,36.56,37.77,1.02,"Neutral","MaxHr 160bpm. RestHr 60bpm. Cycling Ftp 172w. Weight 70kg."
"2024-03-29","VirtualRide","ROUVY - 87% for an hour",64.13,60.83,"",,60.83,37.13,40.84,-1.21,"Neutral","MaxHr 160bpm. RestHr 60bpm. Cycling Ftp 172w. Weight 70kg."
"2024-03-30","VirtualRide","ROUVY - 82% for an hour",65.96,78.33,"",,78.33,38.1,45.83,-3.71,"Neutral","MaxHr 160bpm. RestHr 60bpm. Cycling Ftp 172w. Weight 70kg."
"2024-03-31","","","","","",,"",37.21,39.73,-7.73,"Neutral",""
"2024-04-01","VirtualRide","ROUVY - 82% for 90M",61.61,70.83,"",,70.83,38,43.87,-2.53,"Neutral","MaxHr 160bpm. RestHr 60bpm. Cycling Ftp 172w. Weight 70kg."
"2024-04-02","VirtualRide","ROUVY - Tertsa Beach to Lerapetra | Crete",46.04,71.47,"",,71.47,38.79,47.54,-5.88,"Neutral","MaxHr 160bpm. RestHr 60bpm. Cycling Ftp 172w. Weight 70kg."
"2024-04-03","","","","","",,"",37.87,41.21,-8.76,"Neutral",""
"2024-04-04","VirtualRide","ROUVY - Wushantou to Moon World | Taiwan",10.27,21.54,"",,21.54,37.49,38.6,-3.35,"Neutral","MaxHr 160bpm. RestHr 60bpm. Cycling Ftp 172w. Weight 70kg."
"2024-04-05","VirtualRide; VirtualRide","MyWhoosh - Coffee Trail; ROUVY - Lets increase your FTP!",48.68,69.29,"",,69.29,38.24,42.68,-1.11,"Neutral","MaxHr 160bpm. RestHr 60bpm. Cycling Ftp 172w. Weight 70kg."
"2024-04-06","VirtualRide","ROUVY - Vincourt to Gruson | France",71.43,104.08,"",,104.08,39.79,50.86,-4.45,"Neutral","MaxHr 160bpm. RestHr 60bpm. Cycling Ftp 172w. Weight 70kg."
"2024-04-07","","","","","",,"",38.85,44.08,-11.07,"Optimal",""
"2024-04-08","VirtualRide","ROUVY - Lets increase your FTP!",27.86,44.65,"",,44.65,38.99,44.16,-5.24,"Neutral","MaxHr 160bpm. RestHr 60bpm. Cycling Ftp 172w. Weight 70kg."
"2024-04-09","","","","","",,"",38.07,38.28,-5.18,"Neutral",""
"2024-04-10","VirtualRide","ROUVY - Panorama Route 2 | High Tatras | Slovakia",55.04,78.34,"",,78.34,39.02,43.61,-0.22,"Neutral","MaxHr 160bpm. RestHr 60bpm. Cycling Ftp 172w. Weight 70kg."
"2024-04-11","","","","","",,"",38.1,37.81,-4.6,"Neutral",""
"2024-04-12","VirtualRide","ROUVY - 2 ""doable"" hours (75% FTP)",28,41.51,"",,41.51,38.18,38.3,0.29,"Neutral","MaxHr 160bpm. RestHr 60bpm. Cycling Ftp 172w. Weight 70kg."
"2024-04-13","VirtualRide","ROUVY - Lets increase your FTP!",45.69,68.28,"",,68.28,38.89,42.29,-0.13,"Neutral","MaxHr 160bpm. RestHr 60bpm. Cycling Ftp 172w. Weight 70kg."
"2024-04-14","VirtualRide; VirtualRide","ROUVY - Ken's 1 min. X 5 X 3 Intervals; ROUVY - Kato Gouves to Herakleion | Crete",39.62,69.3,"",,69.3,39.6,45.89,-3.41,"Neutral","MaxHr 160bpm. RestHr 60bpm. Cycling Ftp 172w. Weight 70kg."
"2024-04-15","","","","","",,"",38.67,39.78,-6.29,"Neutral",""
"2024-04-16","VirtualRide","ROUVY - Ken's 1 min. X 5 X 3 Intervals",67.11,89.54,"",,89.54,39.87,46.4,-1.11,"Neutral","MaxHr 160bpm. RestHr 60bpm. Cycling Ftp 172w. Weight 70kg."
"2024-04-17","","","","","",,"",38.93,40.22,-6.54,"Neutral",""
"2024-04-18","","","","","",,"",38.01,34.87,-1.3,"Neutral",""
"2024-04-19","VirtualRide","ROUVY - Race: SwissTri Zug",116.71,115.1,"",,115.1,39.83,45.55,3.14,"Neutral","MaxHr 160bpm. RestHr 60bpm. Cycling Ftp 172w. Weight 70kg."
"2024-04-20","VirtualRide","ROUVY - 1 Hour at 75%",51.62,59.71,"",,59.71,40.29,47.43,-5.73,"Neutral","MaxHr 160bpm. RestHr 60bpm. Cycling Ftp 172w. Weight 70kg."
"2024-04-21","VirtualRide","ROUVY - 70% FTP (zone 2) for an hour",43.65,51.84,"",,51.84,40.57,48.02,-7.14,"Neutral","MaxHr 160bpm. RestHr 60bpm. Cycling Ftp 172w. Weight 70kg."
"2024-04-22","","","","","",,"",39.61,41.63,-7.46,"Neutral",""
"2024-04-23","VirtualRide","ROUVY - 70% FTP (zone 2) for 90 min",67,65.31,"",,65.31,40.22,44.78,-2.02,"Neutral","MaxHr 160bpm. RestHr 60bpm. Cycling Ftp 172w. Weight 70kg."
"2024-04-24","VirtualRide","ROUVY - Race: Along Lake Como | Italy",52.98,69.54,"",,69.54,40.91,48.08,-4.57,"Neutral","MaxHr 160bpm. RestHr 60bpm. Cycling Ftp 172w. Weight 70kg."
"2024-04-25","VirtualRide","ROUVY - 70% FTP (zone 2) for an hour",44.55,54.43,"",,54.43,41.22,48.92,-7.18,"Neutral","MaxHr 160bpm. RestHr 60bpm. Cycling Ftp 172w. Weight 70kg."
"2024-04-26","","","","","",,"",40.25,42.41,-7.7,"Neutral",""
"2024-04-27","VirtualRide","ROUVY - Lets increase your FTP!",53.22,75.4,"",,75.4,41.08,46.8,-2.16,"Neutral","MaxHr 160bpm. RestHr 60bpm. Cycling Ftp 172w. Weight 70kg."
"2024-04-28","","","","","",,"",40.11,40.57,-5.72,"Neutral",""
"2024-04-29","VirtualRide","ROUVY - Tour of the Alps 2024 | Stage 2 - Stans",58.5,76.9,"",,76.9,40.98,45.41,-0.46,"Neutral","MaxHr 160bpm. RestHr 60bpm. Cycling Ftp 172w. Weight 70kg."
"2024-04-30","VirtualRide","ROUVY - Vo2 and Anaerobic mixup",51.64,76.7,"",,76.7,41.82,49.57,-4.43,"Neutral","MaxHr 160bpm. RestHr 60bpm. Cycling Ftp 172w. Weight 70kg."
"2024-05-01","","","","","",,"",40.84,42.97,-7.76,"Neutral",""
"2024-05-02","","","","","",,"",39.88,37.25,-2.14,"Neutral",""
"2024-05-03","","","","","",,"",38.94,32.29,2.62,"Neutral",""
"2024-05-04","","","","","",,"",38.02,27.99,6.64,"Freshness",""
"2024-05-05","VirtualRide","ROUVY - 70% FTP (zone 2) for 90 min",57.05,70.38,"",,70.38,38.78,33.63,10.02,"Freshness","MaxHr 160bpm. RestHr 60bpm. Cycling Ftp 172w. Weight 70kg."
"2024-05-06","","","","","",,"",37.87,29.16,5.14,"Freshness",""
"2024-05-07","VirtualRide","ROUVY - Race: Along Lake Como | Italy",62.52,67.48,"",,67.48,38.57,34.26,8.71,"Freshness","MaxHr 160bpm. RestHr 60bpm. Cycling Ftp 172w. Weight 70kg."
"2024-05-08","VirtualRide","ROUVY - Challenge Geraardsbergen | Belgium 40 km",44.62,62.7,"",,62.7,39.13,38.04,4.3,"Neutral","MaxHr 160bpm. RestHr 60bpm. Cycling Ftp 172w. Weight 70kg."
"2024-05-09","","","","","",,"",38.21,32.98,1.08,"Neutral",""
"2024-05-10","VirtualRide; Run","ROUVY - Monte Grappa | Italy; Evening Run",2.15,3.33,"",,3.33,37.39,29.03,5.23,"Freshness","MaxHr 160bpm. RestHr 60bpm. Cycling Ftp 172w. Weight 70kg."
"2024-05-11","","","","","",,"",36.51,25.17,8.36,"Freshness",""
"2024-05-12","VirtualRide","ROUVY - Challenge Vieux Boucau | France 35km",72.61,93.59,"",,93.59,37.86,34.28,11.34,"Freshness","MaxHr 160bpm. RestHr 60bpm. Cycling Ftp 172w. Weight 70kg."
"2024-05-13","","","","","",,"",36.96,29.71,3.57,"Neutral",""
"2024-05-14","VirtualRide","ROUVY - Race: Monno to Passo del Mortirolo | Italy",51.03,76.16,"",,76.16,37.89,35.9,7.25,"Freshness","MaxHr 160bpm. RestHr 60bpm. Cycling Ftp 172w. Weight 70kg."
"2024-05-15","","","","","",,"",37,31.12,1.99,"Neutral",""
"2024-05-16","","","","","",,"",36.13,26.97,5.87,"Freshness",""
"2024-05-17","VirtualRide","ROUVY - Bormio to Tirano | Italy",53.58,71.6,"",,71.6,36.96,32.91,9.15,"Freshness","MaxHr 160bpm. RestHr 60bpm. Cycling Ftp 172w. Weight 70kg."
"2024-05-18","VirtualRide","ROUVY - Le Prese to Pradelle | Italy",64.78,83.83,"",,83.83,38.06,39.69,4.04,"Neutral","MaxHr 160bpm. RestHr 60bpm. Cycling Ftp 172w. Weight 70kg."
"2024-05-19","Run","Afternoon Run","","","",,"",37.17,34.41,-1.64,"Neutral","Weight 70kg."
"2024-05-20","","","","","",,"",36.29,29.83,2.75,"Neutral",""
"2024-05-21","VirtualRide","ROUVY - Lets increase your FTP!",14.64,21.93,"",,21.93,35.95,28.78,6.46,"Freshness","MaxHr 160bpm. RestHr 60bpm. Cycling Ftp 172w. Weight 70kg."
"2024-05-22","","","","","",,"",35.11,24.94,7.17,"Freshness",""
"2024-05-23","","","","","",,"",34.28,21.62,10.16,"Freshness",""
"2024-05-24","","","","","",,"",33.48,18.74,12.65,"Freshness",""
"2024-05-25","VirtualRide","ROUVY - Bormio to Tirano | Italy",63.4,80.28,"",,80.28,34.58,26.94,14.73,"Freshness","MaxHr 160bpm. RestHr 60bpm. Cycling Ftp 172w. Weight 70kg."
"2024-05-26","","","","","",,"",33.76,23.35,7.64,"Freshness",""
"2024-05-27","","","","","",,"",32.97,20.24,10.41,"Freshness",""
"2024-05-28","","","","","",,"",32.19,17.55,12.72,"Freshness",""
"2024-05-29","","","","","",,"",31.44,15.21,14.64,"Freshness",""
"2024-05-30","","","","","",,"",30.7,13.18,16.22,"Freshness",""
"2024-05-31","VirtualRide","ROUVY - Hackberry to Truxton | Route 66 | Arizona | USA",65.99,80.26,"",,80.26,31.86,22.11,17.51,"Freshness","MaxHr 160bpm. RestHr 60bpm. Cycling Ftp 172w. Weight 70kg."
"2024-06-01","","","","","",,"",31.11,19.17,9.74,"Freshness",""
"2024-06-02","","","","","",,"",30.38,16.62,11.94,"Freshness",""
"2024-06-03","","","","","",,"",29.66,14.4,13.76,"Freshness",""
"2024-06-04","VirtualRide; VirtualRide","ROUVY - Geneva Summit | Idaho | USA; ROUVY - Tour de Suisse 2024 | Stage 1 - Vaduz",70.47,78.02,"",,78.02,30.8,22.87,15.26,"Freshness","MaxHr 160bpm. RestHr 60bpm. Cycling Ftp 172w. Weight 70kg."
"2024-06-05","Run","Evening Run",33.08,"","",,33.08,30.86,24.23,7.93,"Freshness","MaxHr 160bpm. RestHr 60bpm. Weight 70kg."
"2024-06-06","","","","","",,"",30.13,21,6.62,"Freshness",""
"2024-06-07","","","","","",,"",29.42,18.21,9.12,"Freshness",""
"2024-06-08","","","","","",,"",28.73,15.78,11.21,"Freshness",""
"2024-06-09","","","","","",,"",28.05,13.68,12.94,"Freshness",""
"2024-06-10","Run","Evening Run",35.42,"","",,35.42,28.23,16.57,14.37,"Freshness","MaxHr 160bpm. RestHr 60bpm. Weight 70kg."
"2024-06-11","","","","","",,"",27.56,14.37,11.65,"Freshness",""
"2024-06-12","","","","","",,"",26.91,12.45,13.19,"Freshness",""
"2024-06-13","","","","","",,"",26.28,10.8,14.45,"Freshness",""
"2024-06-14","","","","","",,"",25.66,9.36,15.48,"Freshness",""
"2024-06-15","","","","","",,"",25.06,8.11,16.3,"Freshness",""
"2024-06-16","","","","","",,"",24.47,7.03,16.94,"Freshness",""
"2024-06-17","","","","","",,"",23.89,6.09,17.43,"Freshness",""
"2024-06-18","","","","","",,"",23.33,5.28,17.79,"Freshness",""
"2024-06-19","","","","","",,"",22.78,4.58,18.04,"Freshness",""
"2024-06-20","","","","","",,"",22.24,3.97,18.2,"Freshness",""
"2024-06-21","","","","","",,"",21.72,3.44,18.27,"Freshness",""
"2024-06-22","","","","","",,"",21.21,2.98,18.28,"Freshness",""
"2024-06-23","VirtualRide","ROUVY - Seligman | Route 66 | Arizona | USA",79.03,84.52,"",,84.52,22.7,13.84,18.22,"Freshness","MaxHr 160bpm. RestHr 60bpm. Cycling Ftp 172w. Weight 70kg."
"2024-06-24","VirtualRide","ROUVY - Colle Monte delle Forche | Italy",17.02,46.6,"",,46.6,23.26,18.2,8.86,"Freshness","MaxHr 160bpm. RestHr 60bpm. Cycling Ftp 172w. Weight 70kg."
"2024-06-25","","","","","",,"",22.71,15.77,5.06,"Freshness",""
"2024-06-26","VirtualRide","ROUVY - Hackberry to Truxton | Route 66 | Arizona | USA",50.7,78.11,"",,78.11,24.02,24.07,6.94,"Freshness","MaxHr 160bpm. RestHr 60bpm. Cycling Ftp 172w. Weight 70kg."
"2024-06-27","","","","","",,"",23.45,20.87,-0.06,"Neutral",""
"2024-06-28","VirtualRide","ROUVY - Avenue of the Giants | California | USA",37.73,44.08,"",,44.08,23.94,23.96,2.58,"Neutral","MaxHr 160bpm. RestHr 60bpm. Cycling Ftp 172w. Weight 70kg."
"2024-06-29","VirtualRide","ROUVY - Death Valley #2 | California | USA",37.07,51,"",,51,24.57,27.56,-0.02,"Neutral","MaxHr 160bpm. RestHr 60bpm. Cycling Ftp 172w. Weight 70kg."
"2024-06-30","","","","","",,"",24,23.89,-2.99,"Neutral",""
"2024-07-01","","","","","",,"",23.43,20.71,0.1,"Neutral",""
"2024-07-02","","","","","",,"",22.88,17.95,2.72,"Neutral",""
"2024-07-03","VirtualRide; VirtualRide","ROUVY - Challenge Vieux Boucau | France 35km; ROUVY - Challenge Vieux Boucau | France 35km",92.96,90.46,"",,90.46,24.47,27.6,4.92,"Neutral","MaxHr 160bpm. RestHr 60bpm. Cycling Ftp 172w. Weight 70kg."
"2024-07-04","","","","","",,"",23.89,23.93,-3.14,"Neutral",""
"2024-07-05","","","","","",,"",23.33,20.74,-0.04,"Neutral",""
"2024-07-06","","","","","",,"",22.78,17.98,2.58,"Neutral",""
"2024-07-07","","","","","",,"",22.25,15.59,4.8,"Neutral",""
"2024-07-08","","","","","",,"",21.72,13.51,6.66,"Freshness",""
"2024-07-09","","","","","",,"",21.21,11.71,8.21,"Freshness",""
"2024-07-10","","","","","",,"",20.71,10.15,9.5,"Freshness",""
"2024-07-11","","","","","",,"",20.23,8.8,10.56,"Freshness",""
"2024-07-12","","","","","",,"",19.75,7.63,11.42,"Freshness",""
"2024-07-13","","","","","",,"",19.28,6.61,12.12,"Freshness",""
"2024-07-14","","","","","",,"",18.83,5.73,12.67,"Freshness",""
"2024-07-15","VirtualRide","ROUVY - La Vuelta 2022 | Stage 1 - Utrecht | NL",29.68,37.55,"",,37.55,19.27,9.97,13.1,"Freshness","MaxHr 160bpm. RestHr 60bpm. Cycling Ftp 172w. Weight 70kg."
"2024-07-16","","","","","",,"",18.82,8.64,9.3,"Freshness",""
"2024-07-17","","","","","",,"",18.37,7.49,10.17,"Freshness",""
"2024-07-18","","","","","",,"",17.94,6.49,10.88,"Freshness",""
"2024-07-19","","","","","",,"",17.52,5.63,11.45,"Freshness",""
"2024-07-20","VirtualRide","Zwift - Beach Island Loop in Watopia",17.86,28.42,"",,28.42,17.78,8.66,11.89,"Freshness","MaxHr 160bpm. RestHr 60bpm. Cycling Ftp 172w. Weight 70kg."
"2024-07-21","","","","","",,"",17.36,7.51,9.11,"Freshness",""
"2024-07-22","","","","","",,"",16.95,6.51,9.85,"Freshness",""
"2024-07-23","","","","","",,"",16.55,5.64,10.44,"Freshness",""
"2024-07-24","VirtualRide","Zwift - Pacer Group Ride: Tick Tock in Watopia with Bernie",26.97,46.06,"",,46.06,17.25,11.02,10.91,"Freshness","MaxHr 160bpm. RestHr 60bpm. Cycling Ftp 172w. Weight 70kg."
"2024-07-25","","","","","",,"",16.84,9.55,6.22,"Freshness",""
"2024-07-26","","","","","",,"",16.44,8.28,7.28,"Freshness",""
"2024-07-27","","","","","",,"",16.06,7.18,8.16,"Freshness",""
"2024-07-28","","","","","",,"",15.68,6.22,8.87,"Freshness",""
"2024-07-29","","","","","",,"",15.31,5.39,9.45,"Freshness",""
"2024-07-30","","","","","",,"",14.95,4.67,9.91,"Freshness",""
"2024-07-31","","","","","",,"",14.6,4.05,10.27,"Freshness",""
"2024-08-01","","","","","",,"",14.25,3.51,10.54,"Freshness",""
"2024-08-02","","","","","",,"",13.92,3.04,10.74,"Freshness",""
"2024-08-03","","","","","",,"",13.59,2.64,10.87,"Freshness",""
"2024-08-04","","","","","",,"",13.27,2.29,10.95,"Freshness",""
"2024-08-05","","","","","",,"",12.96,1.98,10.98,"Freshness",""
"2024-08-06","VirtualRide","Zwift - Pacer Group Ride: Triple Flat Loops in Watopia with Bernie",50.85,60.75,"",,60.75,14.08,9.8,10.97,"Freshness","MaxHr 160bpm. RestHr 60bpm. Cycling Ftp 172w. Weight 70kg."
"2024-08-07","VirtualRide","Zwift - Pacer Group Ride: The Big Ring in Watopia with Miguel",53.36,55.76,"",,55.76,15.06,15.92,4.27,"Neutral","MaxHr 160bpm. RestHr 60bpm. Cycling Ftp 172w. Weight 70kg."
"2024-08-08","","","","","",,"",14.71,13.8,-0.86,"Neutral",""
"2024-08-09","VirtualRide","Zwift - Pacer Group Ride: The Big Ring in Watopia with Miguel",46.88,66.61,"",,66.61,15.93,20.83,0.9,"Neutral","MaxHr 160bpm. RestHr 60bpm. Cycling Ftp 172w. Weight 70kg."
"2024-08-10","","","","","",,"",15.55,18.06,-4.91,"Neutral",""
"2024-08-11","","","","","",,"",15.19,15.65,-2.51,"Neutral",""
"2024-08-12","VirtualRide","Zwift - Race: Stage 3: Punchy Power - Rooftop Rendezvous (D) on Rooftop Rendezvous in Makuri Islands",67.78,59.23,"",,59.23,16.22,21.45,-0.47,"Neutral","MaxHr 160bpm. RestHr 60bpm. Cycling Ftp 172w. Weight 70kg."
"2024-08-13","VirtualRide","Zwift - Pacer Group Ride: R.G.V. in France with Miguel",42.65,39.11,"",,39.11,16.76,23.8,-5.23,"Neutral","MaxHr 160bpm. RestHr 60bpm. Cycling Ftp 172w. Weight 70kg."
"2024-08-14","VirtualRide","Zwift - Tempus Fugit in Watopia",13.44,22.23,"",,22.23,16.89,23.59,-7.05,"Neutral","MaxHr 160bpm. RestHr 60bpm. Cycling Ftp 172w. Weight 70kg."
"2024-08-15","","","","","",,"",16.49,20.45,-6.71,"Neutral",""
"2024-08-16","","","","","",,"",16.11,17.73,-3.96,"Neutral",""
"2024-08-17","VirtualRide","Zwift - Mishmash in Watopia",92.81,86.63,"",,86.63,17.77,26.9,-1.63,"Neutral","MaxHr 160bpm. RestHr 60bpm. Cycling Ftp 172w. Weight 70kg."
"2024-08-18","","","","","",,"",17.35,23.32,-9.14,"Neutral",""
"2024-08-19","","","","","",,"",16.94,20.21,-5.98,"Neutral",""
"2024-08-20","VirtualRide","Zwift - Pacer Group Ride: Sugar Cookie in Watopia with Maria",93.84,86.67,"",,86.67,18.58,29.06,-3.28,"Neutral","MaxHr 160bpm. RestHr 60bpm. Cycling Ftp 172w. Weight 70kg."
"2024-08-21","VirtualRide","Zwift - Watopia Hilly Forward on Lutece Express in Watopia",48.42,54.44,"",,54.44,19.42,32.44,-10.49,"Optimal","MaxHr 160bpm. RestHr 60bpm. Cycling Ftp 172w. Weight 70kg."
"2024-08-22","VirtualRide","Zwift - Race: Stage 4: Punchy Power - London Loop (D) on London Loop in London",48.51,56.37,"",,56.37,20.29,35.63,-13.02,"Optimal","MaxHr 160bpm. RestHr 60bpm. Cycling Ftp 172w. Weight 70kg."
"2024-08-23","","Zwift - Race: Stage 4: Punchy Power - London Loop (D) on London Loop in London",55.41,"","",,55.41,21.12,38.26,-15.34,"Optimal","MaxHr 160bpm. RestHr 60bpm. Weight 70kg."
"2024-08-24","","","","","",,"",20.62,33.17,-17.15,"Optimal",""
"2024-08-25","","","","","",,"",20.14,28.75,-12.55,"Optimal",""
"2024-08-26","","","","","",,"",19.66,24.92,-8.62,"Neutral",""
"2024-08-27","","","","","",,"",19.2,21.6,-5.26,"Neutral",""
"2024-08-28","","","","","",,"",18.75,18.73,-2.41,"Neutral",""
"2024-08-29","","","","","",,"",18.31,16.23,0.02,"Neutral",""
"2024-08-30","","","","","",,"",17.88,14.07,2.07,"Neutral",""
"2024-08-31","","","","","",,"",17.46,12.2,3.8,"Neutral",""
"2024-09-01","","","","","",,"",17.04,10.57,5.25,"Freshness",""
"2024-09-02","","","","","",,"",16.64,9.17,6.47,"Freshness",""
"2024-09-03","","","","","",,"",16.25,7.94,7.47,"Freshness",""
"2024-09-04","","","","","",,"",15.87,6.89,8.3,"Freshness",""
"2024-09-05","","","","","",,"",15.5,5.97,8.98,"Freshness",""
"2024-09-06","","","","","",,"",15.13,5.17,9.52,"Freshness",""
"2024-09-07","","","","","",,"",14.77,4.48,9.95,"Freshness",""
"2024-09-08","","","","","",,"",14.43,3.89,10.29,"Freshness",""
"2024-09-09","","","","","",,"",14.09,3.37,10.54,"Freshness",""
"2024-09-10","","","","","",,"",13.76,2.92,10.71,"Freshness",""
"2024-09-11","","","","","",,"",13.43,2.53,10.83,"Freshness",""
"2024-09-12","","Zwift - Sand And Sequoias in Watopia",34.03,"","",,34.03,13.92,6.72,10.9,"Freshness","MaxHr 160bpm. RestHr 60bpm. Weight 70kg."
"2024-09-13","VirtualRide","Zwift - Tempus Fugit in Watopia",15.61,24.09,"",,24.09,14.16,9.04,7.19,"Freshness","MaxHr 160bpm. RestHr 60bpm. Cycling Ftp 172w. Weight 70kg."
"2024-09-14","","","","","",,"",13.82,7.83,5.12,"Freshness",""
"2024-09-15","","","","","",,"",13.5,6.79,5.99,"Freshness",""
"2024-09-16","","","","","",,"",13.18,5.88,6.7,"Freshness",""
"2024-09-17","","","","","",,"",12.87,5.1,7.29,"Freshness",""
"2024-09-18","VirtualRide","Zwift - Sand And Sequoias in Watopia",42.69,66.23,"",,66.23,14.13,13.24,7.76,"Freshness","MaxHr 160bpm. RestHr 60bpm. Cycling Ftp 172w. Weight 70kg."
"2024-09-19","","","","","",,"",13.79,11.47,0.88,"Neutral",""
"2024-09-20","","","","","",,"",13.47,9.95,2.31,"Neutral",""
"2024-09-21","","","","","",,"",13.15,8.62,3.52,"Neutral",""
"2024-09-22","","","","","",,"",12.84,7.47,4.52,"Neutral",""
"2024-09-23","","","","","",,"",12.54,6.48,5.36,"Freshness",""
"2024-09-24","","","","","",,"",12.24,5.61,6.06,"Freshness",""
"2024-09-25","","","","","",,"",11.96,4.87,6.62,"Freshness",""
"2024-09-26","","","","","",,"",11.67,4.22,7.08,"Freshness",""
"2024-09-27","","","","","",,"",11.4,3.66,7.45,"Freshness",""
"2024-09-28","","","","","",,"",11.13,3.17,7.74,"Freshness",""
"2024-09-29","","","","","",,"",10.87,2.75,7.96,"Freshness",""
"2024-09-30","","","","","",,"",10.61,2.38,8.12,"Freshness",""
"2024-10-01","","","","","",,"",10.36,2.06,8.23,"Freshness",""
"2024-10-02","","","","","",,"",10.12,1.79,8.3,"Freshness",""
"2024-10-03","","","","","",,"",9.88,1.55,8.33,"Freshness",""
"2024-10-04","VirtualRide","Zwift - Pacer Group Ride: Tempus Fugit in Watopia with Bernie",18.6,21.72,"",,21.72,10.16,4.23,8.33,"Freshness","MaxHr 160bpm. RestHr 60bpm. Cycling Ftp 172w. Weight 70kg."
"2024-10-05","","","","","",,"",9.92,3.67,5.92,"Freshness",""
"2024-10-06","VirtualRide","Zwift - Pacer Group Ride: Tempus Fugit in Watopia with Bernie",38.08,34.82,"",,34.82,10.51,7.82,6.25,"Freshness","MaxHr 160bpm. RestHr 60bpm. Cycling Ftp 172w. Weight 70kg."
"2024-10-07","","","","","",,"",10.26,6.78,2.69,"Neutral",""
"2024-10-08","","","","","",,"",10.02,5.87,3.48,"Neutral",""
"2024-10-09","","","","","",,"",9.78,5.09,4.14,"Neutral",""
"2024-10-10","VirtualRide","Zwift - Volcano Circuit in Watopia",19.52,22.94,"",,22.94,10.09,7.47,4.69,"Neutral","MaxHr 160bpm. RestHr 60bpm. Cycling Ftp 172w. Weight 70kg."
"2024-10-11","","","","","",,"",9.85,6.47,2.62,"Neutral",""
"2024-10-12","VirtualRide","Zwift - Volcano Circuit in Watopia",57.33,72.32,"",,72.32,11.32,15.24,3.38,"Neutral","MaxHr 160bpm. RestHr 60bpm. Cycling Ftp 172w. Weight 70kg."
"2024-10-13","","","","","",,"",11.06,13.21,-3.92,"Neutral",""
"2024-10-14","VirtualRide","Zwift - Volcano Circuit in Watopia",17.77,65.45,"",,65.45,12.34,20.16,-2.16,"Neutral","MaxHr 160bpm. RestHr 60bpm. Cycling Ftp 172w. Weight 70kg."
"2024-10-15","VirtualRide","Zwift - Climb Portal: Bealach na Ba at 50% Elevation in Watopia",49.18,66.13,"",,66.13,13.6,26.28,-7.83,"Neutral","MaxHr 160bpm. RestHr 60bpm. Cycling Ftp 172w. Weight 70kg."
"2024-10-16","","","","","",,"",13.28,22.78,-12.68,"Optimal",""
"2024-10-17","VirtualRide","Zwift - Volcano Circuit in Watopia",73.59,65.31,"",,65.31,14.51,28.44,-9.51,"Neutral","MaxHr 160bpm. RestHr 60bpm. Cycling Ftp 172w. Weight 70kg."
"2024-10-18","","","","","",,"",14.17,24.66,-13.94,"Optimal",""
"2024-10-19","VirtualRide","Zwift - Race: HerD Beginner Races (D) on R.G.V. in France",80.16,77.24,"",,77.24,15.65,31.66,-10.5,"Optimal","MaxHr 160bpm. RestHr 60bpm. Cycling Ftp 172w. Weight 70kg."
"2024-10-20","VirtualRide","Zwift - Tempus Fugit in Watopia",40.34,40.08,"",,40.08,16.22,32.78,-16.01,"Optimal","MaxHr 160bpm. RestHr 60bpm. Cycling Ftp 172w. Weight 70kg."
"2024-10-21","","","","","",,"",15.84,28.41,-16.56,"Optimal",""
"2024-10-22","VirtualRide","Zwift - Race: Zwift Crit Racing Club - Neokyo Crit Course (E) on Neokyo Crit Course in Makuri Islands",64.22,61.95,"",,61.95,16.93,32.88,-12.58,"Optimal","MaxHr 160bpm. RestHr 60bpm. Cycling Ftp 172w. Weight 70kg."
"2024-10-23","VirtualRide","Zwift - 40 Min 8 x 103% in Watopia",52.93,54.05,"",,54.05,17.8,35.7,-15.96,"Optimal","MaxHr 160bpm. RestHr 60bpm. Cycling Ftp 172w. Weight 70kg."
"2024-10-24","","","","","",,"",17.38,30.94,-17.9,"Optimal",""
"2024-10-25","VirtualRide","Zwift - Race: Zwift Crit Racing Club - Neokyo Crit Course (E) on Neokyo Crit Course in Makuri Islands",60.05,57.73,"",,57.73,18.33,34.51,-13.57,"Optimal","MaxHr 160bpm. RestHr 60bpm. Cycling Ftp 172w. Weight 70kg."
"2024-10-26","VirtualRide","Zwift - Climb Portal: Cipressa at 75% Elevation in Watopia",43.41,54.67,"",,54.67,19.19,37.19,-16.18,"Optimal","MaxHr 160bpm. RestHr 60bpm. Cycling Ftp 172w. Weight 70kg."
"2024-10-27","","","","","",,"",18.73,32.24,-18.01,"Optimal",""
"2024-10-28","VirtualRide","Zwift - Group Ride: Standard | Stage 2 | Tour of Watopia Ride on Serpentine 8 in Watopia",66.98,90.09,"",,90.09,20.41,39.94,-13.51,"Optimal","MaxHr 160bpm. RestHr 60bpm. Cycling Ftp 172w. Weight 70kg."
"2024-10-29","VirtualRide","Zwift - Tempus Fugit in Watopia",10.19,"","",,10.19,20.17,35.98,-19.53,"Optimal","MaxHr 160bpm. RestHr 60bpm. Weight 70kg."
"2024-10-30","","","","","",,"",19.7,31.19,-15.81,"Optimal",""
"2024-10-31","VirtualRide","Zwift - Pacer Group Ride: Flat Route in Watopia with Bernie",70.87,"","",,70.87,20.9,36.47,-11.5,"Optimal","MaxHr 160bpm. RestHr 60bpm. Weight 70kg."
"2024-11-01","","","","","",,"",20.41,31.62,-15.58,"Optimal",""
"2024-11-02","","","","","",,"",19.93,27.41,-11.21,"Optimal",""
"2024-11-03","VirtualRide","Zwift - Going Coastal in Watopia",7.48,4.8,"",,4.8,19.57,24.4,-7.48,"Neutral","MaxHr 160bpm. RestHr 60bpm. Cycling Ftp 172w. Weight 70kg."
"2024-11-04","VirtualRide","Zwift - Race: Sledgehammer Inbetweeners Races on Jungle Circuit in Watopia",79.57,92.02,"",,92.02,21.28,33.4,-4.83,"Neutral","MaxHr 160bpm. RestHr 60bpm. Cycling Ftp 172w. Weight 70kg."
"2024-11-05","","","","","",,"",20.78,28.95,-12.13,"Optimal",""
"2024-11-06","","","","","",,"",20.29,25.1,-8.18,"Neutral",""
"2024-11-07","VirtualRide","Zwift - Race: Community Racing Festival || Revolution Velo Racing || Going Coastal (E) on Going Coastal in Watopia",70.46,66.49,"",,66.49,21.38,30.61,-4.81,"Neutral","MaxHr 160bpm. RestHr 60bpm. Cycling Ftp 172w. Weight 70kg."
"2024-11-08","VirtualRide","Zwift - Group Ride: Short | Stage 4 | Tour of Watopia Ride on Going Coastal in Watopia",46.43,56.62,"",,56.62,22.2,34.07,-9.24,"Neutral","MaxHr 160bpm. RestHr 60bpm. Cycling Ftp 172w. Weight 70kg."
"2024-11-09","","","","","",,"",21.68,29.53,-11.87,"Optimal",""
"2024-11-10","VirtualRide; VirtualRide","Zwift - Pacer Group Ride: Neokyo All-Nighter in Makuri Islands with Taylor; Zwift - Race: Community Racing Festival || Team Italy || Seaside Sprint (E) on Seaside Sprint in Watopia",74.22,91.66,"",,91.66,23.33,37.8,-7.86,"Neutral","MaxHr 160bpm. RestHr 60bpm. Cycling Ftp 172w. Weight 70kg."
"2024-11-11","","","","","",,"",22.78,32.77,-14.48,"Optimal",""
"2024-11-12","VirtualRide; VirtualRide","Zwift - Whole Lotta Lava in Watopia; Zwift - FTP Ramp Test in Watopia",32.58,53.68,"",,53.68,23.51,35.55,-10,"Neutral","MaxHr 160bpm. RestHr 60bpm. Cycling Ftp 172w. Weight 70kg."
"2024-11-13","","","","","",,"",22.95,30.82,-12.05,"Optimal",""
"2024-11-14","VirtualRide","Zwift - Group Ride: Short | Stage 5 | Tour of Watopia Ride on Loopin Lava in Watopia",54.54,60.32,"",,60.32,23.83,34.75,-7.87,"Neutral","MaxHr 160bpm. RestHr 60bpm. Cycling Ftp 172w. Weight 70kg."
"2024-11-15","VirtualRide","Zwift - Race: Community Racing Festival || RWB || Rolling Highlands (E) on Rolling Highlands in Scotland",67.24,72.56,"",,72.56,24.98,39.78,-10.92,"Optimal","MaxHr 160bpm. RestHr 60bpm. Cycling Ftp 172w. Weight 70kg."
"2024-11-16","","","","","",,"",24.39,34.48,-14.81,"Optimal",""
"2024-11-17","VirtualRide","Zwift - Kens Tractor Pulls in France",32.61,58.53,"",,58.53,25.19,37.68,-10.1,"Optimal","MaxHr 160bpm. RestHr 60bpm. Cycling Ftp 172w. Weight 70kg."
"2024-11-18","VirtualRide","Zwift - Kens Tractor Pulls in France",43.64,69.35,"",,69.35,26.23,41.9,-12.5,"Optimal","MaxHr 160bpm. RestHr 60bpm. Cycling Ftp 172w. Weight 70kg."
"2024-11-19","VirtualRide","Zwift - Race: Community Racing Festival || Team CLS || Glasgow Reverse (E) on Glasgow Reverse in Scotland",64.05,78.57,"",,78.57,27.46,46.78,-15.67,"Optimal","MaxHr 160bpm. RestHr 60bpm. Cycling Ftp 172w. Weight 70kg."
"2024-11-20","","","","","",,"",26.82,40.55,-19.32,"Optimal",""
"2024-11-21","","","","","",,"",26.19,35.15,-13.74,"Optimal",""
"2024-11-22","","","","","",,"",25.57,30.47,-8.97,"Neutral",""
"2024-11-23","VirtualRide; VirtualRide","Zwift - FTP Ramp Test in Watopia; Zwift - FTP Ramp Test in Watopia",36.44,59.73,"",,59.73,26.37,34.37,-4.91,"Neutral","MaxHr 160bpm. RestHr 60bpm. Cycling Ftp 172w. Weight 70kg."
"2024-11-24","","","","","",,"",25.75,29.79,-8,"Neutral",""
"2024-11-25","VirtualRide; VirtualRide","Zwift - Pacer Group Ride: Watopia's Waistband in Watopia with Taylor; Zwift - Race: Stage 1: Fresh Outta 24 - Triple Twist (E) on Triple Twist in Watopia",76.72,91.55,"",,91.55,27.3,38.01,-4.04,"Neutral","MaxHr 160bpm. RestHr 60bpm. Cycling Ftp 172w. Weight 70kg."
"2024-11-26","VirtualRide","Zwift - Kens Tractor Pulls in Watopia",42.36,79.46,"",,79.46,28.53,43.53,-10.72,"Optimal","MaxHr 160bpm. RestHr 60bpm. Cycling Ftp 172w. Weight 70kg."
"2024-11-27","","","","","",,"",27.86,37.74,-15.01,"Optimal",""
"2024-11-28","VirtualRide","Zwift - Pacer Group Ride: Tempus Fugit in Watopia with Miguel",30.25,50.26,"",,50.26,28.38,39.4,-9.88,"Neutral","MaxHr 160bpm. RestHr 60bpm. Cycling Ftp 172w. Weight 70kg."
"2024-11-29","VirtualRide","Zwift - Pacer Group Ride: Tick Tock in Watopia with Bernie",45.21,65.4,"",,65.4,29.26,42.86,-11.02,"Optimal","MaxHr 160bpm. RestHr 60bpm. Cycling Ftp 172w. Weight 70kg."
"2024-11-30","VirtualRide; VirtualRide","Zwift - Zwift Camp: Baseline | Sprint Booster in Watopia; Zwift - Pacer Group Ride: Tick Tock in Watopia with Bernie",21.66,36.47,"",,36.47,29.43,42.01,-13.61,"Optimal","MaxHr 160bpm. RestHr 60bpm. Cycling Ftp 172w. Weight 70kg."
"2024-12-01","VirtualRide","Zwift - Pacer Group Ride: Tempus Fugit in Watopia with Bernie",46.21,72.67,"",,72.67,30.44,46.09,-12.59,"Optimal","MaxHr 160bpm. RestHr 60bpm. Cycling Ftp 172w. Weight 70kg."
"2024-12-02","","","","","",,"",29.73,39.96,-15.66,"Optimal",""
"2024-12-03","VirtualRide","Zwift - Pacer Group Ride: Tempus Fugit in Watopia with Bernie",51.22,75.3,"",,75.3,30.8,44.66,-10.24,"Optimal","MaxHr 160bpm. RestHr 60bpm. Cycling Ftp 172w. Weight 70kg."
"2024-12-04","","","","","",,"",30.07,38.72,-13.87,"Optimal",""
"2024-12-05","","","","","",,"",29.37,33.56,-8.65,"Neutral",""
"2024-12-06","VirtualRide","Zwift - Pacer Group Ride: Tempus Fugit in Watopia with Bernie",62.22,86.8,"",,86.8,30.72,40.65,-4.2,"Neutral","MaxHr 160bpm. RestHr 60bpm. Cycling Ftp 172w. Weight 70kg."
"2024-12-07","","","","","",,"",29.99,35.24,-9.94,"Neutral",""
"2024-12-08","VirtualRide","Zwift - Pacer Group Ride: Tempus Fugit in Watopia with Bernie",14.15,19.66,"",,19.66,29.75,33.16,-5.25,"Neutral","MaxHr 160bpm. RestHr 60bpm. Cycling Ftp 172w. Weight 70kg."
"2024-12-09","","","","","",,"",29.05,28.75,-3.42,"Neutral",""
"2024-12-10","","","","","",,"",28.37,24.92,0.3,"Neutral",""
"2024-12-11","","","","","",,"",27.7,21.6,3.44,"Neutral",""
"2024-12-12","VirtualRide","Zwift - Pacer Group Ride: Triple Flat Loops in Watopia with Bernie",83.29,75.06,"",,75.06,28.81,28.72,6.09,"Freshness","MaxHr 160bpm. RestHr 60bpm. Cycling Ftp 172w. Weight 70kg."
"2024-12-13","VirtualRide","Zwift - Race: Zwift Crit Racing Club - Downtown Dolphin (D) on Downtown Dolphin in Crit City","",61.33,"",,61.33,29.58,33.06,0.09,"Neutral","Cycling Ftp 172w. Weight 70kg."
"2024-12-14","VirtualRide","Zwift - Race: Zwift Crit Racing Club - Downtown Dolphin (D) on Downtown Dolphin in Crit City",50.55,64.72,"",,64.72,30.41,37.27,-3.48,"Neutral","MaxHr 160bpm. RestHr 60bpm. Cycling Ftp 172w. Weight 70kg."
"2024-12-15","VirtualRide","Zwift - Pacer Group Ride: Tempus Fugit in Watopia with Taylor",34.98,64.87,"",,64.87,31.22,40.95,-6.87,"Neutral","MaxHr 160bpm. RestHr 60bpm. Cycling Ftp 172w. Weight 70kg."
"2024-12-16","","","","","",,"",30.48,35.49,-9.73,"Neutral",""
"2024-12-17","VirtualRide","Zwift - Group Ride: Brownlee Fitness Hare & Hounds  (D) on The Fan Flats in Richmond",78.82,92.12,"",,92.12,31.93,43.03,-5.02,"Neutral","MaxHr 160bpm. RestHr 60bpm. Cycling Ftp 172w. Weight 70kg."
"2024-12-18","","","","","",,"",31.18,37.3,-11.1,"Optimal",""
"2024-12-19","","","","","",,"",30.45,32.34,-6.13,"Neutral",""
"2024-12-20","VirtualRide","Zwift - Pacer Group Ride: The Big Ring in Watopia with Bernie",20.57,33.61,"",,33.61,30.52,32.51,-1.89,"Neutral","MaxHr 160bpm. RestHr 60bpm. Cycling Ftp 172w. Weight 70kg."
"2024-12-21","","","","","",,"",29.8,28.18,-1.99,"Neutral",""
"2024-12-22","VirtualRide; VirtualRide","Zwift - Pacer Group Ride: The 6 Train in New York with Bernie; Zwift - Pacer Group Ride: Sugar Cookie in Watopia with Coco",62.07,96.9,"",,96.9,31.38,37.33,1.62,"Neutral","MaxHr 160bpm. RestHr 60bpm. Cycling Ftp 172w. Weight 70kg."
"2024-12-23","","","","","",,"",30.64,32.36,-5.95,"Neutral",""
"2024-12-24","","","","","",,"",29.92,28.05,-1.72,"Neutral",""
"2024-12-25","VirtualRide","Zwift - Hilly Route in Watopia",31.66,56.03,"",,56.03,30.54,31.77,1.87,"Neutral","MaxHr 160bpm. RestHr 60bpm. Cycling Ftp 172w. Weight 70kg."
"2024-12-26","","","","","",,"",29.82,27.54,-1.24,"Neutral",""
"2024-12-27","VirtualRide","Zwift - Pacer Group Ride: Watopia's Waistband in Watopia with Bernie",19.51,29.36,"",,29.36,29.81,27.79,2.27,"Neutral","MaxHr 160bpm. RestHr 60bpm. Cycling Ftp 172w. Weight 70kg."
"2024-12-28","","","","","",,"",29.11,24.09,2.02,"Neutral",""
"2024-12-29","VirtualRide","Zwift - Going Coastal in Watopia",37.45,76.69,"",,76.69,30.23,31.09,5.02,"Freshness","MaxHr 160bpm. RestHr 60bpm. Cycling Ftp 172w. Weight 70kg."
"2024-12-30","","","","","",,"",29.51,26.95,-0.87,"Neutral",""
"2024-12-31","","","","","",,"",28.82,23.36,2.56,"Neutral",""
"2025-01-01","","","","","",,"",28.14,20.25,5.45,"Freshness",""
"2025-01-02","VirtualRide","Zwift - Pacer Group Ride: Flat Route in Watopia with Bernie",60.47,69.94,"",,69.94,29.12,26.86,7.89,"Freshness","MaxHr 160bpm. RestHr 60bpm. Cycling Ftp 172w. Weight 70kg."
"2025-01-03","","","","","",,"",28.44,23.29,2.25,"Neutral",""
"2025-01-04","","","","","",,"",27.77,20.19,5.15,"Freshness",""
"2025-01-05","","","","","",,"",27.12,17.5,7.58,"Freshness",""
"2025-01-06","VirtualRide","Zwift - FTP Ramp Test on Makuri 40 in Watopia",34.45,54.85,"",,54.85,27.77,22.47,9.61,"Freshness","MaxHr 160bpm. RestHr 60bpm. Cycling Ftp 172w. Weight 70kg."
"2025-01-07","","","","","",,"",27.12,19.48,5.29,"Freshness",""
"2025-01-08","","","","","",,"",26.48,16.89,7.63,"Freshness",""
"2025-01-09","VirtualRide","Zwift - Group Ride: Standard | Stage 1 | Tour de Zwift on The Muckle Yin in Scotland",56.8,83.83,"",,83.83,27.83,25.8,9.59,"Freshness","MaxHr 160bpm. RestHr 60bpm. Cycling Ftp 172w. Weight 70kg."
"2025-01-10","VirtualRide","Zwift - Pacer Group Ride: Sugar Cookie in Watopia with Bernie",33.69,53.65,"",,53.65,28.43,29.5,2.03,"Neutral","MaxHr 160bpm. RestHr 60bpm. Cycling Ftp 172w. Weight 70kg."
"2025-01-11","VirtualRide","Zwift - Race: Stage 2: Flat Is Fast - Beach Island Loop (E) on Beach Island Loop in Watopia",68,84.9,"",,84.9,29.76,36.88,-1.08,"Neutral","MaxHr 160bpm. RestHr 60bpm. Cycling Ftp 172w. Weight 70kg."
"2025-01-12","VirtualRide","Zwift - Coast Crusher in Watopia",31.72,47.06,"",,47.06,30.17,38.23,-7.12,"Neutral","MaxHr 160bpm. RestHr 60bpm. Cycling Ftp 172w. Weight 70kg."
"2025-01-13","","","","","",,"",29.46,33.14,-8.07,"Neutral",""
"2025-01-14","","","","","",,"",28.77,28.73,-3.69,"Neutral",""
"2025-01-15","","","","","",,"",28.09,24.9,0.03,"Neutral",""
"2025-01-16","VirtualRide","Zwift - Group Ride: Short | Stage 2 | Tour de Zwift on Outer Scotland in Scotland",58.07,72.47,"",,72.47,29.13,31.24,3.18,"Neutral","MaxHr 160bpm. RestHr 60bpm. Cycling Ftp 172w. Weight 70kg."
"2025-01-17","VirtualRide","Zwift - Race: Galaxy RLZ Racing Series - Round 3 -2024/2025 on Douce France in France",68.72,84.21,"",,84.21,30.43,38.29,-2.11,"Neutral","MaxHr 160bpm. RestHr 60bpm. Cycling Ftp 172w. Weight 70kg."
"2025-01-18","","","","","",,"",29.71,33.19,-7.86,"Neutral",""
"2025-01-19","","","","","",,"",29.01,28.77,-3.48,"Neutral",""
"2025-01-20","VirtualRide","Zwift - Race: Stage 4: Flat Is Fast - Douce France (D) on Douce France in France",73.59,80.17,"",,80.17,30.22,35.61,0.24,"Neutral","MaxHr 160bpm. RestHr 60bpm. Cycling Ftp 172w. Weight 70kg."
"2025-01-21","","","","","",,"",29.51,30.87,-5.4,"Neutral",""
"2025-01-22","VirtualRide","Zwift - Pacer Group Ride: Watopia's Waistband in Watopia with Bernie",76.88,97.81,"",,97.81,31.11,39.78,-1.37,"Neutral","MaxHr 160bpm. RestHr 60bpm. Cycling Ftp 172w. Weight 70kg."
"2025-01-23","","","","","",,"",30.38,34.49,-8.67,"Neutral",""
"2025-01-24","","","","","",,"",29.67,29.89,-4.11,"Neutral",""
"2025-01-25","VirtualRide","Zwift - Pacer Group Ride: Watopia's Waistband in Watopia with Bernie",49.89,90.83,"",,90.83,31.11,38.01,-0.23,"Neutral","MaxHr 160bpm. RestHr 60bpm. Cycling Ftp 172w. Weight 70kg."
"2025-01-26","","","","","",,"",30.37,32.95,-6.91,"Neutral",""
"2025-01-27","","","","","",,"",29.66,28.56,-2.58,"Neutral",""
"2025-01-28","","","","","",,"",28.96,24.76,1.09,"Neutral",""
"2025-01-29","","","","","",,"",28.28,21.46,4.2,"Neutral",""
"2025-01-30","VirtualRide; VirtualRide","Zwift - Pacer Group Ride: Tempus Fugit in Watopia with Miguel; Zwift - Group Ride: Short | Stage 4 | Tour de Zwift on Petite Douleur in France",64.9,95.29,"",,95.29,29.86,31.29,6.81,"Freshness","MaxHr 160bpm. RestHr 60bpm. Cycling Ftp 172w. Weight 70kg."
"2025-01-31","","","","","",,"",29.15,27.12,-1.44,"Neutral",""
"2025-02-01","VirtualRide","Zwift - Pacer Group Ride: Tick Tock in Watopia with Bernie",63.39,73.79,"",,73.79,30.2,33.34,2.03,"Neutral","MaxHr 160bpm. RestHr 60bpm. Cycling Ftp 172w. Weight 70kg."
"2025-02-02","VirtualRide","Ride #QZ","",0.04,"",,0.04,29.49,28.9,-3.14,"Neutral","Cycling Ftp 172w. Weight 70kg."
"2025-02-03","VirtualRide","Zwift - Hilly Route in Watopia",37.04,54.41,"",,54.41,30.08,32.3,0.59,"Neutral","MaxHr 160bpm. RestHr 60bpm. Cycling Ftp 172w. Weight 70kg."
"2025-02-04","VirtualRide","Zwift - Group Ride: Short | Stage 5 | Tour de Zwift on Queen's Highway After Party in Yorkshire",58.13,72.14,"",,72.14,31.07,37.6,-2.22,"Neutral","MaxHr 160bpm. RestHr 60bpm. Cycling Ftp 172w. Weight 70kg."
"2025-02-05","","","","","",,"",30.34,32.6,-6.54,"Neutral",""
"2025-02-06","VirtualRide","Zwift - Race: STAGE 1: Shimano Find Your Fast: The Classic on The Classic in Watopia",68.83,82.82,"",,82.82,31.57,39.28,-2.26,"Neutral","MaxHr 160bpm. RestHr 60bpm. Cycling Ftp 172w. Weight 70kg."
"2025-02-07","VirtualRide","Zwift - Pacer Group Ride: Tempus Fugit in Watopia with Bernie",16.62,25.79,"",,25.79,31.44,37.49,-7.71,"Neutral","MaxHr 160bpm. RestHr 60bpm. Cycling Ftp 172w. Weight 70kg."
"2025-02-08","","","","","",,"",30.7,32.49,-6.05,"Neutral",""
"2025-02-09","VirtualRide","Zwift - 150W for 90 Min in France",68.95,69.47,"",,69.47,31.61,37.42,-1.8,"Neutral","MaxHr 160bpm. RestHr 60bpm. Cycling Ftp 172w. Weight 70kg."
"2025-02-10","","","","","",,"",30.87,32.44,-5.81,"Neutral",""
"2025-02-11","VirtualRide; VirtualRide; VirtualRide","Zwift - Pacer Group Ride: Triple Flat Loops in Watopia with Bernie; Zwift - Race: Zwift Crit Racing Club - Neokyo Crit Course (D) on Neokyo Crit Course in Makuri Islands; Zwift - Pacer Group Ride: Volcano Circuit in Watopia with Maria",52.67,71.93,"",,71.93,31.83,37.69,-1.57,"Neutral","MaxHr 160bpm. RestHr 60bpm. Cycling Ftp 172w. Weight 70kg."
"2025-02-12","","","","","",,"",31.08,32.67,-5.87,"Neutral",""
"2025-02-13","VirtualRide","Zwift - Race: Zwift Crit Racing Club - Neokyo Crit Course (D) on Neokyo Crit Course in Makuri Islands",60.77,69,"",,69,31.98,37.51,-1.6,"Neutral","MaxHr 160bpm. RestHr 60bpm. Cycling Ftp 172w. Weight 70kg."
"2025-02-14","VirtualRide","Zwift - Race: Restart Happy Hour (D) on Navig8 in Watopia",142.29,152.41,"",,152.41,34.81,52.81,-5.54,"Neutral","MaxHr 160bpm. RestHr 60bpm. Cycling Ftp 172w. Weight 70kg."
"2025-02-15","","","","","",,"",33.99,45.77,-18,"Optimal",""
"2025-02-16","VirtualRide","Zwift - Group Ride: Standard | Stage 6 | Tour de Zwift on Coast Crusher in Watopia",101.51,121.65,"",,121.65,36.05,55.87,-11.79,"Optimal","MaxHr 160bpm. RestHr 60bpm. Cycling Ftp 172w. Weight 70kg."
"2025-02-17","","","","","",,"",35.2,48.44,-19.83,"Optimal",""
"2025-02-18","VirtualRide","Zwift - Group Ride: Long | Stage 3 | Tour de Zwift on The Big Ring in Watopia",124.92,141.21,"",,141.21,37.7,60.79,-13.24,"Optimal","MaxHr 160bpm. RestHr 60bpm. Cycling Ftp 172w. Weight 70kg."
"2025-02-19","Run","Treadmill",5.43,"","",,5.43,36.94,53.42,-23.09,"Optimal","MaxHr 160bpm. RestHr 60bpm. Weight 70kg."
"2025-02-20","VirtualRide","Zwift - Group Ride: Short | Stage 4 | Tour de Zwift on Petite Douleur in France",74.63,97.1,"",,97.1,38.35,59.23,-16.48,"Optimal","MaxHr 160bpm. RestHr 60bpm. Cycling Ftp 172w. Weight 70kg."
"2025-02-21","","","","","",,"",37.45,51.35,-20.88,"Optimal",""
"2025-02-22","VirtualRide","Zwift - Race: Herd Winter Racing (E) on Tair Dringfa Fechan in Watopia",90.61,119.2,"",,119.2,39.37,60.38,-13.9,"Optimal","MaxHr 160bpm. RestHr 60bpm. Cycling Ftp 172w. Weight 70kg."
"2025-02-23","","","","","",,"",38.45,52.34,-21.01,"Optimal",""
"2025-02-24","VirtualRide","Zwift - Race: EVR Europe Race (D) on R.G.V. in France",77.82,97.87,"",,97.87,39.85,58.4,-13.9,"Optimal","MaxHr 160bpm. RestHr 60bpm. Cycling Ftp 172w. Weight 70kg."
"2025-02-25","","","","","",,"",38.91,50.63,-18.56,"Optimal",""
"2025-02-26","","","","","",,"",37.99,43.89,-11.72,"Optimal",""
"2025-02-27","VirtualRide; VirtualRide","Zwift - Pacer Group Ride: The Big Ring in Watopia with Taylor; Zwift - Race: M50+ (50 years old and older) on Danger Noodle in Watopia",86.82,108.72,"",,108.72,39.66,52.52,-5.9,"Neutral","MaxHr 160bpm. RestHr 60bpm. Cycling Ftp 172w. Weight 70kg."
"2025-02-28","","","","","",,"",38.72,45.53,-12.86,"Optimal",""
"2025-03-01","","","","","",,"",37.81,39.46,-6.81,"Neutral",""
"2025-03-02","VirtualRide; VirtualRide","Zwift - Pacer Group Ride: Loch Loop in Scotland with Taylor; Zwift - Race: STAGE 4: Shimano Find Your Fast:  Jurassic Coast (E) on Jurassic Coast in Watopia",57.81,73.29,"",,73.29,38.65,43.97,-1.66,"Neutral","MaxHr 160bpm. RestHr 60bpm. Cycling Ftp 172w. Weight 70kg."
"2025-03-03","VirtualRide","Zwift - Minute to Win It! on Sand And Sequoias in Watopia",48.3,92.87,"",,92.87,39.92,50.48,-5.32,"Neutral","MaxHr 160bpm. RestHr 60bpm. Cycling Ftp 172w. Weight 70kg."
"2025-03-04","","","","","",,"",38.98,43.76,-10.56,"Optimal",""
"2025-03-05","","","","","",,"",38.07,37.93,-4.78,"Neutral",""
"2025-03-06","","","","","",,"",37.17,32.88,0.13,"Neutral",""
"2025-03-07","","","","","",,"",36.3,28.5,4.29,"Neutral",""
"2025-03-08","VirtualRide","Zwift - Pacer Group Ride: Sugar Cookie in Watopia with Miguel",25.69,41.79,"",,41.79,36.43,30.27,7.79,"Freshness","MaxHr 160bpm. RestHr 60bpm. Cycling Ftp 172w. Weight 70kg."
"2025-03-09","VirtualRide","Zwift - Race: Stage 2 | Zwift Games | Scotland Smash | Range 1 (D) on Scotland Smash in Scotland",55.77,68.45,"",,68.45,37.18,35.35,6.15,"Freshness","MaxHr 160bpm. RestHr 60bpm. Cycling Ftp 172w. Weight 70kg."
"2025-03-10","VirtualRide","Zwift - Race: Stage 3 | Zwift Games | Downtown Eruption | Range 1 (D) on Downtown Eruption in Watopia",65.85,87.99,"",,87.99,38.37,42.36,1.82,"Neutral","MaxHr 160bpm. RestHr 60bpm. Cycling Ftp 172w. Weight 70kg."
"2025-03-11","VirtualRide","Zwift Crit Race",62.24,84.58,"",,84.58,39.46,47.98,-3.99,"Neutral","MaxHr 160bpm. RestHr 60bpm. Cycling Ftp 172w. Weight 70kg."
"2025-03-12","VirtualRide","Zwift - Tempus Fugit in Watopia",16.64,21,"",,21,39.03,44.39,-8.52,"Neutral","MaxHr 160bpm. RestHr 60bpm. Cycling Ftp 172w. Weight 70kg."
"2025-03-13","VirtualRide","Zwift - Race: Stage 3 | Zwift Games | Downtown Eruption | Range 2 (E) on Downtown Eruption in Watopia",75.82,86.94,"",,86.94,40.15,50.05,-5.37,"Neutral","MaxHr 160bpm. RestHr 60bpm. Cycling Ftp 172w. Weight 70kg."
"2025-03-14","VirtualRide","Zwift - Tempus Fugit in Watopia",13.34,19.87,"",,19.87,39.68,46.03,-9.9,"Neutral","MaxHr 160bpm. RestHr 60bpm. Cycling Ftp 172w. Weight 70kg."
"2025-03-15","VirtualRide","Zwift - Race: Stage 4 | Zwift Games | London Uprising | Range 1 on London Uprising in London",8.76,97.06,"",,97.06,41.03,52.83,-6.36,"Neutral","MaxHr 160bpm. RestHr 60bpm. Cycling Ftp 172w. Weight 70kg."
"2025-03-16","VirtualRide","Zwift - Group Ride: ZSUN Sunday Social Ride (D) on Electric Loop in Makuri Islands",49.77,82.29,"",,82.29,42,56.75,-11.81,"Optimal","MaxHr 160bpm. RestHr 60bpm. Cycling Ftp 172w. Weight 70kg."
"2025-03-17","","","","","",,"",41.01,49.19,-14.76,"Optimal",""
"2025-03-18","","","","","",,"",40.04,42.64,-8.19,"Neutral",""
"2025-03-19","Run","Hike at Red Rock Canyon","","","",,"",39.1,36.97,-2.6,"Neutral","Weight 70kg."
"2025-03-20","VirtualRide","Zwift - Tempus Fugit in Watopia",8.95,15.13,"",,15.13,38.54,34.06,2.13,"Neutral","MaxHr 160bpm. RestHr 60bpm. Cycling Ftp 172w. Weight 70kg."
"2025-03-21","VirtualRide","Zwift - Sand And Sequoias in Watopia",11.5,22.87,"",,22.87,38.17,32.57,4.47,"Neutral","MaxHr 160bpm. RestHr 60bpm. Cycling Ftp 172w. Weight 70kg."
"2025-03-22","VirtualRide","Zwift - Race: No Spring Chickens - Herd Age Group Racing on 2018 Worlds Short Lap in Innsbruck",102.5,113.73,"",,113.73,39.95,43.37,5.59,"Freshness","MaxHr 160bpm. RestHr 60bpm. Cycling Ftp 172w. Weight 70kg."
"2025-03-23","","","","","",,"",39.01,37.6,-3.43,"Neutral",""
"2025-03-24","VirtualRide","Zwift - Race: Stage 1 | Zwift Games | Makuri Madness | Range 2 (E) on Makuri Madness in Makuri Islands",66.43,79.54,"",,79.54,39.96,43.18,1.4,"Neutral","MaxHr 160bpm. RestHr 60bpm. Cycling Ftp 172w. Weight 70kg."
"2025-03-25","VirtualRide","Zwift - Race: Rouleur Collective Chase Race (D) on Two Village Loop in Makuri Islands",110.27,135.34,"",,135.34,42.21,55.45,-3.23,"Neutral","MaxHr 160bpm. RestHr 60bpm. Cycling Ftp 172w. Weight 70kg."
"2025-03-26","","","","","",,"",41.21,48.07,-13.25,"Optimal",""
"2025-03-27","VirtualRide","Zwift - Race: Stage 4 | Zwift Games | London Uprising | Range 2 (E) on London Uprising in London",82.67,96.61,"",,96.61,42.52,54.53,-6.86,"Neutral","MaxHr 160bpm. RestHr 60bpm. Cycling Ftp 172w. Weight 70kg."
"2025-03-28","VirtualRide","Zwift - Pacer Group Ride: Watopia's Waistband in Watopia with Bernie",12.92,24.52,"",,24.52,42.09,50.54,-12.02,"Optimal","MaxHr 160bpm. RestHr 60bpm. Cycling Ftp 172w. Weight 70kg."
"2025-03-29","VirtualRide","Zwift - Group Ride: Stage 4 | The Zwift Big Spin 2025 on Watopia's Waistband in Watopia",74.02,95.93,"",,95.93,43.36,56.58,-8.45,"Neutral","MaxHr 160bpm. RestHr 60bpm. Cycling Ftp 172w. Weight 70kg."
"2025-03-30","VirtualRide","Zwift - Tempus Fugit in Watopia",37.97,60,"",,60,43.75,57.03,-13.22,"Optimal","MaxHr 160bpm. RestHr 60bpm. Cycling Ftp 172w. Weight 70kg."
"2025-03-31","VirtualRide","Zwift - Group Ride: Stage 3 | The Zwift Big Spin 2025 on Douce France in France",54.28,91.16,"",,91.16,44.87,61.58,-13.29,"Optimal","MaxHr 160bpm. RestHr 60bpm. Cycling Ftp 172w. Weight 70kg."
"2025-04-01","","","","","",,"",43.81,53.38,-16.72,"Optimal",""
"2025-04-02","VirtualRide","Zwift - Race: Stage 1: After Party: Power to the Portal || Range 2 (E) on Power to the Portal in Watopia",58.69,95.3,"",,95.3,45.02,58.96,-9.57,"Neutral","MaxHr 160bpm. RestHr 60bpm. Cycling Ftp 172w. Weight 70kg."
"2025-04-03","VirtualRide","Zwift - Pacer Group Ride: Tick Tock in Watopia with Bernie",36.55,62.5,"",,62.5,45.43,59.43,-13.94,"Optimal","MaxHr 160bpm. RestHr 60bpm. Cycling Ftp 172w. Weight 70kg."
"2025-04-04","VirtualRide","Zwift - Pacer Group Ride: Tick Tock in Watopia with Bernie",41.89,80.52,"",,80.52,46.26,62.24,-14,"Optimal","MaxHr 160bpm. RestHr 60bpm. Cycling Ftp 172w. Weight 70kg."
"2025-04-05","","","","","",,"",45.17,53.95,-15.99,"Optimal",""
"2025-04-06","VirtualRide","Zwift - Pacer Group Ride: Watopia's Waistband in Watopia with Taylor",31.31,68.16,"",,68.16,45.71,55.84,-8.79,"Neutral","MaxHr 160bpm. RestHr 60bpm. Cycling Ftp 172w. Weight 70kg."
"2025-04-07","VirtualRide","Zwift - Pacer Group Ride: Tempus Fugit in Watopia with Bernie",18.17,46.25,"",,46.25,45.72,54.57,-10.14,"Optimal","MaxHr 160bpm. RestHr 60bpm. Cycling Ftp 172w. Weight 70kg."
"2025-04-08","","","","","",,"",44.65,47.3,-8.85,"Neutral",""
"2025-04-09","VirtualRide","Zwift - Pacer Group Ride: Tempus Fugit in Watopia with Bernie",33.26,71.6,"",,71.6,45.28,50.54,-2.66,"Neutral","MaxHr 160bpm. RestHr 60bpm. Cycling Ftp 172w. Weight 70kg."
"2025-04-10","","","","","",,"",44.22,43.81,-5.26,"Neutral",""
"2025-04-11","VirtualRide","Zwift - Pacer Group Ride: Tempus Fugit in Watopia with Bernie",41.54,79.38,"",,79.38,45.04,48.54,0.4,"Neutral","MaxHr 160bpm. RestHr 60bpm. Cycling Ftp 172w. Weight 70kg."
"2025-04-12","","","","","",,"",43.98,42.08,-3.51,"Neutral",""
"2025-04-13","","","","","",,"",42.95,36.48,1.9,"Neutral",""
"2025-04-14","","","","","",,"",41.94,31.62,6.47,"Freshness",""
"2025-04-15","VirtualRide","Zwift - Pacer Group Ride: Triple Flat Loops in Watopia with Bernie",33,67.56,"",,67.56,42.54,36.41,10.31,"Freshness","MaxHr 160bpm. RestHr 60bpm. Cycling Ftp 172w. Weight 70kg."
"2025-04-16","","","","","",,"",41.54,31.56,6.13,"Freshness",""
"2025-04-17","VirtualRide","Zwift - Pacer Group Ride: Triple Flat Loops in Watopia with Bernie",17.23,26.76,"",,26.76,41.19,30.92,9.98,"Freshness","MaxHr 160bpm. RestHr 60bpm. Cycling Ftp 172w. Weight 70kg."
"2025-04-18","VirtualRide","Zwift - Tempus Fugit in Watopia",29.42,77.87,"",,77.87,42.06,37.17,10.27,"Freshness","MaxHr 160bpm. RestHr 60bpm. Cycling Ftp 172w. Weight 70kg."
"2025-04-19","","","","","",,"",41.07,32.22,4.88,"Neutral",""
"2025-04-20","","","","","",,"",40.1,27.93,8.84,"Freshness",""
"2025-04-21","","","","","",,"",39.16,24.21,12.16,"Freshness",""
"2025-04-22","","","","","",,"",38.23,20.99,14.94,"Freshness",""
"2025-04-23","","","","","",,"",37.33,18.19,17.24,"Freshness",""
"2025-04-24","","","","","",,"",36.46,15.77,19.14,"Freshness",""
"2025-04-25","","","","","",,"",35.6,13.67,20.68,"Freshness",""
"2025-04-26","","","","","",,"",34.76,11.85,21.92,"Freshness",""
"2025-04-27","","","","","",,"",33.94,10.27,22.91,"Freshness",""
"2025-04-28","","","","","",,"",33.14,8.9,23.67,"Freshness",""
"2025-04-29","","","","","",,"",32.36,7.72,24.23,"Freshness",""
"2025-04-30","","","","","",,"",31.6,6.69,24.64,"Freshness",""
"2025-05-01","","","","","",,"",30.86,5.8,24.91,"Freshness",""
"2025-05-02","","","","","",,"",30.13,5.03,25.05,"Transition",""
"2025-05-03","","","","","",,"",29.42,4.36,25.1,"Transition",""
"2025-05-04","","","","","",,"",28.73,3.78,25.06,"Transition",""
"2025-05-05","","","","","",,"",28.05,3.27,24.95,"Freshness",""
"2025-05-06","","","","","",,"",27.39,2.84,24.78,"Freshness",""
"2025-05-07","","","","","",,"",26.75,2.46,24.55,"Freshness",""
"2025-05-08","","","","","",,"",26.12,2.13,24.29,"Freshness",""
"2025-05-09","","","","","",,"",25.51,1.85,23.99,"Freshness",""
"2025-05-10","","","","","",,"",24.91,1.6,23.65,"Freshness",""
"2025-05-11","","","","","",,"",24.32,1.39,23.3,"Freshness",""
"2025-05-12","","","","","",,"",23.75,1.2,22.93,"Freshness",""
"2025-05-13","","","","","",,"",23.19,1.04,22.54,"Freshness",""
"2025-05-14","","","","","",,"",22.64,0.9,22.14,"Freshness",""
"2025-05-15","","","","","",,"",22.11,0.78,21.74,"Freshness",""
"2025-05-16","","","","","",,"",21.59,0.68,21.32,"Freshness",""
"2025-05-17","","","","","",,"",21.08,0.59,20.91,"Freshness",""
"2025-05-18","","","","","",,"",20.59,0.51,20.49,"Freshness",""
"2025-05-19","","","","","",,"",20.1,0.44,20.07,"Freshness",""
"2025-05-20","","","","","",,"",19.63,0.38,19.66,"Freshness",""
"2025-05-21","","","","","",,"",19.17,0.33,19.24,"Freshness",""
"2025-05-22","","","","","",,"",18.71,0.28,18.83,"Freshness",""
"2025-05-23","","","","","",,"",18.27,0.25,18.43,"Freshness",""
"2025-05-24","","","","","",,"",17.84,0.21,18.02,"Freshness",""
"2025-05-25","","","","","",,"",17.42,0.18,17.63,"Freshness",""
"2025-05-26","","","","","",,"",17.01,0.16,17.24,"Freshness",""
"2025-05-27","","","","","",,"",16.61,0.14,16.85,"Freshness",""
"2025-05-28","Ride","Vancouver - Cycle - Cyclemeter","",40.06,"",,40.06,17.17,5.45,16.47,"Freshness","Cycling Ftp 172w. Weight 70kg."
"2025-05-29","","","","","",,"",16.76,4.72,11.71,"Freshness",""
"2025-05-30","","","","","",,"",16.37,4.09,12.03,"Freshness",""
"2025-05-31","","","","","",,"",15.98,3.55,12.27,"Freshness",""
"2025-06-01","","","","","",,"",15.61,3.08,12.43,"Freshness",""
"2025-06-02","","","","","",,"",15.24,2.67,12.52,"Freshness",""
"2025-06-03","","","","","",,"",14.88,2.31,12.57,"Freshness",""
"2025-06-04","","","","","",,"",14.53,2,12.56,"Freshness",""
"2025-06-05","","","","","",,"",14.19,1.73,12.52,"Freshness",""
"2025-06-06","","","","","",,"",13.85,1.5,12.45,"Freshness",""
"2025-06-07","","","","","",,"",13.53,1.3,12.35,"Freshness",""
"2025-06-08","","","","","",,"",13.21,1.13,12.22,"Freshness",""
"2025-06-09","","","","","",,"",12.9,0.98,12.08,"Freshness",""
"2025-06-10","","","","","",,"",12.59,0.85,11.92,"Freshness",""
"2025-06-11","","","","","",,"",12.3,0.73,11.74,"Freshness",""
"2025-06-12","","","","","",,"",12.01,0.64,11.56,"Freshness",""
"2025-06-13","","","","","",,"",11.73,0.55,11.37,"Freshness",""
"2025-06-14","","","","","",,"",11.45,0.48,11.17,"Freshness",""
"2025-06-15","","","","","",,"",11.18,0.41,10.97,"Freshness",""
"2025-06-16","","","","","",,"",10.92,0.36,10.76,"Freshness",""
"2025-06-17","","","","","",,"",10.66,0.31,10.56,"Freshness",""
"2025-06-18","","","","","",,"",10.41,0.27,10.35,"Freshness",""
"2025-06-19","","","","","",,"",10.16,0.23,10.14,"Freshness",""
"2025-06-20","","","","","",,"",9.92,0.2,9.93,"Freshness",""
"2025-06-21","","","","","",,"",9.69,0.17,9.72,"Freshness",""
"2025-06-22","","","","","",,"",9.46,0.15,9.51,"Freshness",""
"2025-06-23","","","","","",,"",9.24,0.13,9.31,"Freshness",""
"2025-06-24","","","","","",,"",9.02,0.11,9.11,"Freshness",""
"2025-06-25","","","","","",,"",8.81,0.09,8.91,"Freshness",""
"2025-06-26","","","","","",,"",8.6,0.08,8.71,"Freshness",""
"2025-06-27","","","","","",,"",8.4,0.07,8.52,"Freshness",""
"2025-06-28","","","","","",,"",8.2,0.06,8.33,"Freshness",""
"2025-06-29","","","","","",,"",8.01,0.05,8.14,"Freshness",""
"2025-06-30","","","","","",,"",7.82,0.04,7.95,"Freshness",""
"2025-07-01","","","","","",,"",7.64,0.04,7.77,"Freshness",""
"2025-07-02","","","","","",,"",7.46,0.03,7.59,"Freshness",""
"2025-07-03","","","","","",,"",7.28,0.03,7.42,"Freshness",""
"2025-07-04","","","","","",,"",7.11,0.02,7.25,"Freshness",""
"2025-07-05","","","","","",,"",6.94,0.02,7.08,"Freshness",""
"2025-07-06","","","","","",,"",6.78,0.02,6.92,"Freshness",""
"2025-07-07","","","","","",,"",6.62,0.01,6.76,"Freshness",""
"2025-07-08","","","","","",,"",6.46,0.01,6.6,"Freshness",""
"2025-07-09","","","","","",,"",6.31,0.01,6.45,"Freshness",""
"2025-07-10","","","","","",,"",6.16,0.01,6.3,"Freshness",""
"2025-07-11","","","","","",,"",6.02,0.01,6.15,"Freshness",""
"2025-07-12","","","","","",,"",5.88,0,6.01,"Freshness",""
"2025-07-13","","","","","",,"",5.74,0,5.87,"Freshness",""
"2025-07-14","","","","","",,"",5.6,0,5.73,"Freshness",""
"2025-07-15","","","","","",,"",5.47,0,5.6,"Freshness",""
"2025-07-16","","","","","",,"",5.34,0,5.46,"Freshness",""
"2025-07-17","","","","","",,"",5.22,0,5.34,"Freshness",""
"2025-07-18","","","","","",,"",5.09,0,5.21,"Freshness",""
"2025-07-19","","","","","",,"",4.97,0,5.09,"Freshness",""
"2025-07-20","","","","","",,"",4.86,0,4.97,"Neutral",""
"2025-07-21","","","","","",,"",4.74,0,4.85,"Neutral",""
"2025-07-22","","","","","",,"",4.63,0,4.74,"Neutral",""
"2025-07-23","","","","","",,"",4.52,0,4.63,"Neutral",""
"2025-07-24","","","","","",,"",4.41,0,4.52,"Neutral",""
"2025-07-25","","","","","",,"",4.31,0,4.41,"Neutral",""
"2025-07-26","","","","","",,"",4.21,0,4.31,"Neutral",""
"2025-07-27","","","","","",,"",4.11,0,4.21,"Neutral",""
"2025-07-28","","","","","",,"",4.01,0,4.11,"Neutral",""
"2025-07-29","","","","","",,"",3.92,0,4.01,"Neutral",""
"2025-07-30","","","","","",,"",3.83,0,3.92,"Neutral",""
"2025-07-31","","","","","",,"",3.74,0,3.83,"Neutral",""
"2025-08-01","","","","","",,"",3.65,0,3.74,"Neutral",""
"2025-08-02","VirtualRide","Zwift - Going Coastal in Watopia",18.67,20.07,"",,20.07,4.03,2.67,3.65,"Neutral","MaxHr 160bpm. RestHr 60bpm. Cycling Ftp 172w. Weight 70kg."
"2025-08-03","VirtualRide","Zwift - Pacer Group Ride: Volcano Flat in Watopia with Taylor",32.37,30.75,"",,30.75,4.66,6.41,1.36,"Neutral","MaxHr 160bpm. RestHr 60bpm. Cycling Ftp 172w. Weight 70kg."
"2025-08-04","VirtualRide","Zwift - Wave Rider on Ocean Lava Cliffside Loop in Watopia",40.59,33.59,"",,33.59,5.34,10.02,-1.75,"Neutral","MaxHr 160bpm. RestHr 60bpm. Cycling Ftp 172w. Weight 70kg."
"2025-08-05","","","","","",,"",5.22,8.69,-4.69,"Neutral",""
"2025-08-06","VirtualRide","Zwift - Pacer Group Ride: Tick Tock in Watopia with Bernie",46.49,48,"",,48,6.22,13.92,-3.48,"Neutral","MaxHr 160bpm. RestHr 60bpm. Cycling Ftp 172w. Weight 70kg."
"2025-08-07","","","","","",,"",6.08,12.07,-7.7,"Neutral",""
"2025-08-08","Ride","Vancouver - Cycle - Cyclemeter",49.44,34.38,"",,49.44,7.1,17.04,-6,"Neutral","MaxHr 160bpm. RestHr 60bpm. Cycling Ftp 172w. Weight 70kg."
"2025-08-09","VirtualRide","Zwift - Flat Route in Watopia",22.81,30.07,"",,30.07,7.64,18.78,-9.95,"Neutral","MaxHr 160bpm. RestHr 60bpm. Cycling Ftp 172w. Weight 70kg."
"2025-08-10","","","","","",,"",7.46,16.28,-11.14,"Optimal",""
"2025-08-11","VirtualRide","Zwift - Pacer Group Ride: Tempus Fugit in Watopia with Bernie",52.36,54,"",,54,8.55,21.3,-8.82,"Neutral","MaxHr 160bpm. RestHr 60bpm. Cycling Ftp 172w. Weight 70kg."
"2025-08-12","","","","","",,"",8.35,18.46,-12.75,"Optimal",""
"2025-08-13","VirtualRide","Zwift - Pacer Group Ride: Triple Flat Loops in Watopia with Miguel",63.01,60.71,"",,60.71,9.58,24.09,-10.12,"Optimal","MaxHr 160bpm. RestHr 60bpm. Cycling Ftp 172w. Weight 70kg."
"2025-08-14","","","","","",,"",9.36,20.88,-14.51,"Optimal",""
"2025-08-15","VirtualRide","Zwift - Race: Zwift Crit Racing Club - Seaside Sprint (D) on Seaside Sprint in Watopia",31.28,39.78,"",,39.78,10.07,23.4,-11.53,"Optimal","MaxHr 160bpm. RestHr 60bpm. Cycling Ftp 172w. Weight 70kg."
"2025-08-16","","","","","",,"",9.84,20.28,-13.33,"Optimal",""
"2025-08-17","VirtualRide","Zwift - Race: Zwift Crit Racing Club - Seaside Sprint (D) on Seaside Sprint in Watopia",19.94,21.7,"",,21.7,10.12,20.47,-10.45,"Optimal","MaxHr 160bpm. RestHr 60bpm. Cycling Ftp 172w. Weight 70kg."
"2025-08-18","VirtualRide","Zwift - Pacer Group Ride: The Big Ring in Watopia with Miguel",56.56,61.35,"",,61.35,11.32,25.91,-10.36,"Optimal","MaxHr 160bpm. RestHr 60bpm. Cycling Ftp 172w. Weight 70kg."
"2025-08-19","","","","","",,"",11.06,22.46,-14.59,"Optimal",""
"2025-08-20","","","","","",,"",10.79,19.47,-11.41,"Optimal",""
"2025-08-21","","","","","",,"",10.54,16.88,-8.68,"Neutral",""
"2025-08-22","VirtualRide","Zwift - Pacer Group Ride: Triple Flat Loops in Watopia with Bernie",32.59,43.25,"",,43.25,11.31,20.39,-6.34,"Neutral","MaxHr 160bpm. RestHr 60bpm. Cycling Ftp 172w. Weight 70kg."
"2025-08-23","VirtualRide","Zwift - Coast Crusher in Watopia",38.23,41.83,"",,41.83,12.03,23.24,-9.08,"Neutral","MaxHr 160bpm. RestHr 60bpm. Cycling Ftp 172w. Weight 70kg."
"2025-08-24","","","","","",,"",11.75,20.15,-11.22,"Optimal",""
"2025-08-25","VirtualRide","Zwift - Pacer Group Ride: The Big Ring in Watopia with Bernie",66.85,65.68,"",,65.68,13.01,26.21,-8.41,"Neutral","MaxHr 160bpm. RestHr 60bpm. Cycling Ftp 172w. Weight 70kg."
"2025-08-26","VirtualRide; VirtualRide","Zwift - Pacer Group Ride: Volcano Circuit in Watopia with Miguel; Zwift - Sand And Sequoias in Watopia",24.78,39.66,"",,39.66,13.64,28,-13.2,"Optimal","MaxHr 160bpm. RestHr 60bpm. Cycling Ftp 172w. Weight 70kg."
"2025-08-27","VirtualRide","Zwift - Ken's Pain Chapter 5 on Ocean Lava Cliffside Loop in Watopia",57.73,64.69,"",,64.69,14.84,32.88,-14.36,"Optimal","MaxHr 160bpm. RestHr 60bpm. Cycling Ftp 172w. Weight 70kg."
"2025-08-28","VirtualRide","Zwift - Pacer Group Ride: Volcano Circuit in Watopia with Miguel",68.35,81.74,"",,81.74,16.42,39.39,-18.05,"Optimal","MaxHr 160bpm. RestHr 60bpm. Cycling Ftp 172w. Weight 70kg."
"2025-08-29","VirtualRide","Zwift - Race: Stage 4: Kick 'N' Sprint: Rolling Highlands (D) on Rolling Highlands in Scotland",62,68.69,"",,68.69,17.65,43.29,-22.98,"Optimal","MaxHr 160bpm. RestHr 60bpm. Cycling Ftp 172w. Weight 70kg."
"2025-08-30","","","","","",,"",17.23,37.53,-25.65,"Optimal",""
"2025-08-31","VirtualRide","Zwift - Race: EVO CC Sprint Race Series  (D) on Hell of the North in France",71.16,87.38,"",,87.38,18.88,44.16,-20.3,"Optimal","MaxHr 160bpm. RestHr 60bpm. Cycling Ftp 172w. Weight 70kg."
"2025-09-01","","","","","",,"",18.44,38.28,-25.29,"Optimal",""
"2025-09-02","VirtualRide","Zwift - Pacer Group Ride: Flat Route in Watopia with Miguel",26.64,35.84,"",,35.84,18.85,37.96,-19.85,"Optimal","MaxHr 160bpm. RestHr 60bpm. Cycling Ftp 172w. Weight 70kg."
"2025-09-03","VirtualRide","Zwift - Race: Stage 1: Rolling With ENVE: Two Bridges Loop (D) on Two Bridges Loop in Watopia",69.66,75.63,"",,75.63,20.18,42.97,-19.12,"Optimal","MaxHr 160bpm. RestHr 60bpm. Cycling Ftp 172w. Weight 70kg."
"2025-09-04","VirtualRide","Zwift - Pacer Group Ride: Flat Route in Watopia with Miguel",40.63,57.58,"",,57.58,21.06,44.92,-22.8,"Optimal","MaxHr 160bpm. RestHr 60bpm. Cycling Ftp 172w. Weight 70kg."
"2025-09-05","","","","","",,"",20.57,38.94,-23.86,"Optimal",""
"2025-09-06","","","","","",,"",20.08,33.75,-18.38,"Optimal",""
"2025-09-07","VirtualRide","Zwift - Waisted 8 in Watopia",106.33,95.25,"",,95.25,21.85,41.94,-13.68,"Optimal","MaxHr 160bpm. RestHr 60bpm. Cycling Ftp 172w. Weight 70kg."
"2025-09-08","","","","","",,"",21.34,36.36,-20.09,"Optimal",""
"2025-09-09","VirtualRide; VirtualRide","Zwift - Pacer Group Ride: Flat Route in Watopia with Bernie; Zwift - Race: Stage 2: Rolling With ENVE: BRAEk-fast Crits and Grits (D) on BRAEk-fast Crits and Grits in Scotland",83.11,80.59,"",,80.59,22.73,42.24,-15.02,"Optimal","MaxHr 160bpm. RestHr 60bpm. Cycling Ftp 172w. Weight 70kg."
"2025-09-10","VirtualRide","Zwift - Ken's Pain Chapter 5 on Tempus Fugit in Watopia",55.12,72.21,"",,72.21,23.9,46.23,-19.52,"Optimal","MaxHr 160bpm. RestHr 60bpm. Cycling Ftp 172w. Weight 70kg."
"2025-09-11","","","","","",,"",23.33,40.08,-22.34,"Optimal",""
"2025-09-12","","","","","",,"",22.78,34.74,-16.75,"Optimal",""
"2025-09-13","VirtualRide","Zwift - Pacer Group Ride: Flat Route in Watopia with Bernie",77.47,100.03,"",,100.03,24.6,43.43,-11.96,"Optimal","MaxHr 160bpm. RestHr 60bpm. Cycling Ftp 172w. Weight 70kg."
"2025-09-14","","","","","",,"",24.02,37.65,-18.84,"Optimal",""
"2025-09-15","VirtualRide","Zwift - Pacer Group Ride: Sugar Cookie in Watopia with Bernie",50.52,65.58,"",,65.58,25,41.37,-13.63,"Optimal","MaxHr 160bpm. RestHr 60bpm. Cycling Ftp 172w. Weight 70kg."
"2025-09-16","VirtualRide","Zwift - Pacer Group Ride: Watopia's Waistband in Watopia with Maria",57.64,58.81,"",,58.81,25.8,43.69,-16.37,"Optimal","MaxHr 160bpm. RestHr 60bpm. Cycling Ftp 173w. Weight 76kg."
"2025-09-17","VirtualRide","Zwift - Pacer Group Ride: Volcano Flat in Watopia with Miguel",32.01,47.91,"",,47.91,26.32,44.25,-17.9,"Optimal","MaxHr 160bpm. RestHr 60bpm. Cycling Ftp 173w. Weight 76kg."
"2025-09-18","","","","","",,"",25.7,38.36,-17.94,"Optimal",""
"2025-09-19","VirtualRide","Zwift - Volcano Flat in Watopia",57.56,80.26,"",,80.26,26.98,43.94,-12.67,"Optimal","MaxHr 160bpm. RestHr 60bpm. Cycling Ftp 173w. Weight 76kg."
"2025-09-20","VirtualRide","Zwift - Race: Stage 3: Rolling With ENVE: Jurassic Coast (E) on Jurassic Coast in Watopia",64.3,81,"",,81,28.25,48.87,-16.96,"Optimal","MaxHr 160bpm. RestHr 60bpm. Cycling Ftp 173w. Weight 76kg."
"2025-09-21","","","","","",,"",27.59,42.36,-20.62,"Optimal",""
"2025-09-22","VirtualRide","Zwift - Pacer Group Ride: Tick Tock in Watopia with Maria",92.29,108.16,"",,108.16,29.48,51.12,-14.78,"Optimal","MaxHr 160bpm. RestHr 60bpm. Cycling Ftp 173w. Weight 76kg."
"2025-09-23","","","","","",,"",28.79,44.32,-21.65,"Optimal",""
"2025-09-24","","","","","",,"",28.11,38.42,-15.53,"Optimal",""
"2025-09-25","","","","","",,"",27.45,33.3,-10.31,"Optimal",""
"2025-09-26","","","","","",,"",26.8,28.87,-5.86,"Neutral",""
"2025-09-27","","","","","",,"",26.17,25.02,-2.07,"Neutral",""
"2025-09-28","","","","","",,"",25.56,21.69,1.14,"Neutral",""
"2025-09-29","","","","","",,"",24.96,18.8,3.86,"Neutral",""
"2025-09-30","VirtualRide","Zwift - Pacer Group Ride: Tick Tock in Watopia with Miguel",45.05,75.44,"",,75.44,26.14,26.34,6.15,"Freshness","MaxHr 160bpm. RestHr 60bpm. Cycling Ftp 173w. Weight 76kg."
"2025-10-01","VirtualRide","Zwift - Race: Stage 5: Rolling With ENVE: Triple Twist (E) on Triple Twist in Watopia",82.47,87.22,"",,87.22,27.58,34.45,-0.21,"Neutral","MaxHr 160bpm. RestHr 60bpm. Cycling Ftp 173w. Weight 76kg."
"2025-10-02","VirtualRide","Zwift - HIT 45sec #2 on Flat Route in Watopia",52.55,87.73,"",,87.73,29,41.54,-6.87,"Neutral","MaxHr 160bpm. RestHr 60bpm. Cycling Ftp 173w. Weight 76kg."
"2025-10-03","","","","","",,"",28.31,36.01,-12.55,"Optimal",""
"2025-10-04","","","","","",,"",27.65,31.22,-7.7,"Neutral",""
"2025-10-05","VirtualRide","Zwift - Tempus Fugit in Watopia",40.42,55.99,"",,55.99,28.31,34.51,-3.57,"Neutral","MaxHr 160bpm. RestHr 60bpm. Cycling Ftp 173w. Weight 76kg."
"2025-10-06","VirtualRide; VirtualRide","Zwift - Pacer Group Ride: Tempus Fugit in Watopia with Miguel; Zwift - Group Ride: Stage 1 - Zwift Unlocked - Short on Dùn Dash in Scotland",36.83,53.58,"",,53.58,28.91,37.05,-6.2,"Neutral","MaxHr 160bpm. RestHr 60bpm. Cycling Ftp 173w. Weight 76kg."
"2025-10-07","VirtualRide","Zwift - Tempus Fugit in Watopia",35.47,48.48,"",,48.48,29.37,38.57,-8.15,"Neutral","MaxHr 160bpm. RestHr 60bpm. Cycling Ftp 173w. Weight 76kg."
"2025-10-08","","","","","",,"",28.68,33.44,-9.21,"Neutral",""
"2025-10-09","VirtualRide","Zwift - Pacer Group Ride: Tempus Fugit in Watopia with Miguel",77.09,92.25,"",,92.25,30.17,41.27,-4.77,"Neutral","MaxHr 160bpm. RestHr 60bpm. Cycling Ftp 173w. Weight 76kg."
"2025-10-10","VirtualRide","Zwift - Race: Stage 1 - Zwift Unlocked - Race on Dùn Dash in Scotland",59.42,81.98,"",,81.98,31.39,46.69,-11.1,"Optimal","MaxHr 160bpm. RestHr 60bpm. Cycling Ftp 173w. Weight 76kg."
"2025-10-11","","","","","",,"",30.65,40.47,-15.3,"Optimal",""
"2025-10-12","VirtualRide","Zwift - Tick Tock in Watopia",81.36,93.01,"",,93.01,32.12,47.46,-9.82,"Neutral","MaxHr 160bpm. RestHr 60bpm. Cycling Ftp 173w. Weight 76kg."
"2025-10-13","VirtualRide","Zwift - Race: Stage 2 - Zwift Unlocked - Race (D) on Electric Break in Makuri Islands",52.42,72.76,"",,72.76,33.08,50.83,-15.35,"Optimal","MaxHr 160bpm. RestHr 60bpm. Cycling Ftp 173w. Weight 76kg."
"2025-10-14","","","","","",,"",32.3,44.06,-17.76,"Optimal",""
"2025-10-15","VirtualRide; VirtualRide","Zwift - Group Ride: Stage 2 - Zwift Unlocked - Short on Electric Break in Makuri Islands; Zwift - Watopia",65.87,83.8,"",,83.8,33.51,49.35,-11.77,"Optimal","MaxHr 160bpm. RestHr 60bpm. Cycling Ftp 173w. Weight 76kg."
"2025-10-16","","","","","",,"",32.72,42.78,-15.85,"Optimal",""
"2025-10-17","","","","","",,"",31.95,37.09,-10.07,"Optimal",""
"2025-10-18","VirtualRide","Zwift - Group Ride: Stage 2 - Zwift Unlocked - Long on Watts of the Wild in Watopia",84.73,118.1,"",,118.1,33.98,47.87,-5.14,"Neutral","MaxHr 160bpm. RestHr 60bpm. Cycling Ftp 173w. Weight 76kg."
"2025-10-19","VirtualRide","Zwift - Tempus Fugit in Watopia",13.14,24.75,"",,24.75,33.76,44.79,-13.9,"Optimal","MaxHr 160bpm. RestHr 60bpm. Cycling Ftp 173w. Weight 76kg."
"2025-10-20","VirtualRide; VirtualRide","Zwift - Tempus Fugit in Watopia; Zwift - Race: Stage 3 - Zwift Unlocked - Race (D) on Scotland After Party in Scotland",46.82,68.9,"",,68.9,34.59,48,-11.04,"Optimal","MaxHr 160bpm. RestHr 60bpm. Cycling Ftp 173w. Weight 76kg."
"2025-10-21","VirtualRide","Zwift - Volcano Flat in Watopia",15.86,27.51,"",,27.51,34.42,45.28,-13.42,"Optimal","MaxHr 160bpm. RestHr 60bpm. Cycling Ftp 173w. Weight 76kg."
"2025-10-22","","","","","",,"",33.61,39.25,-10.86,"Optimal",""
"2025-10-23","VirtualRide","Zwift - Race: Stage 3 - Zwift Unlocked - Race (D) on Scotland After Party in Scotland",41.36,63.6,"",,63.6,34.32,42.49,-5.64,"Neutral","MaxHr 160bpm. RestHr 60bpm. Cycling Ftp 173w. Weight 76kg."
"2025-10-24","","","","","",,"",33.51,36.83,-8.18,"Neutral",""
"2025-10-25","VirtualRide","Zwift - Flat Out Fast in Watopia",65.96,98.86,"",,98.86,35.05,45.09,-3.33,"Neutral","MaxHr 160bpm. RestHr 60bpm. Cycling Ftp 173w. Weight 76kg."
"2025-10-26","VirtualRide","Zwift - Big Flat 8 in Watopia",94.3,123.61,"",,123.61,37.13,55.54,-10.05,"Optimal","MaxHr 160bpm. RestHr 60bpm. Cycling Ftp 173w. Weight 76kg."
"2025-10-27","","","","","",,"",36.26,48.15,-18.42,"Optimal",""
"2025-10-28","","","","","",,"",35.4,41.74,-11.89,"Optimal",""
"2025-10-29","VirtualRide","Zwift - Race: Stage 4 - Zwift Unlocked - Race (E) on Spinfinity in New York",63.78,80,"",,80,36.45,46.83,-6.34,"Neutral","MaxHr 160bpm. RestHr 60bpm. Cycling Ftp 173w. Weight 76kg."
"2025-10-30","","","","","",,"",35.6,40.6,-10.38,"Optimal",""
"2025-10-31","","","","","",,"",34.76,35.19,-5.01,"Neutral",""
"2025-11-01","VirtualRide; VirtualRide","Zwift - Pacer Group Ride: The Big Ring in Watopia with Bernie; Zwift - Group Ride: Stage 4 - Zwift Unlocked - Long on The Greenway in New York",103.44,117.05,"",,117.05,36.69,46.09,-0.44,"Neutral","MaxHr 160bpm. RestHr 60bpm. Cycling Ftp 173w. Weight 76kg."
"2025-11-02","VirtualRide","Zwift - London Calling in London",31.62,45.96,"",,45.96,36.91,46.07,-9.4,"Neutral","MaxHr 160bpm. RestHr 60bpm. Cycling Ftp 173w. Weight 76kg."
"2025-11-03","","","","","",,"",36.04,39.94,-9.16,"Neutral",""
"2025-11-04","VirtualRide","Zwift - 90 Z2 workout on Stay Puft Pursuit in New York",29.36,41.1,"",,41.1,36.16,40.09,-3.9,"Neutral","MaxHr 160bpm. RestHr 60bpm. Cycling Ftp 173w. Weight 76kg."
"2025-11-05","","","","","",,"",35.31,34.75,-3.93,"Neutral",""
"2025-11-06","VirtualRide","Zwift - Watts the Limit in New York",29.09,46.7,"",,46.7,35.58,36.35,0.55,"Neutral","MaxHr 160bpm. RestHr 60bpm. Cycling Ftp 173w. Weight 76kg."
"2025-11-07","VirtualRide; VirtualRide","Zwift - Group Ride: Stage 5 - Zwift Unlocked - Long on Stay Puft Pursuit in New York; Zwift - FTP Ramp Test on Whole Lotta Lava in Watopia",7.95,19.19,"",,19.19,35.19,34.06,-0.77,"Neutral","MaxHr 160bpm. RestHr 60bpm. Cycling Ftp 173w. Weight 76kg."
"2025-11-08","","","","","",,"",34.37,29.53,1.13,"Neutral",""
"2025-11-09","","","","","",,"",33.56,25.6,4.83,"Neutral",""
"2025-11-10","VirtualRide","Zwift - Group Ride: Stage 4 - Zwift Unlocked - Long on The Greenway in New York",85,117.63,"",,117.63,35.54,37.85,7.96,"Freshness","MaxHr 160bpm. RestHr 60bpm. Cycling Ftp 173w. Weight 76kg."
"2025-11-11","","","","","",,"",34.7,32.81,-2.32,"Neutral",""
"2025-11-12","","","","","",,"",33.88,28.44,1.89,"Neutral",""
"2025-11-13","VirtualRide","Zwift - The Double Borough in New York",39.33,64.75,"",,64.75,34.61,33.27,5.44,"Freshness","MaxHr 160bpm. RestHr 60bpm. Cycling Ftp 173w. Weight 76kg."
"2025-11-14","","","","","",,"",33.79,28.84,1.33,"Neutral",""
"2025-11-15","","","","","",,"",33,25,4.95,"Neutral",""
"2025-11-16","VirtualRide","Zwift - 150W for 90 Min on Spinfinity Ultra in New York",73.6,71.28,"",,71.28,33.9,31.16,7.99,"Freshness","MaxHr 160bpm. RestHr 60bpm. Cycling Ftp 173w. Weight 76kg."
"2025-11-17","","","","","",,"",33.1,27.01,2.73,"Neutral",""
"2025-11-18","","","","","",,"",32.32,23.42,6.08,"Freshness",""
"2025-11-19","VirtualRide","Zwift - Watopia's Waistband in Watopia",69.42,75.69,"",,75.69,33.34,30.38,8.9,"Freshness","MaxHr 160bpm. RestHr 60bpm. Cycling Ftp 173w. Weight 76kg."
"2025-11-20","VirtualRide","Zwift - Race: SCANNELLATORI SERIALI RACE (D) on Watts the Limit in New York",83.59,95.03,"",,95.03,34.79,38.98,2.96,"Neutral","MaxHr 160bpm. RestHr 60bpm. Cycling Ftp 173w. Weight 76kg."
"2025-11-21","","","","","",,"",33.98,33.79,-4.19,"Neutral",""
"2025-11-22","","","","","",,"",33.18,29.29,0.18,"Neutral",""
"2025-11-23","","","","","",,"",32.4,25.39,3.88,"Neutral",""
"2025-11-24","","","","","",,"",31.63,22.01,7,"Freshness",""
"2025-11-25","","","","","",,"",30.89,19.08,9.62,"Freshness",""
"2025-11-26","","","","","",,"",30.16,16.54,11.8,"Freshness",""
"2025-11-27","","","","","",,"",29.45,14.34,13.62,"Freshness",""
"2025-11-28","VirtualRide","Zwift - Tick Tock in Watopia",34.94,50.62,"",,50.62,29.95,19.17,15.11,"Freshness","MaxHr 160bpm. RestHr 60bpm. Cycling Ftp 173w. Weight 76kg."
"2025-11-29","VirtualRide","Zwift - Watopia's Waistband in Watopia",26.45,41.35,"",,41.35,30.22,22.12,10.78,"Freshness","MaxHr 160bpm. RestHr 60bpm. Cycling Ftp 173w. Weight 76kg."
"2025-11-30","","","","","",,"",29.51,19.17,8.09,"Freshness",""
"2025-12-01","","","","","",,"",28.81,16.62,10.33,"Freshness",""
"2025-12-02","VirtualRide; VirtualRide; VirtualRide","Zwift - Tick Tock in Watopia; Zwift - Tick Tock in Watopia; Zwift - Race: Stage 1: Fresh Outta '25: Prospect Park Loop (E) on Prospect Park Loop in New York",100.49,83.94,"",,83.94,30.11,25.58,12.19,"Freshness","MaxHr 160bpm. RestHr 60bpm. Cycling Ftp 173w. Weight 76kg."
"2025-12-03","","","","","",,"",29.4,22.18,4.52,"Neutral",""
"2025-12-04","","","","","",,"",28.71,19.22,7.22,"Freshness",""
"2025-12-05","","","","","",,"",28.03,16.66,9.48,"Freshness",""
"2025-12-06","VirtualRide","Zwift - Tick Tock in Watopia",27.87,53.81,"",,53.81,28.64,21.61,11.37,"Freshness","MaxHr 160bpm. RestHr 60bpm. Cycling Ftp 173w. Weight 76kg."
"2025-12-07","VirtualRide","Zwift - 90 Z2 workout on Hilltop Hustle in Watopia",83.46,80.53,"",,80.53,29.86,29.45,7.03,"Freshness","MaxHr 160bpm. RestHr 60bpm. Cycling Ftp 173w. Weight 76kg."
"2025-12-08","","","","","",,"",29.16,25.53,0.4,"Neutral",""
"2025-12-09","VirtualRide","Zwift - Race: Zwift Crit Racing Club - LaGuardia Loop Reverse (D) on LaGuardia Loop Reverse in New York",73.73,74.48,"",,74.48,30.22,32.05,3.62,"Neutral","MaxHr 160bpm. RestHr 60bpm. Cycling Ftp 173w. Weight 76kg."
"2025-12-10","","","","","",,"",29.51,27.78,-1.83,"Neutral",""
"2025-12-11","VirtualRide","Zwift - Tick Tock in Watopia",34.78,55.05,"",,55.05,30.11,31.41,1.73,"Neutral","MaxHr 160bpm. RestHr 60bpm. Cycling Ftp 173w. Weight 76kg."
"2025-12-12","","","","","",,"",29.41,27.23,-1.3,"Neutral",""
"2025-12-13","VirtualRide","Zwift - Race: Stage 2: Fresh Outta '25: Scotland Smash (E) on Scotland Smash in Scotland",61.21,73.57,"",,73.57,30.44,33.4,2.17,"Neutral","MaxHr 160bpm. RestHr 60bpm. Cycling Ftp 173w. Weight 76kg."
"2025-12-14","","","","","",,"",29.73,28.95,-2.96,"Neutral",""
"2025-12-15","","","","","",,"",29.03,25.1,0.77,"Neutral",""
"2025-12-16","VirtualRide","Zwift - Tick Tock in Watopia",30.2,42.25,"",,42.25,29.34,27.38,3.93,"Neutral","MaxHr 160bpm. RestHr 60bpm. Cycling Ftp 173w. Weight 76kg."
"2025-12-17","","","","","",,"",28.65,23.73,1.96,"Neutral",""
"2025-12-18","VirtualRide","Zwift - 40 Min 8 x 103% on Beach Island Loop in Watopia",59.97,69.56,"",,69.56,29.61,29.83,4.91,"Neutral","MaxHr 160bpm. RestHr 60bpm. Cycling Ftp 173w. Weight 76kg."
"2025-12-19","","","","","",,"",28.92,25.86,-0.23,"Neutral",""
"2025-12-20","VirtualRide","Zwift - 90 Z2 workout on Bon Voyage in France",84.69,90.73,"",,90.73,30.37,34.5,3.05,"Neutral","MaxHr 160bpm. RestHr 60bpm. Cycling Ftp 173w. Weight 76kg."
"2025-12-21","VirtualRide","Zwift - Tempus Fugit in Watopia",6.31,21.32,"",,21.32,30.16,32.74,-4.13,"Neutral","MaxHr 160bpm. RestHr 60bpm. Cycling Ftp 173w. Weight 76kg."
"2025-12-22","","","","","",,"",29.45,28.38,-2.59,"Neutral",""
"2025-12-23","","","","","",,"",28.75,24.6,1.06,"Neutral",""
"2025-12-24","VirtualRide","Zwift - Hilly Route in Watopia",15.83,51.09,"",,51.09,29.28,28.13,4.14,"Neutral","MaxHr 160bpm. RestHr 60bpm. Cycling Ftp 173w. Weight 76kg."
"2025-12-25","VirtualRide","Zwift - Tempus Fugit in Watopia",4.6,15.65,"",,15.65,28.96,26.47,1.14,"Neutral","MaxHr 160bpm. RestHr 60bpm. Cycling Ftp 173w. Weight 76kg."
"2025-12-26","VirtualRide","Zwift - Race: Stage 4: Fresh Outta '25: London Uprising (E) on London Uprising in London",89.01,90.63,"",,90.63,30.41,35.01,2.48,"Neutral","MaxHr 160bpm. RestHr 60bpm. Cycling Ftp 173w. Weight 76kg."
"2025-12-27","","","","","",,"",29.69,30.35,-4.61,"Neutral",""
"2025-12-28","","","","","",,"",29,26.31,-0.66,"Neutral",""
"2025-12-29","VirtualRide","Zwift - Race: Stage 5: Fresh Outta '25: Gentil 8 (D) on Gentil 8 in France",78.17,85.45,"",,85.45,30.32,34.18,2.68,"Neutral","MaxHr 160bpm. RestHr 60bpm. Cycling Ftp 173w. Weight 76kg."
"2025-12-30","","","","","",,"",29.61,29.63,-3.86,"Neutral",""
"2025-12-31","VirtualRide","Zwift - Flat Out Fast in Watopia",12.46,34.62,"",,34.62,29.73,30.29,-0.03,"Neutral","MaxHr 160bpm. RestHr 60bpm. Cycling Ftp 173w. Weight 76kg."
"2026-01-01","","","","","",,"",29.03,26.26,-0.57,"Neutral",""
"2026-01-02","VirtualRide","Zwift - Jarvis Seaside Sprint in Watopia",79.84,108.08,"",,108.08,30.89,37.15,2.76,"Neutral","MaxHr 160bpm. RestHr 60bpm. Cycling Ftp 173w. Weight 76kg."
"2026-01-03","","","","","",,"",30.16,32.21,-6.27,"Neutral",""
"2026-01-04","","","","","",,"",29.45,27.92,-2.05,"Neutral",""
"2026-01-05","VirtualRide","Zwift - Sugar Cookie in Watopia",49.56,52.47,"",,52.47,29.99,31.19,1.53,"Neutral","MaxHr 160bpm. RestHr 60bpm. Cycling Ftp 173w. Weight 76kg."
"2026-01-06","VirtualRide","Zwift - Race:  Stage 1 - Race - Tour de Zwift on Turf N Surf in Makuri Islands",71.05,80.09,"",,80.09,31.17,37.7,-1.2,"Neutral","MaxHr 160bpm. RestHr 60bpm. Cycling Ftp 173w. Weight 76kg."
"2026-01-07","","","","","",,"",30.44,32.68,-6.53,"Neutral",""
"2026-01-08","","","","","",,"",29.72,28.33,-2.24,"Neutral",""
"2026-01-09","","","","","",,"",29.02,24.56,1.39,"Neutral",""
"2026-01-10","","","","","",,"",28.34,21.29,4.46,"Neutral",""
"2026-01-11","","","","","",,"",27.67,18.45,7.05,"Freshness",""
"2026-01-12","","","","","",,"",27.02,15.99,9.22,"Freshness",""
"2026-01-13","","","","","",,"",26.39,13.86,11.02,"Freshness",""
"2026-01-14","","","","","",,"",25.76,12.02,12.52,"Freshness",""
"2026-01-15","VirtualRide","Zwift - Group Ride: Standard - Stage 2 - Tour de Zwift on Three Musketeers in France",97.38,87.16,"",,87.16,27.21,22.02,13.74,"Freshness","MaxHr 160bpm. RestHr 60bpm. Cycling Ftp 173w. Weight 76kg."
"2026-01-16","","","","","",,"",26.57,19.09,5.18,"Freshness",""
"2026-01-17","","","","","",,"",25.94,16.55,7.48,"Freshness",""
"2026-01-18","VirtualRide","Zwift - Island Hopper in Makuri Islands",54.99,80.16,"",,80.16,27.22,25.01,9.39,"Freshness","MaxHr 160bpm. RestHr 60bpm. Cycling Ftp 173w. Weight 76kg."
"2026-01-19","","","","","",,"",26.58,21.68,2.2,"Neutral",""
"2026-01-20","VirtualRide","Zwift - Race:  Stage 3 - Race - Tour de Zwift (D) on BRAEk-fast Crits and Grits in Scotland",81.2,69.17,"",,69.17,27.58,28.01,4.89,"Neutral","MaxHr 160bpm. RestHr 60bpm. Cycling Ftp 173w. Weight 76kg."
"2026-01-21","VirtualRide","Zwift - Flat Out Fast in Watopia",38.24,38.56,"",,38.56,27.84,29.41,-0.43,"Neutral","MaxHr 160bpm. RestHr 60bpm. Cycling Ftp 173w. Weight 76kg."
"2026-01-22","VirtualRide","Zwift - Race:  Stage 3 - Race - Tour de Zwift (D) on BRAEk-fast Crits and Grits in Scotland",73.37,77.48,"",,77.48,29.01,35.81,-1.58,"Neutral","MaxHr 160bpm. RestHr 60bpm. Cycling Ftp 173w. Weight 76kg."
"2026-01-23","VirtualRide","Zwift - Pacer Group Ride: Classique in London with Miguel",22.54,43.47,"",,43.47,29.35,36.83,-6.81,"Neutral","MaxHr 160bpm. RestHr 60bpm. Cycling Ftp 173w. Weight 76kg."
"2026-01-24","VirtualRide","Zwift - Pacer Group Ride: Volcano Flat in Watopia with Miguel",28.4,51.93,"",,51.93,29.88,38.84,-7.49,"Neutral","MaxHr 160bpm. RestHr 60bpm. Cycling Ftp 173w. Weight 76kg."
"2026-01-25","","","","","",,"",29.18,33.67,-8.97,"Neutral",""
"2026-01-26","","","","","",,"",28.49,29.19,-4.5,"Neutral",""
"2026-01-27","VirtualRide","Zwift - Race:  Stage 4 - Race - Tour de Zwift (D) on London 8 in London",77.5,78.42,"",,78.42,29.66,35.74,-0.7,"Neutral","MaxHr 160bpm. RestHr 60bpm. Cycling Ftp 173w. Weight 76kg."
"2026-01-28","VirtualRide","ROUVY - Entrance | Everglades | Florida",39.22,50.35,"",,50.35,30.15,37.68,-6.08,"Neutral","MaxHr 160bpm. RestHr 60bpm. Cycling Ftp 173w. Weight 76kg."
"2026-01-29","","","","","",,"",29.44,32.67,-7.54,"Neutral",""
"2026-01-30","","","","","",,"",28.75,28.32,-3.23,"Neutral",""
"2026-01-31","","","","","",,"",28.07,24.55,0.43,"Neutral",""
"2026-02-01","VirtualRide","Zwift - Pacer Group Ride: Big Flat 8 in Watopia with Miguel",10.27,35.93,"",,35.93,28.26,26.06,3.52,"Neutral","MaxHr 160bpm. RestHr 60bpm. Cycling Ftp 173w. Weight 76kg."
"2026-02-02","","","","","",,"",27.59,22.59,2.19,"Neutral",""
"2026-02-03","VirtualRide","Zwift - Ocean Lava Cliffside Loop in Watopia",20.83,35.11,"",,35.11,27.77,24.26,4.99,"Neutral","MaxHr 160bpm. RestHr 60bpm. Cycling Ftp 173w. Weight 76kg."
"2026-02-04","VirtualRide","Zwift - Richmond Rollercoaster in Richmond",40.35,49.69,"",,49.69,28.28,27.64,3.51,"Neutral","MaxHr 160bpm. RestHr 60bpm. Cycling Ftp 173w. Weight 76kg."
"2026-02-05","VirtualRide","Zwift - Race:  Stage 5 - Race - Tour de Zwift (D) on Ocean Lava Cliffside Loop in Watopia",56.26,72.49,"",,72.49,29.32,33.61,0.64,"Neutral","MaxHr 160bpm. RestHr 60bpm. Cycling Ftp 173w. Weight 76kg."
"2026-02-06","","","","","",,"",28.63,29.14,-4.29,"Neutral",""
"2026-02-07","","","","","",,"",27.96,25.26,-0.51,"Neutral",""
"2026-02-08","","","","","",,"",27.3,21.9,2.7,"Neutral",""
"2026-02-09","VirtualRide","Zwift - Bryce's FTP Builder - Threshold on Sand And Sequoias in Watopia",42.62,60.96,"",,60.96,28.09,27.1,5.4,"Freshness","MaxHr 160bpm. RestHr 60bpm. Cycling Ftp 173w. Weight 76kg."
"2026-02-10","","","","","",,"",27.43,23.49,0.99,"Neutral",""
"2026-02-11","","","","","",,"",26.79,20.36,3.94,"Neutral",""
"2026-02-12","","","","","",,"",26.16,17.65,6.42,"Freshness",""
"2026-02-13","","","","","",,"",25.54,15.3,8.5,"Freshness",""
"2026-02-14","","","","","",,"",24.94,13.26,10.24,"Freshness",""
"2026-02-15","","","","","",,"",24.35,11.5,11.67,"Freshness",""
"2026-02-16","","","","","",,"",23.78,9.96,12.85,"Freshness",""
"2026-02-17","","","","","",,"",23.22,8.64,13.81,"Freshness",""
"2026-02-18","","","","","",,"",22.67,7.49,14.58,"Freshness",""
"2026-02-19","","","","","",,"",22.14,6.49,15.18,"Freshness",""
"2026-02-20","","","","","",,"",21.62,5.63,15.65,"Freshness",""
"2026-02-21","","","","","",,"",21.11,4.88,15.99,"Freshness",""
"2026-02-22","","","","","",,"",20.61,4.23,16.23,"Freshness",""
"2026-02-23","VirtualRide","Zwift - Pacer Group Ride: The Magnificent 8 in Watopia with Bernie",20.51,20.84,"",,20.84,20.62,6.44,16.38,"Freshness","MaxHr 160bpm. RestHr 60bpm. Cycling Ftp 173w. Weight 76kg."
"2026-02-24","VirtualRide","Zwift - Pacer Group Ride: Tour Of Tewit Well in Yorkshire with Miguel",26.5,33.58,"",,33.58,20.92,10.05,14.18,"Freshness","MaxHr 160bpm. RestHr 60bpm. Cycling Ftp 173w. Weight 76kg."
"2026-02-25","","","","","",,"",20.43,8.71,10.87,"Freshness",""
"2026-02-26","VirtualRide","Zwift - Pacer Group Ride with Miguel",46.44,52.79,"",,52.79,21.19,14.58,11.71,"Freshness","MaxHr 160bpm. RestHr 60bpm. Cycling Ftp 173w. Weight 76kg."
"2026-02-27","","","","","",,"",20.69,12.64,6.61,"Freshness",""
"2026-02-28","","","","","",,"",20.21,10.95,8.05,"Freshness",""
"2026-03-01","","","","","",,"",19.73,9.5,9.25,"Freshness",""
"2026-03-02","","","","","",,"",19.27,8.23,10.23,"Freshness",""
"2026-03-03","","","","","",,"",18.81,7.13,11.03,"Freshness",""
"2026-03-04","","","","","",,"",18.37,6.18,11.67,"Freshness",""
"2026-03-05","","","","","",,"",17.94,5.36,12.18,"Freshness",""
"2026-03-06","VirtualRide","Zwift - Kaze Kicker in Makuri Islands",24.88,26.65,"",,26.65,18.14,8.19,12.57,"Freshness","MaxHr 160bpm. RestHr 60bpm. Cycling Ftp 173w. Weight 76kg."
"2026-03-07","","","","","",,"",17.72,7.1,9.94,"Freshness",""
"2026-03-08","VirtualRide","Zwift - Hudson Hustle in New York",70.41,55.58,"",,55.58,18.61,13.56,10.61,"Freshness","MaxHr 160bpm. RestHr 60bpm. Cycling Ftp 173w. Weight 76kg."
"2026-03-09","VirtualRide","Zwift - Cobbled Crown in Richmond",79.82,79.08,"",,79.08,20.03,22.28,5.05,"Freshness","MaxHr 160bpm. RestHr 60bpm. Cycling Ftp 173w. Weight 76kg."
"2026-03-10","","","","","",,"",19.56,19.31,-2.25,"Neutral",""
"2026-03-11","","","","","",,"",19.1,16.74,0.24,"Neutral",""
"2026-03-12","VirtualRide","Zwift - Pacer Group Ride with Miguel",8.81,12.06,"",,12.06,18.93,16.12,2.35,"Neutral","MaxHr 160bpm. RestHr 60bpm. Cycling Ftp 173w. Weight 76kg."
"2026-03-13","VirtualRide","Zwift - Peaky Pavé in France",23.88,37.62,"",,37.62,19.37,18.98,2.81,"Neutral","MaxHr 160bpm. RestHr 60bpm. Cycling Ftp 173w. Weight 76kg."
"2026-03-14","VirtualRide","Zwift - Race: Stage 4: Zwift Games: Peaky Pave (D)",104.93,105.01,"",,105.01,21.39,30.43,0.39,"Neutral","MaxHr 160bpm. RestHr 60bpm. Cycling Ftp 173w. Weight 76kg."
"2026-03-15","","","","","",,"",20.88,26.38,-9.05,"Neutral",""
"2026-03-16","VirtualRide","Zwift - Tick Tock in Watopia",54.45,61.22,"",,61.22,21.83,31.02,-5.5,"Neutral","MaxHr 160bpm. RestHr 60bpm. Cycling Ftp 173w. Weight 76kg."
"2026-03-17","","","","","",,"",21.32,26.89,-9.19,"Neutral",""
"2026-03-18","VirtualRide","Zwift - Pacer Group Ride with Miguel",63.33,72.33,"",,72.33,22.52,32.94,-5.57,"Neutral","MaxHr 160bpm. RestHr 60bpm. Cycling Ftp 173w. Weight 76kg."
"2026-03-19","","","","","",,"",21.99,28.55,-10.42,"Optimal",""
"2026-03-20","VirtualRide","Zwift - Race: Stage 5: Zwift Games: Three Step Sisters (D)",153.66,120.38,"",,120.38,24.3,40.78,-6.57,"Neutral","MaxHr 160bpm. RestHr 60bpm. Cycling Ftp 173w. Weight 76kg."
"2026-03-21","","","","","",,"",23.73,35.35,-16.48,"Optimal",""
"2026-03-22","","","","","",,"",23.17,30.64,-11.62,"Optimal",""
"2026-03-23","VirtualRide","Zwift - Tempus Fugit in Watopia",10.19,25.15,"",,25.15,23.22,29.91,-7.47,"Neutral","MaxHr 160bpm. RestHr 60bpm. Cycling Ftp 173w. Weight 76kg."
"2026-03-24","VirtualRide","Zwift - Hilly Route in Watopia",24.79,39.55,"",,39.55,23.6,31.19,-6.69,"Neutral","MaxHr 160bpm. RestHr 60bpm. Cycling Ftp 173w. Weight 76kg."
"2026-03-25","","","","","",,"",23.05,27.04,-7.59,"Neutral",""
"2026-03-26","","","","","",,"",22.51,23.44,-4,"Neutral",""
"2026-03-27","","","","","",,"",21.98,20.32,-0.94,"Neutral",""
"2026-03-28","","","","","",,"",21.46,17.61,1.65,"Neutral",""
"2026-03-29","","","","","",,"",20.95,15.27,3.84,"Neutral",""
"2026-03-30","","","","","",,"",20.46,13.23,5.68,"Freshness",""
"2026-03-31","","","","","",,"",19.98,11.47,7.22,"Freshness",""
"2026-04-01","","","","","",,"",19.51,9.94,8.5,"Freshness",""
"2026-04-02","","","","","",,"",19.05,8.62,9.56,"Freshness",""
"2026-04-03","","","","","",,"",18.6,7.47,10.43,"Freshness",""
"2026-04-04","","","","","",,"",18.16,6.48,11.13,"Freshness",""
"2026-04-05","","","","","",,"",17.74,5.61,11.68,"Freshness",""
"2026-04-06","","","","","",,"",17.32,4.87,12.12,"Freshness",""
"2026-04-07","","","","","",,"",16.91,4.22,12.45,"Freshness",""
"2026-04-08","","","","","",,"",16.51,3.66,12.69,"Freshness",""
"2026-04-09","","","","","",,"",16.13,3.17,12.85,"Freshness",""
"2026-04-10","","","","","",,"",15.75,2.75,12.95,"Freshness",""
"2026-04-11","","","","","",,"",15.38,2.38,13,"Freshness",""
"2026-04-12","","","","","",,"",15.01,2.06,12.99,"Freshness",""
"2026-04-13","","","","","",,"",14.66,1.79,12.95,"Freshness",""
"2026-04-14","","","","","",,"",14.31,1.55,12.87,"Freshness",""
"2026-04-15","","","","","",,"",13.98,1.34,12.76,"Freshness",""
"2026-04-16","","","","","",,"",13.65,1.16,12.63,"Freshness",""
"2026-04-17","","","","","",,"",13.33,1.01,12.48,"Freshness",""
"2026-04-18","","","","","",,"",13.01,0.87,12.32,"Freshness",""
"2026-04-19","","","","","",,"",12.71,0.76,12.14,"Freshness",""
"2026-04-20","","","","","",,"",12.41,0.65,11.95,"Freshness",""
"2026-04-21","","","","","",,"",12.12,0.57,11.75,"Freshness",""
"2026-04-22","","","","","",,"",11.83,0.49,11.55,"Freshness",""
"2026-04-23","","","","","",,"",11.55,0.42,11.34,"Freshness",""
"2026-04-24","","","","","",,"",11.28,0.37,11.12,"Freshness",""
"2026-04-25","","","","","",,"",11.02,0.32,10.91,"Freshness",""
"2026-04-26","","","","","",,"",10.76,0.27,10.69,"Freshness",""
"2026-04-27","","","","","",,"",10.5,0.24,10.48,"Freshness",""
"2026-04-28","","","","","",,"",10.26,0.21,10.26,"Freshness",""
"2026-04-29","","","","","",,"",10.01,0.18,10.05,"Freshness",""
"2026-04-30","","","","","",,"",9.78,0.15,9.83,"Freshness",""
"2026-05-01","","","","","",,"",9.55,0.13,9.62,"Freshness",""
"2026-05-02","","","","","",,"",9.32,0.11,9.41,"Freshness",""
"2026-05-03","","","","","",,"",9.1,0.1,9.2,"Freshness",""
"2026-05-04","","","","","",,"",8.89,0.08,9,"Freshness",""
"2026-05-05","","","","","",,"",8.68,0.07,8.8,"Freshness",""
"2026-05-06","","","","","",,"",8.48,0.06,8.6,"Freshness",""
"2026-05-07","","","","","",,"",8.28,0.05,8.41,"Freshness",""
"2026-05-08","","","","","",,"",8.08,0.05,8.22,"Freshness",""
"2026-05-09","","","","","",,"",7.89,0.04,8.03,"Freshness",""
"2026-05-10","","","","","",,"",7.71,0.03,7.85,"Freshness",""
"2026-05-11","VirtualRide","Zwift - Pacer Group Ride with Bernie",16.64,25.99,"",,25.99,8.14,3.49,7.67,"Freshness","MaxHr 160bpm. RestHr 60bpm. Cycling Ftp 173w. Weight 76kg."
"2026-05-12","VirtualRide","Zwift - Pacer Group Ride with Miguel",42.52,29.72,"",,29.72,8.64,6.98,4.64,"Neutral","MaxHr 160bpm. RestHr 60bpm. Cycling Ftp 173w. Weight 76kg."
"2026-05-13","VirtualRide","Zwift - Pacer Group Ride with Miguel",41.26,35.72,"",,35.72,9.28,10.81,1.66,"Neutral","MaxHr 160bpm. RestHr 60bpm. Cycling Ftp 173w. Weight 76kg."
"2026-05-14","","","","","",,"",9.06,9.37,-1.53,"Neutral",""
"2026-05-15","VirtualRide","Zwift - Pacer Group Ride with Miguel",39.81,40.11,"",,40.11,9.79,13.46,-0.31,"Neutral","MaxHr 160bpm. RestHr 60bpm. Cycling Ftp 173w. Weight 76kg."
"2026-05-16","","","","","",,"",9.56,11.67,-3.67,"Neutral",""
"2026-05-17","VirtualRide","Zwift - Pacer Group Ride with Miguel",45.05,41.56,"",,41.56,10.32,15.65,-2.11,"Neutral","MaxHr 160bpm. RestHr 60bpm. Cycling Ftp 173w. Weight 76kg."
"2026-05-18","","","","","",,"",10.07,13.56,-5.34,"Neutral",""
"2026-05-19","VirtualRide","Zwift - Pacer Group Ride with Miguel",64.21,51.5,"",,51.5,11.05,18.61,-3.5,"Neutral","MaxHr 160bpm. RestHr 60bpm. Cycling Ftp 173w. Weight 76kg."
"2026-05-20","","","","","",,"",10.79,16.13,-7.57,"Neutral",""
"2026-05-21","VirtualRide","Zwift - Tick Tock in Watopia",53.42,36.91,"",,36.91,11.4,18.9,-5.35,"Neutral","MaxHr 160bpm. RestHr 60bpm. Cycling Ftp 173w. Weight 76kg."
"2026-05-22","","","","","",,"",11.13,16.38,-7.5,"Neutral",""
"2026-05-23","VirtualRide","Zwift - Tempus Fugit in Watopia",50.83,45.55,"",,45.55,11.94,20.27,-5.26,"Neutral","MaxHr 160bpm. RestHr 60bpm. Cycling Ftp 173w. Weight 76kg."
"2026-05-24","VirtualRide","Zwift - Pacer Group Ride with Miguel",36.5,41.2,"",,41.2,12.63,23.05,-8.33,"Neutral","MaxHr 160bpm. RestHr 60bpm. Cycling Ftp 173w. Weight 76kg."
"2026-05-25","","","","","",,"",12.33,19.98,-10.43,"Optimal",""
"2026-05-26","VirtualRide","Zwift - Pacer Group Ride with Miguel",14.42,19.58,"",,19.58,12.5,19.93,-7.65,"Neutral","MaxHr 160bpm. RestHr 60bpm. Cycling Ftp 173w. Weight 76kg."
"2026-05-27","","","","","",,"",12.21,17.28,-7.43,"Neutral",""
"2026-05-28","","","","","",,"",11.92,14.98,-5.07,"Neutral",""
"2026-05-29","VirtualRide","Zwift - Waisted 8 in Watopia",48.57,75.28,"",,75.28,13.41,23,-3.06,"Neutral","MaxHr 160bpm. RestHr 60bpm. Cycling Ftp 173w. Weight 76kg."
"2026-05-30","","","","","",,"",13.1,19.94,-9.6,"Neutral",""
"2026-05-31","","","","","",,"",12.79,17.29,-6.85,"Neutral",""
"2026-06-01","VirtualRide","Zwift - Pacer Group Ride with Miguel",39.71,50.7,"",,50.7,13.68,21.73,-4.5,"Neutral","MaxHr 160bpm. RestHr 60bpm. Cycling Ftp 173w. Weight 76kg."
"2026-06-02","","","","","",,"",13.36,18.84,-8.06,"Neutral",""
"2026-06-03","VirtualRide","Zwift - Pacer Group Ride with Miguel",37.62,43.37,"",,43.37,14.07,22.1,-5.49,"Neutral","MaxHr 160bpm. RestHr 60bpm. Cycling Ftp 173w. Weight 76kg."
"2026-06-04","VirtualRide","Zwift - Flat Route in Watopia",16.26,28.78,"",,28.78,14.41,22.99,-8.04,"Neutral","MaxHr 160bpm. RestHr 60bpm. Cycling Ftp 173w. Weight 76kg."
"2026-06-05","VirtualRide","Zwift - Race: Stage 1: Level Up Racing: Sprinter's Playground",80.41,72.14,"",,72.14,15.77,29.54,-8.59,"Neutral","MaxHr 160bpm. RestHr 60bpm. Cycling Ftp 173w. Weight 76kg."
"2026-06-06","","","","","",,"",15.4,25.6,-13.77,"Optimal",""
"2026-06-07","VirtualRide","Zwift - Pacer Group Ride with Bernie",23.23,23.91,"",,23.91,15.6,25.38,-10.21,"Optimal","MaxHr 160bpm. RestHr 60bpm. Cycling Ftp 173w. Weight 76kg."
"2026-06-08","","","","","",,"",15.23,22,-9.78,"Neutral",""
"2026-06-09","VirtualRide; VirtualRide","Zwift - Watopia's Waistband in Watopia; Zwift - FTP Ramp Test",29.9,40.02,"",,40.02,15.82,24.4,-6.77,"Neutral","MaxHr 160bpm. RestHr 60bpm. Cycling Ftp 173w. Weight 76kg."
"2026-06-10","VirtualRide; VirtualRide","Zwift - Pacer Group Ride with Bernie; Zwift - Race: Zwift Crit Racing Club - Downtown Dolphin (E)",59.46,59.15,"",,59.15,16.83,29.02,-8.59,"Neutral","MaxHr 160bpm. RestHr 60bpm. Cycling Ftp 173w. Weight 76kg."
"2026-06-11","","","","","",,"",16.44,25.16,-12.19,"Optimal",""
"2026-06-12","VirtualRide","Zwift - Sugar Cookie in Watopia",74.02,72.18,"",,72.18,17.75,31.42,-8.73,"Neutral","MaxHr 160bpm. RestHr 60bpm. Cycling Ftp 173w. Weight 76kg."
"2026-06-13","Run","Cold Creek short hike","","","",,"",17.33,27.24,-13.67,"Optimal","Weight 76kg."
"2026-06-14","VirtualRide","Zwift - Loop de Loop in Watopia",32.36,49.95,"",,49.95,18.1,30.26,-9.91,"Neutral","MaxHr 160bpm. RestHr 60bpm. Cycling Ftp 173w. Weight 76kg."
"2026-06-15","","","","","",,"",17.67,26.23,-12.16,"Optimal",""
"2026-06-16","","","","","",,"",17.26,22.74,-8.56,"Neutral",""
"2026-06-17","VirtualRide","Zwift - Feel the burn 6 175% intervals",39.65,69.76,"",,69.76,18.49,29,-5.49,"Neutral","MaxHr 160bpm. RestHr 60bpm. Cycling Ftp 173w. Weight 76kg."
"2026-06-18","VirtualRide","Zwift - Race: Stage 3: Level Up Racing: Hilly Route Reverse (E)",68.56,68.31,"",,68.31,19.67,34.23,-10.51,"Optimal","MaxHr 160bpm. RestHr 60bpm. Cycling Ftp 173w. Weight 76kg."
"2026-06-19","","","","","",,"",19.2,29.67,-14.57,"Optimal",""
"2026-06-20","VirtualRide","Zwift - Volcano Flat in Watopia",31.38,40.41,"",,40.41,19.7,31.1,-10.48,"Optimal","MaxHr 160bpm. RestHr 60bpm. Cycling Ftp 173w. Weight 76kg."
"2026-06-21","","","","","",,"",19.24,26.96,-11.41,"Optimal",""
"2026-06-22","","","","","",,"",18.78,23.37,-7.73,"Neutral",""
"2026-06-23","VirtualRide","Zwift - Pacer Group Ride with Miguel",30.94,35.67,"",,35.67,19.18,25.01,-4.59,"Neutral","MaxHr 160bpm. RestHr 60bpm. Cycling Ftp 173w. Weight 76kg."
"2026-06-24","VirtualRide","Zwift - Pacer Group Ride with Miguel",34.66,43.32,"",,43.32,19.75,27.45,-5.83,"Neutral","MaxHr 160bpm. RestHr 60bpm. Cycling Ftp 173w. Weight 76kg."
"2026-06-25","","","","","",,"",19.29,23.79,-7.7,"Neutral",""
"2026-06-26","","","","","",,"",18.83,20.62,-4.51,"Neutral",""
"2026-06-27","","","","","",,"",18.39,17.88,-1.8,"Neutral",""
"2026-06-28","","","","","",,"",17.96,15.5,0.51,"Neutral",""
"2026-06-29","VirtualRide","Zwift - Group Ride: Alpecin-Premier Tech's Tour de France line-up reveal",21.03,29.36,"",,29.36,18.22,17.34,2.45,"Neutral","MaxHr 160bpm. RestHr 60bpm. Cycling Ftp 173w. Weight 76kg."
"2026-06-30","","","","","",,"",17.79,15.03,0.88,"Neutral",""
"2026-07-01","","","","","",,"",17.38,13.03,2.76,"Neutral",""
"2026-07-02","VirtualRide","Zwift - Pacer Group Ride with Miguel",60.11,56.06,"",,56.06,18.29,18.76,4.34,"Neutral","MaxHr 160bpm. RestHr 60bpm. Cycling Ftp 173w. Weight 76kg."
"2026-07-03","","","","","",,"",17.86,16.26,-0.48,"Neutral",""
"2026-07-04","VirtualRide","Zwift - Pacer Group Ride with Bernie",57.67,56.1,"",,56.1,18.76,21.56,1.59,"Neutral","MaxHr 160bpm. RestHr 60bpm. Cycling Ftp 173w. Weight 76kg."
"2026-07-05","","","","","",,"",18.31,18.69,-2.81,"Neutral",""
"2026-07-06","","","","","",,"",17.88,16.2,-0.38,"Neutral",""
"2026-07-07","","","","","",,"",17.46,14.05,1.67,"Neutral",""
"2026-07-08","","","","","",,"",17.05,12.18,3.41,"Neutral",""
"2026-07-09","","","","","",,"",16.65,10.55,4.87,"Neutral",""
"2026-07-10","","","","","",,"",16.26,9.15,6.09,"Freshness",""
"2026-07-11","","","","","",,"",15.88,7.93,7.1,"Freshness",""
"2026-07-12","","","","","",,"",15.5,6.87,7.94,"Freshness",""
"2026-07-13","","","","","",,"",15.14,5.96,8.62,"Freshness",""
"2026-07-14","","","","","",,"",14.78,5.16,9.17,"Freshness",""
"2026-07-15","","","","","",,"",14.43,4.48,9.61,"Freshness",""
"2026-07-16","","","","","",,"",14.09,3.88,9.95,"Freshness",""
"2026-07-17","","","","","",,"",13.76,3.36,10.21,"Freshness",""
"2026-07-18","","","","","",,"",13.44,2.91,10.39,"Freshness",""
"2026-07-19","","","","","",,"",13.12,2.53,10.52,"Freshness",""
"2026-07-20","","","","","",,"",12.81,2.19,10.59,"Freshness",""
"2026-07-21","VirtualRide","Zwift - Loop de loop de loop in Paris",12.85,18.9,"",,18.9,12.96,4.41,10.62,"Freshness","MaxHr 160bpm. RestHr 60bpm. Cycling Ftp 173w. Weight 76kg."
"2026-07-22","","","","","",,"",12.65,3.82,8.54,"Freshness",""
"2026-07-23","VirtualRide","Zwift - Casse-Pattes in France",57.43,57.17,"",,57.17,13.7,10.93,8.82,"Freshness","MaxHr 160bpm. RestHr 60bpm. Cycling Ftp 173w. Weight 76kg."
"2026-07-24","","","","","",,"",13.38,9.47,2.77,"Neutral",""
"2026-07-25","","","","","",,"",13.06,8.21,3.9,"Neutral",""
"2026-07-26","VirtualRide","Zwift - Crêpe Escape in Paris",33.5,44.72,"",,44.72,13.81,13.07,4.85,"Neutral","MaxHr 160bpm. RestHr 60bpm. Cycling Ftp 173w. Weight 76kg."
"2026-07-27","","","","","",,"",13.48,11.33,0.73,"Neutral",""
"2026-07-28","VirtualRide","Zwift - Race: Stage 4 - Race - Tour Fever (E)",64.21,63.24,"",,63.24,14.65,18.24,2.15,"Neutral","MaxHr 160bpm. RestHr 60bpm. Cycling Ftp 173w. Weight 76kg."
"2026-07-29","","","","","",,"",14.31,15.81,-3.59,"Neutral",""
"2026-07-30","VirtualRide","Zwift - Race: Stage 4 - Race - Tour Fever (E)",64.9,69.65,"",,69.65,15.61,22.98,-1.51,"Neutral","MaxHr 160bpm. RestHr 60bpm. Cycling Ftp 173w. Weight 76kg."
"2026-07-31","","","","","",,"",15.24,19.92,-7.37,"Neutral",""
"2026-08-01","","","","","",,"",14.88,17.27,-4.68,"Neutral",""
"2026-08-02","VirtualRide","Zwift - Race: Stage 4 - Race - Tour Fever (E)",82.62,63.56,"",,63.56,16.03,23.43,-2.39,"Neutral","MaxHr 160bpm. RestHr 60bpm. Cycling Ftp 173w. Weight 76kg."
"2026-08-03","","","","","",,"",15.65,20.31,-7.4,"Neutral",""
"2026-08-04","","","","","",,"",15.28,17.6,-4.66,"Neutral",""
"2026-08-05","VirtualRide","Lakeshore 13 (ridecave virt)","",65.92,"",,65.92,16.47,24.04,-2.33,"Neutral","Cycling Ftp 173w. Weight 76kg."
"2026-08-06","VirtualRide","Zwift - Double Espresso in Paris",75.83,81.44,"",,81.44,18,31.68,-7.57,"Neutral","MaxHr 160bpm. RestHr 60bpm. Cycling Ftp 173w. Weight 76kg."
"2026-08-07","","","","","",,"",17.58,27.46,-13.68,"Optimal",""
"2026-08-08","","","","","",,"",17.16,23.8,-9.89,"Neutral",""
"2026-08-09","","","","","",,"",16.76,20.63,-6.64,"Neutral",""
"2026-08-10","","","","","",,"",16.37,17.89,-3.88,"Neutral",""
"2026-08-11","VirtualRide","Zwift - Pacer Group Ride with Miguel",77.8,69.51,"",,69.51,17.62,24.76,-1.53,"Neutral","MaxHr 160bpm. RestHr 60bpm. Cycling Ftp 173w. Weight 76kg."
"2026-08-12","","","","","",,"",17.2,21.46,-7.15,"Neutral",""
"2026-08-13","VirtualRide","Zwift - Race: La ClaZiquisima by Zabi (E)",65.38,89.59,"",,89.59,18.91,30.53,-4.27,"Neutral","MaxHr 160bpm. RestHr 60bpm. Cycling Ftp 173w. Weight 76kg."
"2026-08-14","","","","","",,"",18.46,26.47,-11.63,"Optimal",""
"2026-08-15","VirtualRide","Zwift - Southern Coast Cruise in Watopia",25.97,27.56,"",,27.56,18.67,26.61,-8.01,"Neutral","MaxHr 160bpm. RestHr 60bpm. Cycling Ftp 173w. Weight 76kg."
"2026-08-16","VirtualRide; Ride","Zwift - Race: Stage 1 - Makuri Madness - Mech Isle Mayhem (E); Afternoon Ride",63.82,75.68,"",,75.68,20.02,33.15,-7.94,"Neutral","MaxHr 160bpm. RestHr 60bpm. Cycling Ftp 173w. Weight 76kg."
"2026-08-17","Ride","Padden Path - Cycle",70.48,45.83,"",,70.48,21.2,38.12,-13.13,"Optimal","MaxHr 160bpm. RestHr 60bpm. Cycling Ftp 173w. Weight 76kg."
"2026-08-18","VirtualRide","Zwift - Pacer Group Ride with Miguel",18.34,31.82,"",,31.82,21.45,37.28,-16.92,"Optimal","MaxHr 160bpm. RestHr 60bpm. Cycling Ftp 173w. Weight 76kg."
"2026-08-19","","","","","",,"",20.95,32.31,-15.83,"Optimal",""
"2026-08-20","Ride","Padden Path - Cycle",75.01,46.13,"",,75.01,22.22,38,-11.37,"Optimal","MaxHr 160bpm. RestHr 60bpm. Cycling Ftp 173w. Weight 76kg."
"2026-08-21","VirtualRide","Zwift - Pacer Group Ride with Miguel",19.2,30.3,"",,30.3,22.41,36.97,-15.78,"Optimal","MaxHr 160bpm. RestHr 60bpm. Cycling Ftp 173w. Weight 76kg."
"2026-08-22","","","","","",,"",21.88,32.05,-14.57,"Optimal",""
"2026-08-23","VirtualRide","Zwift - Race: Stage 2 - Makuri Madness - Urumaze (D)",86.35,87.06,"",,87.06,23.42,39.37,-10.17,"Optimal","MaxHr 160bpm. RestHr 60bpm. Cycling Ftp 173w. Weight 76kg."
"2026-08-24","Ride","Morning Ride",40.19,47.25,"",,40.19,23.81,39.48,-15.96,"Optimal","MaxHr 160bpm. RestHr 60bpm. Cycling Ftp 173w. Weight 76kg."
"2026-08-25","VirtualRide","Zwift - Race: Stage 3 - Makuri Madness - WhatYumeziWe'reLost? (D)",68.63,75.84,"",,75.84,25.04,44.32,-15.68,"Optimal","MaxHr 160bpm. RestHr 60bpm. Cycling Ftp 173w. Weight 76kg."
"2026-08-26","","","","","",,"",24.45,38.42,-19.29,"Optimal",""
"2026-08-27","Ride","Padden and Hearthwood loops",16.87,52.58,"",,16.87,24.27,35.55,-13.98,"Optimal","MaxHr 160bpm. RestHr 60bpm. Cycling Ftp 173w. Weight 76kg."
"2026-08-28","VirtualRide","Zwift - Tempus Fugit in Watopia",26.1,52.54,"",,52.54,24.93,37.82,-11.29,"Optimal","MaxHr 160bpm. RestHr 60bpm. Cycling Ftp 173w. Weight 76kg."
"2026-08-29","VirtualRide","Zwift - Over, Under and Beyond",31.41,54.12,"",,54.12,25.62,39.99,-12.89,"Optimal","MaxHr 160bpm. RestHr 60bpm. Cycling Ftp 173w. Weight 76kg."
"2026-08-30","VirtualRide","Zwift - Pacer Group Ride with Miguel",25.49,72.9,"",,72.9,26.73,44.37,-14.37,"Optimal","MaxHr 160bpm. RestHr 60bpm. Cycling Ftp 173w. Weight 76kg."
"2026-08-31","Ride","Padden and Hearthwood loops",62.83,60.67,"",,62.83,27.58,46.83,-17.64,"Optimal","MaxHr 160bpm. RestHr 60bpm. Cycling Ftp 173w. Weight 76kg."
"2026-09-01","VirtualRide","Zwift - Race: Stage 4 - Makuri Madness - Twilight Crit (D)",55.22,73.98,"",,73.98,28.67,50.44,-19.25,"Optimal","MaxHr 160bpm. RestHr 60bpm. Cycling Ftp 173w. Weight 76kg."
"2026-09-02","VirtualRide","Zwift - Pacer Group Ride with Miguel",26.81,44.82,"",,44.82,29.05,49.69,-21.77,"Optimal","MaxHr 160bpm. RestHr 60bpm. Cycling Ftp 173w. Weight 76kg."
"2026-09-03","","","","","",,"",28.37,43.08,-20.64,"Optimal",""
"2026-09-04","","","","","",,"",27.7,37.34,-14.71,"Optimal",""
"2026-09-05","VirtualRide","Zwift - Race: Herd Summer Racing League",86.59,104.82,"",,104.82,29.52,46.32,-9.64,"Neutral","MaxHr 160bpm. RestHr 60bpm. Cycling Ftp 173w. Weight 76kg."
"2026-09-06","VirtualRide","Zwift - Pacer Group Ride with Miguel",16.22,31.63,"",,31.63,29.57,44.37,-16.81,"Optimal","MaxHr 160bpm. RestHr 60bpm. Cycling Ftp 173w. Weight 76kg."
"2026-09-07","VirtualRide","Zwift - Race: Stage 1 - ZRacing - DURA-ACE - Croissant",53.94,74.35,"",,74.35,30.62,48.36,-14.81,"Optimal","MaxHr 160bpm. RestHr 60bpm. Cycling Ftp 173w. Weight 76kg."
"2026-09-08","Ride","Padden and Hearthwood loops",46.89,57.5,"",,46.89,31,48.16,-17.74,"Optimal","MaxHr 160bpm. RestHr 60bpm. Cycling Ftp 173w. Weight 76kg."
"2026-09-09","VirtualRide","Zwift - Watopia",26.97,44.43,"",,44.43,31.32,47.67,-17.17,"Optimal","MaxHr 160bpm. RestHr 60bpm. Cycling Ftp 173w. Weight 76kg."
"2026-09-10","Ride","Padden and Hearthwood loops",63.23,59.78,"",,63.23,32.07,49.74,-16.35,"Optimal","MaxHr 160bpm. RestHr 60bpm. Cycling Ftp 173w. Weight 76kg."
"2026-09-11","VirtualRide","Zwift - Pacer Group Ride with Miguel",21.35,34.53,"",,34.53,32.13,47.71,-17.67,"Optimal","MaxHr 160bpm. RestHr 60bpm. Cycling Ftp 173w. Weight 76kg."
"2026-09-12","VirtualRide; VirtualRide","Zwift - Pacer Group Ride with Taylor; Zwift - Race: Stage 1 - ZRacing - DURA-ACE - Croissant",61.63,73.57,"",,73.57,33.1,51.16,-15.59,"Optimal","MaxHr 160bpm. RestHr 60bpm. Cycling Ftp 173w. Weight 76kg."
"2026-09-13","VirtualRide","Zwift - Pacer Group Ride with Bernie",33.56,54.25,"",,54.25,33.6,51.57,-18.06,"Optimal","MaxHr 160bpm. RestHr 60bpm. Cycling Ftp 173w. Weight 76kg."
"2026-09-14","VirtualRide","Zwift - Race: Stage 2 - ZRacing - DURA-ACE - Ocean Lava Cliffside Loop (E)",47.11,70.18,"",,70.18,34.46,54.05,-17.97,"Optimal","MaxHr 160bpm. RestHr 60bpm. Cycling Ftp 173w. Weight 76kg."
"2026-09-15","","","","","",,"",33.65,46.85,-19.59,"Optimal",""
"2026-09-16","Ride","Springwater Corridor Trail",151.11,58.53,"",,151.11,36.41,60.73,-13.21,"Optimal","MaxHr 160bpm. RestHr 60bpm. Cycling Ftp 173w. Weight 76kg."
"2026-09-17","VirtualRide","Zwift - Pacer Group Ride with Bernie",13.19,19.81,"",,19.81,36.02,55.28,-24.32,"Optimal","MaxHr 160bpm. RestHr 60bpm. Cycling Ftp 173w. Weight 76kg."
"2026-09-18","","","","","",,"",35.17,47.92,-19.26,"Optimal",""
"2026-09-19","VirtualRide","Zwift - Race: Stage 2 - ZRacing - DURA-ACE - Ocean Lava Cliffside Loop (D)",57.89,70.84,"",,70.84,36.01,50.97,-12.75,"Optimal","MaxHr 160bpm. RestHr 60bpm. Cycling Ftp 173w. Weight 76kg."
"2026-09-20","VirtualRide","Zwift - Pacer Group Ride with Bernie",14.4,19.87,"",,19.87,35.63,46.83,-14.96,"Optimal","MaxHr 160bpm. RestHr 60bpm. Cycling Ftp 173w. Weight 76kg."
"2026-09-21","VirtualRide","Zwift - Pacer Group Ride with Bernie",19.29,27.13,"",,27.13,35.43,44.21,-11.2,"Optimal","MaxHr 160bpm. RestHr 60bpm. Cycling Ftp 173w. Weight 76kg."
"2026-09-22","VirtualRide","Zwift - Race: Stage 3 - ZRacing - DURA-ACE - Electric Break (D)",62.51,75.36,"",,75.36,36.37,48.36,-8.78,"Neutral","MaxHr 160bpm. RestHr 60bpm. Cycling Ftp 173w. Weight 76kg."
"2026-09-23","","","","","",,"",35.52,41.92,-11.99,"Optimal",""
"2026-09-24","VirtualRide; VirtualRide","Zwift - Test workout; Zwift - Pacer Group Ride with Cruz",62.84,81.82,"",,81.82,36.61,47.23,-6.41,"Neutral","MaxHr 160bpm. RestHr 60bpm. Cycling Ftp 173w. Weight 76kg."
"2026-09-25","VirtualRide","Zwift - Pacer Group Ride with Mochi",16.91,24.51,"",,24.51,36.32,44.21,-10.63,"Optimal","MaxHr 160bpm. RestHr 60bpm. Cycling Ftp 173w. Weight 76kg."
"2026-09-26","VirtualRide","Zwift - 90 Z2 65% workout",13.55,19.69,"",,19.69,35.93,40.94,-7.89,"Neutral","MaxHr 160bpm. RestHr 60bpm. Cycling Ftp 173w. Weight 76kg."
"2026-09-27","VirtualRide","Zwift - Race: Stage 3 - ZRacing - DURA-ACE - Electric Break (E)",50.17,82.28,"",,82.28,37.02,46.45,-5.02,"Neutral","MaxHr 160bpm. RestHr 60bpm. Cycling Ftp 173w. Weight 76kg."
"2026-09-28","VirtualRide","Zwift - Pacer Group Ride with Cruz",20.02,28.86,"",,28.86,36.83,44.1,-9.43,"Neutral","MaxHr 160bpm. RestHr 60bpm. Cycling Ftp 173w. Weight 76kg."
"2026-09-29","VirtualRide","Zwift - 90 Z2 65% workout",32.11,47.58,"",,47.58,37.08,44.57,-7.28,"Neutral","MaxHr 160bpm. RestHr 60bpm. Cycling Ftp 173w. Weight 76kg."
"2026-09-30","VirtualRide","Zwift - Bryce's FTP Builder - Threshold",21.9,60.14,"",,60.14,37.63,46.64,-7.49,"Neutral","MaxHr 160bpm. RestHr 60bpm. Cycling Ftp 173w. Weight 76kg."
"2026-10-01","VirtualRide","Zwift - New Workout",17.69,25.75,"",,25.75,37.35,43.86,-9.02,"Neutral","MaxHr 160bpm. RestHr 60bpm. Cycling Ftp 173w. Weight 76kg."
"2026-10-02","Ride; Ride","Morning Ride; Morning Ride",62.42,39.02,"",,62.42,37.94,46.33,-6.52,"Neutral","MaxHr 160bpm. RestHr 60bpm. Cycling Ftp 173w. Weight 76kg."
"2026-10-03","VirtualRide","Zwift - Zone 1 recover ride",21.41,24.42,"",,24.42,37.62,43.41,-8.4,"Neutral","MaxHr 160bpm. RestHr 60bpm. Cycling Ftp 173w. Weight 76kg."
"2026-10-04","VirtualRide","Zwift - Race: Stage 4 - ZRacing - DURA-ACE - Loop de Loop (E)",76.78,95.85,"",,95.85,38.99,50.39,-5.8,"Neutral","MaxHr 160bpm. RestHr 60bpm. Cycling Ftp 173w. Weight 76kg."
"2026-10-05","VirtualRide","Zwift -  Z2 workout",17.14,29.94,"",,29.94,38.77,47.67,-11.41,"Optimal","MaxHr 160bpm. RestHr 60bpm. Cycling Ftp 173w. Weight 76kg."
"2026-10-06","","","","","",,"",37.86,41.32,-8.9,"Neutral",""
"2026-10-07","VirtualRide","Zwift - VO2max 30-15s x13 x3 (120%)",35.77,66.54,"",,66.54,38.54,44.68,-3.47,"Neutral","MaxHr 160bpm. RestHr 60bpm. Cycling Ftp 173w. Weight 76kg."
"2026-10-08","","","","","",,"",37.63,38.73,-6.15,"Neutral",""
"2026-10-09","","","","","",,"",36.74,33.58,-1.11,"Neutral",""
"2026-10-10","","","","","",,"",35.88,29.11,3.16,"Neutral",""
"2026-10-11","","","","","",,"",35.04,25.23,6.77,"Freshness",""
"2026-10-12","","","","","",,"",34.21,21.87,9.8,"Freshness",""
"2026-10-13","","","","","",,"",33.41,18.96,12.34,"Freshness",""
"2026-10-14","","","","","",,"",32.62,16.43,14.44,"Freshness",""
"2026-10-15","","","","","",,"",31.85,14.25,16.18,"Freshness",""
"2026-10-16","","","","","",,"",31.1,12.35,17.6,"Freshness",""
"2026-10-17","","","","","",,"",30.37,10.7,18.75,"Freshness",""
"2026-10-18","","","","","",,"",29.66,9.28,19.66,"Freshness",""
"2026-10-19","","","","","",,"",28.96,8.04,20.37,"Freshness",""
"2026-10-20","","","","","",,"",28.28,6.97,20.91,"Freshness",""
"2026-10-21","","","","","",,"",27.61,6.04,21.3,"Freshness",""
"2026-10-22","","","","","",,"",26.96,5.24,21.56,"Freshness",""
"2026-10-23","","","","","",,"",26.33,4.54,21.72,"Freshness",""